会社ID,会社名,地域,都道府県,本社所在地,営業エリア,戸建て取扱,収益不動産取扱,その他取扱物件,問い合わせフォーム,公式URL,問い合わせURL,サービスURL,電話番号,特徴・強み,根拠URL,確認日,確認状態,優先度,備考,事業者区分,公開メールアドレス,公式サイト確信度,公式サイトスコア,物上げ適性スコア,物上げ適性シグナル
RE-MLIT-34-00000279,まるべに不動産株式会社,中国・四国,広島県,要確認,広島県,要確認,要確認,要確認,要確認,要確認,要確認,要確認,要確認,国土交通省の企業情報検索システムで宅地建物取引業者登録を確認,https://etsuran2.mlit.go.jp/TAKKEN/takkenKensaku.do?CMD=selectPage&caller=TK&choice=1&rdoSelect=1&rdoSelectJoken=1&rdoSelectSort=1&sortValue=1&dispCount=50&licenseNoKbn=34&pageCount=1&pageListNo1=1&pageListNo2=1,2026-08-16,公的登録確認・公式サイト要確認,B,免許行政庁: 広島県; 免許番号: 第000279号; 自動追加日: 2026-08-16,宅地建物取引業者,,,,,
RE-MLIT-34-00000306,大蔵商事株式会社,中国・四国,広島県,要確認,広島県,要確認,要確認,要確認,要確認,要確認,要確認,要確認,要確認,国土交通省の企業情報検索システムで宅地建物取引業者登録を確認,https://etsuran2.mlit.go.jp/TAKKEN/takkenKensaku.do?CMD=selectPage&caller=TK&choice=1&rdoSelect=1&rdoSelectJoken=1&rdoSelectSort=1&sortValue=1&dispCount=50&licenseNoKbn=34&pageCount=1&pageListNo1=1&pageListNo2=1,2026-08-16,公的登録確認・公式サイト要確認,B,免許行政庁: 広島県; 免許番号: 第000306号; 自動追加日: 2026-08-16,宅地建物取引業者,,,,,
RE-MLIT-34-00000144,広商事株式会社,中国・四国,広島県,要確認,広島県,要確認,要確認,要確認,要確認,要確認,要確認,要確認,要確認,国土交通省の企業情報検索システムで宅地建物取引業者登録を確認,https://etsuran2.mlit.go.jp/TAKKEN/takkenKensaku.do?CMD=selectPage&caller=TK&choice=1&rdoSelect=1&rdoSelectJoken=1&rdoSelectSort=1&sortValue=1&dispCount=50&licenseNoKbn=34&pageCount=1&pageListNo1=1&pageListNo2=1,2026-08-16,公的登録確認・公式サイト要確認,B,免許行政庁: 広島県; 免許番号: 第000144号; 自動追加日: 2026-08-16,宅地建物取引業者,,,,,
RE-MLIT-34-00000499,広島総合開発株式会社,中国・四国,広島県,要確認,広島県,要確認,要確認,要確認,要確認,要確認,要確認,要確認,要確認,国土交通省の企業情報検索システムで宅地建物取引業者登録を確認,https://etsuran2.mlit.go.jp/TAKKEN/takkenKensaku.do?CMD=selectPage&caller=TK&choice=1&rdoSelect=1&rdoSelectJoken=1&rdoSelectSort=1&sortValue=1&dispCount=50&licenseNoKbn=34&pageCount=1&pageListNo1=1&pageListNo2=1,2026-08-16,公的登録確認・公式サイト要確認,B,免許行政庁: 広島県; 免許番号: 第000499号; 自動追加日: 2026-08-16,宅地建物取引業者,,,,,
RE-MLIT-34-00000073,新日本住建株式会社,中国・四国,広島県,要確認,広島県,要確認,要確認,要確認,要確認,要確認,要確認,要確認,要確認,国土交通省の企業情報検索システムで宅地建物取引業者登録を確認,https://etsuran2.mlit.go.jp/TAKKEN/takkenKensaku.do?CMD=selectPage&caller=TK&choice=1&rdoSelect=1&rdoSelectJoken=1&rdoSelectSort=1&sortValue=1&dispCount=50&licenseNoKbn=34&pageCount=1&pageListNo1=1&pageListNo2=1,2026-08-16,公的登録確認・公式サイト要確認,B,免許行政庁: 広島県; 免許番号: 第000073号; 自動追加日: 2026-08-16,宅地建物取引業者,,,,,
RE-MLIT-34-00000050,東亜林業株式会社,中国・四国,広島県,要確認,広島県,要確認,要確認,要確認,要確認,要確認,要確認,要確認,要確認,国土交通省の企業情報検索システムで宅地建物取引業者登録を確認,https://etsuran2.mlit.go.jp/TAKKEN/takkenKensaku.do?CMD=selectPage&caller=TK&choice=1&rdoSelect=1&rdoSelectJoken=1&rdoSelectSort=1&sortValue=1&dispCount=50&licenseNoKbn=34&pageCount=1&pageListNo1=1&pageListNo2=1,2026-08-16,公的登録確認・公式サイト要確認,B,免許行政庁: 広島県; 免許番号: 第000050号; 自動追加日: 2026-08-16,宅地建物取引業者,,,,,
RE-MLIT-34-00000028,株式会社小林秀商店,中国・四国,広島県,要確認,広島県,要確認,要確認,要確認,要確認,要確認,要確認,要確認,要確認,国土交通省の企業情報検索システムで宅地建物取引業者登録を確認,https://etsuran2.mlit.go.jp/TAKKEN/takkenKensaku.do?CMD=selectPage&caller=TK&choice=1&rdoSelect=1&rdoSelectJoken=1&rdoSelectSort=1&sortValue=1&dispCount=50&licenseNoKbn=34&pageCount=1&pageListNo1=1&pageListNo2=1,2026-08-16,公的登録確認・公式サイト要確認,B,免許行政庁: 広島県; 免許番号: 第000028号; 自動追加日: 2026-08-16,宅地建物取引業者,,,,,
RE-MLIT-34-00000014,株式会社弘億開発,中国・四国,広島県,要確認,広島県,要確認,要確認,要確認,要確認,要確認,要確認,要確認,要確認,国土交通省の企業情報検索システムで宅地建物取引業者登録を確認,https://etsuran2.mlit.go.jp/TAKKEN/takkenKensaku.do?CMD=selectPage&caller=TK&choice=1&rdoSelect=1&rdoSelectJoken=1&rdoSelectSort=1&sortValue=1&dispCount=50&licenseNoKbn=34&pageCount=1&pageListNo1=1&pageListNo2=1,2026-08-16,公的登録確認・公式サイト要確認,B,免許行政庁: 広島県; 免許番号: 第000014号; 自動追加日: 2026-08-16,宅地建物取引業者,,,,,
RE-MLIT-34-00000462,株式会社有正不動産 ※,中国・四国,広島県,要確認,広島県,要確認,要確認,要確認,要確認,要確認,要確認,要確認,要確認,国土交通省の企業情報検索システムで宅地建物取引業者登録を確認,https://etsuran2.mlit.go.jp/TAKKEN/takkenKensaku.do?CMD=selectPage&caller=TK&choice=1&rdoSelect=1&rdoSelectJoken=1&rdoSelectSort=1&sortValue=1&dispCount=50&licenseNoKbn=34&pageCount=1&pageListNo1=1&pageListNo2=1,2026-08-16,公的登録確認・公式サイト要確認,B,免許行政庁: 広島県; 免許番号: 第000462号; 自動追加日: 2026-08-16,宅地建物取引業者,,,,,
RE-MLIT-34-00000134,青山建設株式会社,中国・四国,広島県,要確認,広島県,要確認,要確認,要確認,要確認,要確認,要確認,要確認,要確認,国土交通省の企業情報検索システムで宅地建物取引業者登録を確認,https://etsuran2.mlit.go.jp/TAKKEN/takkenKensaku.do?CMD=selectPage&caller=TK&choice=1&rdoSelect=1&rdoSelectJoken=1&rdoSelectSort=1&sortValue=1&dispCount=50&licenseNoKbn=34&pageCount=1&pageListNo1=1&pageListNo2=1,2026-08-16,公的登録確認・公式サイト要確認,B,免許行政庁: 広島県; 免許番号: 第000134号; 自動追加日: 2026-08-16,宅地建物取引業者,,,,,
RE-0013,株式会社穴吹ハウジングサービス,中国・四国,香川県,香川県高松市,中国・四国・関西・九州・関東ほか,あり,あり,マンション管理・土地売買・戸建賃貸・資産活用,あり,https://www.anabuki-housing.co.jp/,https://www.anabuki-housing.co.jp/contact/form/?contact_type_group_cd=f,https://www.anabuki-housing.co.jp/service/for_asset-management/,0800-500-5505,管理・資産活用・不動産売買をグループネットワークで支援,https://www.anabuki-housing.co.jp/service/for_asset-management/ | https://www.anabuki-housing.co.jp/contact/form/?contact_type_group_cd=f,2026-07-15,確認済み,B,2026年1月にフォーム不具合告知があったため送信可否を定期確認,,,,,,
RE-MLIT-23-00000009,ロイヤル商事有限会社,中部,愛知県,要確認,愛知県,要確認,要確認,土地・事業用,要確認,https://kaisharesearch.com/company/detail/3180002033548/,要確認,https://kaisharesearch.com/company/detail/3180002033548/,要確認,公式サイト自動確認（確信度中・75点）,https://etsuran2.mlit.go.jp/TAKKEN/takkenKensaku.do?CMD=selectPage&caller=TK&choice=1&rdoSelect=1&rdoSelectJoken=1&rdoSelectSort=1&sortValue=1&dispCount=50&licenseNoKbn=23&pageCount=1&pageListNo1=1&pageListNo2=1 | https://kaisharesearch.com/company/detail/3180002033548/,2026-08-17,一部自動確認,C,免許行政庁: 愛知県; 免許番号: 第000009号; 自動追加日: 2026-08-11; 公式サイト自動確認日: 2026-08-17,宅地建物取引業者,要確認,中,75,0,
RE-MLIT-23-00000099,丸星商事有限会社,中部,愛知県,要確認,愛知県,要確認,要確認,要確認,要確認,要確認,要確認,要確認,要確認,国土交通省の企業情報検索システムで宅地建物取引業者登録を確認,https://etsuran2.mlit.go.jp/TAKKEN/takkenKensaku.do?CMD=selectPage&caller=TK&choice=1&rdoSelect=1&rdoSelectJoken=1&rdoSelectSort=1&sortValue=1&dispCount=50&licenseNoKbn=23&pageCount=1&pageListNo1=1&pageListNo2=1,2026-08-11,公的登録確認・公式サイト要確認,B,免許行政庁: 愛知県; 免許番号: 第000099号; 自動追加日: 2026-08-11,宅地建物取引業者,,,,,
RE-MLIT-23-00000828,大和商事株式会社,中部,愛知県,要確認,愛知県,要確認,要確認,要確認,要確認,要確認,要確認,要確認,要確認,国土交通省の企業情報検索システムで宅地建物取引業者登録を確認,https://etsuran2.mlit.go.jp/TAKKEN/takkenKensaku.do?CMD=selectPage&caller=TK&choice=1&rdoSelect=1&rdoSelectJoken=1&rdoSelectSort=1&sortValue=1&dispCount=50&licenseNoKbn=23&pageCount=1&pageListNo1=1&pageListNo2=1,2026-08-11,公的登録確認・公式サイト要確認,B,免許行政庁: 愛知県; 免許番号: 第000828号; 自動追加日: 2026-08-11,宅地建物取引業者,,,,,
RE-MLIT-23-00000819,小田井不動産株式会社,中部,愛知県,要確認,愛知県,要確認,要確認,要確認,要確認,要確認,要確認,要確認,要確認,国土交通省の企業情報検索システムで宅地建物取引業者登録を確認,https://etsuran2.mlit.go.jp/TAKKEN/takkenKensaku.do?CMD=selectPage&caller=TK&choice=1&rdoSelect=1&rdoSelectJoken=1&rdoSelectSort=1&sortValue=1&dispCount=50&licenseNoKbn=23&pageCount=1&pageListNo1=1&pageListNo2=1,2026-08-11,公的登録確認・公式サイト要確認,B,免許行政庁: 愛知県; 免許番号: 第000819号; 自動追加日: 2026-08-11,宅地建物取引業者,,,,,
RE-MLIT-23-00000129,岡谷不動産株式会社,中部,愛知県,要確認,愛知県,要確認,要確認,要確認,要確認,要確認,要確認,要確認,要確認,国土交通省の企業情報検索システムで宅地建物取引業者登録を確認,https://etsuran2.mlit.go.jp/TAKKEN/takkenKensaku.do?CMD=selectPage&caller=TK&choice=1&rdoSelect=1&rdoSelectJoken=1&rdoSelectSort=1&sortValue=1&dispCount=50&licenseNoKbn=23&pageCount=1&pageListNo1=1&pageListNo2=1,2026-08-11,公的登録確認・公式サイト要確認,B,免許行政庁: 愛知県; 免許番号: 第000129号; 自動追加日: 2026-08-11,宅地建物取引業者,,,,,
RE-MLIT-23-00000182,東晃商事合資会社,中部,愛知県,要確認,愛知県,要確認,要確認,要確認,要確認,要確認,要確認,要確認,要確認,国土交通省の企業情報検索システムで宅地建物取引業者登録を確認,https://etsuran2.mlit.go.jp/TAKKEN/takkenKensaku.do?CMD=selectPage&caller=TK&choice=1&rdoSelect=1&rdoSelectJoken=1&rdoSelectSort=1&sortValue=1&dispCount=50&licenseNoKbn=23&pageCount=1&pageListNo1=1&pageListNo2=1,2026-08-11,公的登録確認・公式サイト要確認,B,免許行政庁: 愛知県; 免許番号: 第000182号; 自動追加日: 2026-08-11,宅地建物取引業者,,,,,
RE-MLIT-23-00000598,東邦ガス不動産開発株式会社,中部,愛知県,要確認,愛知県,要確認,要確認,要確認,要確認,要確認,要確認,要確認,要確認,国土交通省の企業情報検索システムで宅地建物取引業者登録を確認,https://etsuran2.mlit.go.jp/TAKKEN/takkenKensaku.do?CMD=selectPage&caller=TK&choice=1&rdoSelect=1&rdoSelectJoken=1&rdoSelectSort=1&sortValue=1&dispCount=50&licenseNoKbn=23&pageCount=1&pageListNo1=1&pageListNo2=1,2026-08-11,公的登録確認・公式サイト要確認,B,免許行政庁: 愛知県; 免許番号: 第000598号; 自動追加日: 2026-08-11,宅地建物取引業者,,,,,
RE-MLIT-23-00000328,株式会社三栄商会,中部,愛知県,要確認,愛知県,要確認,要確認,要確認,要確認,要確認,要確認,要確認,要確認,国土交通省の企業情報検索システムで宅地建物取引業者登録を確認,https://etsuran2.mlit.go.jp/TAKKEN/takkenKensaku.do?CMD=selectPage&caller=TK&choice=1&rdoSelect=1&rdoSelectJoken=1&rdoSelectSort=1&sortValue=1&dispCount=50&licenseNoKbn=23&pageCount=1&pageListNo1=1&pageListNo2=1,2026-08-11,公的登録確認・公式サイト要確認,B,免許行政庁: 愛知県; 免許番号: 第000328号; 自動追加日: 2026-08-11,宅地建物取引業者,,,,,
RE-MLIT-23-00000088,株式会社中京不動産,中部,愛知県,要確認,愛知県,要確認,要確認,要確認,要確認,要確認,要確認,要確認,要確認,国土交通省の企業情報検索システムで宅地建物取引業者登録を確認,https://etsuran2.mlit.go.jp/TAKKEN/takkenKensaku.do?CMD=selectPage&caller=TK&choice=1&rdoSelect=1&rdoSelectJoken=1&rdoSelectSort=1&sortValue=1&dispCount=50&licenseNoKbn=23&pageCount=1&pageListNo1=1&pageListNo2=1,2026-08-11,公的登録確認・公式サイト要確認,B,免許行政庁: 愛知県; 免許番号: 第000088号; 自動追加日: 2026-08-11,宅地建物取引業者,,,,,
RE-MLIT-23-00000741,株式会社泉不動産,中部,愛知県,要確認,愛知県,要確認,要確認,要確認,要確認,要確認,要確認,要確認,要確認,国土交通省の企業情報検索システムで宅地建物取引業者登録を確認,https://etsuran2.mlit.go.jp/TAKKEN/takkenKensaku.do?CMD=selectPage&caller=TK&choice=1&rdoSelect=1&rdoSelectJoken=1&rdoSelectSort=1&sortValue=1&dispCount=50&licenseNoKbn=23&pageCount=1&pageListNo1=1&pageListNo2=1,2026-08-11,公的登録確認・公式サイト要確認,B,免許行政庁: 愛知県; 免許番号: 第000741号; 自動追加日: 2026-08-11,宅地建物取引業者,,,,,
RE-MLIT-47-00000289,前田商事,九州・沖縄,沖縄県,要確認,沖縄県,要確認,要確認,要確認,要確認,要確認,要確認,要確認,要確認,国土交通省の企業情報検索システムで宅地建物取引業者登録を確認,https://etsuran2.mlit.go.jp/TAKKEN/takkenKensaku.do?CMD=selectPage&caller=TK&choice=1&rdoSelect=1&rdoSelectJoken=1&rdoSelectSort=1&sortValue=1&dispCount=50&licenseNoKbn=47&pageCount=1&pageListNo1=1&pageListNo2=1,2026-08-17,公的登録確認・公式サイト要確認,B,免許行政庁: 沖縄県; 免許番号: 第000289号; 自動追加日: 2026-08-17,宅地建物取引業者,,,,,
RE-MLIT-47-00000374,合名会社 総合センター,九州・沖縄,沖縄県,要確認,沖縄県,要確認,要確認,要確認,要確認,要確認,要確認,要確認,要確認,国土交通省の企業情報検索システムで宅地建物取引業者登録を確認,https://etsuran2.mlit.go.jp/TAKKEN/takkenKensaku.do?CMD=selectPage&caller=TK&choice=1&rdoSelect=1&rdoSelectJoken=1&rdoSelectSort=1&sortValue=1&dispCount=50&licenseNoKbn=47&pageCount=1&pageListNo1=1&pageListNo2=1,2026-08-17,公的登録確認・公式サイト要確認,B,免許行政庁: 沖縄県; 免許番号: 第000374号; 自動追加日: 2026-08-17,宅地建物取引業者,,,,,
RE-MLIT-47-00000275,合資会社たばた商事,九州・沖縄,沖縄県,要確認,沖縄県,要確認,要確認,要確認,要確認,要確認,要確認,要確認,要確認,国土交通省の企業情報検索システムで宅地建物取引業者登録を確認,https://etsuran2.mlit.go.jp/TAKKEN/takkenKensaku.do?CMD=selectPage&caller=TK&choice=1&rdoSelect=1&rdoSelectJoken=1&rdoSelectSort=1&sortValue=1&dispCount=50&licenseNoKbn=47&pageCount=1&pageListNo1=1&pageListNo2=1,2026-08-17,公的登録確認・公式サイト要確認,B,免許行政庁: 沖縄県; 免許番号: 第000275号; 自動追加日: 2026-08-17,宅地建物取引業者,,,,,
RE-MLIT-47-00000217,安田住宅 株式会社,九州・沖縄,沖縄県,要確認,沖縄県,要確認,要確認,要確認,要確認,要確認,要確認,要確認,要確認,国土交通省の企業情報検索システムで宅地建物取引業者登録を確認,https://etsuran2.mlit.go.jp/TAKKEN/takkenKensaku.do?CMD=selectPage&caller=TK&choice=1&rdoSelect=1&rdoSelectJoken=1&rdoSelectSort=1&sortValue=1&dispCount=50&licenseNoKbn=47&pageCount=1&pageListNo1=1&pageListNo2=1,2026-08-17,公的登録確認・公式サイト要確認,B,免許行政庁: 沖縄県; 免許番号: 第000217号; 自動追加日: 2026-08-17,宅地建物取引業者,,,,,
RE-MLIT-47-00000273,新拓不動産,九州・沖縄,沖縄県,要確認,沖縄県,要確認,要確認,要確認,要確認,要確認,要確認,要確認,要確認,国土交通省の企業情報検索システムで宅地建物取引業者登録を確認,https://etsuran2.mlit.go.jp/TAKKEN/takkenKensaku.do?CMD=selectPage&caller=TK&choice=1&rdoSelect=1&rdoSelectJoken=1&rdoSelectSort=1&sortValue=1&dispCount=50&licenseNoKbn=47&pageCount=1&pageListNo1=1&pageListNo2=1,2026-08-17,公的登録確認・公式サイト要確認,B,免許行政庁: 沖縄県; 免許番号: 第000273号; 自動追加日: 2026-08-17,宅地建物取引業者,,,,,
RE-MLIT-47-00000122,有限会社 南西リアルティ,九州・沖縄,沖縄県,要確認,沖縄県,要確認,要確認,要確認,要確認,要確認,要確認,要確認,要確認,国土交通省の企業情報検索システムで宅地建物取引業者登録を確認,https://etsuran2.mlit.go.jp/TAKKEN/takkenKensaku.do?CMD=selectPage&caller=TK&choice=1&rdoSelect=1&rdoSelectJoken=1&rdoSelectSort=1&sortValue=1&dispCount=50&licenseNoKbn=47&pageCount=1&pageListNo1=1&pageListNo2=1,2026-08-17,公的登録確認・公式サイト要確認,B,免許行政庁: 沖縄県; 免許番号: 第000122号; 自動追加日: 2026-08-17,宅地建物取引業者,,,,,
RE-MLIT-47-00000199,株式会社 スリーハート,九州・沖縄,沖縄県,要確認,沖縄県,要確認,要確認,要確認,要確認,要確認,要確認,要確認,要確認,国土交通省の企業情報検索システムで宅地建物取引業者登録を確認,https://etsuran2.mlit.go.jp/TAKKEN/takkenKensaku.do?CMD=selectPage&caller=TK&choice=1&rdoSelect=1&rdoSelectJoken=1&rdoSelectSort=1&sortValue=1&dispCount=50&licenseNoKbn=47&pageCount=1&pageListNo1=1&pageListNo2=1,2026-08-17,公的登録確認・公式サイト要確認,B,免許行政庁: 沖縄県; 免許番号: 第000199号; 自動追加日: 2026-08-17,宅地建物取引業者,,,,,
RE-MLIT-47-00000221,株式会社 千代正不動産,九州・沖縄,沖縄県,要確認,沖縄県,要確認,要確認,要確認,要確認,要確認,要確認,要確認,要確認,国土交通省の企業情報検索システムで宅地建物取引業者登録を確認,https://etsuran2.mlit.go.jp/TAKKEN/takkenKensaku.do?CMD=selectPage&caller=TK&choice=1&rdoSelect=1&rdoSelectJoken=1&rdoSelectSort=1&sortValue=1&dispCount=50&licenseNoKbn=47&pageCount=1&pageListNo1=1&pageListNo2=1,2026-08-17,公的登録確認・公式サイト要確認,B,免許行政庁: 沖縄県; 免許番号: 第000221号; 自動追加日: 2026-08-17,宅地建物取引業者,,,,,
RE-MLIT-47-00000244,株式会社 國場組,九州・沖縄,沖縄県,要確認,沖縄県,要確認,要確認,要確認,要確認,要確認,要確認,要確認,要確認,国土交通省の企業情報検索システムで宅地建物取引業者登録を確認,https://etsuran2.mlit.go.jp/TAKKEN/takkenKensaku.do?CMD=selectPage&caller=TK&choice=1&rdoSelect=1&rdoSelectJoken=1&rdoSelectSort=1&sortValue=1&dispCount=50&licenseNoKbn=47&pageCount=1&pageListNo1=1&pageListNo2=1,2026-08-17,公的登録確認・公式サイト要確認,B,免許行政庁: 沖縄県; 免許番号: 第000244号; 自動追加日: 2026-08-17,宅地建物取引業者,,,,,
RE-MLIT-47-00000078,沖縄協栄産業 株式会社,九州・沖縄,沖縄県,要確認,沖縄県,要確認,要確認,要確認,要確認,要確認,要確認,要確認,要確認,国土交通省の企業情報検索システムで宅地建物取引業者登録を確認,https://etsuran2.mlit.go.jp/TAKKEN/takkenKensaku.do?CMD=selectPage&caller=TK&choice=1&rdoSelect=1&rdoSelectJoken=1&rdoSelectSort=1&sortValue=1&dispCount=50&licenseNoKbn=47&pageCount=1&pageListNo1=1&pageListNo2=1,2026-08-17,公的登録確認・公式サイト要確認,B,免許行政庁: 沖縄県; 免許番号: 第000078号; 自動追加日: 2026-08-17,宅地建物取引業者,,,,,
RE-0016,GLC株式会社,九州・沖縄,福岡県,福岡県福岡市博多区,東京・福岡・熊本・沖縄,なし,あり,一棟賃貸マンション・土地活用・賃貸管理,あり,https://goodlife-c.jp/,https://www.goodlife-c.jp/contact/investment/,https://goodlife-c.jp/sales/category/fukuoka/,092-471-4123,一棟賃貸マンションの開発・運用・売却を一体支援,https://goodlife-c.jp/index.php | https://www.goodlife-c.jp/contact/investment/ | https://goodlife-c.jp/sales/category/fukuoka/,2026-07-15,確認済み,A,戸建て仲介ではなく収益マンション特化として分類,,,,,,
RE-MLIT-40-00001133,中央不動産株式会社,九州・沖縄,福岡県,要確認,福岡県,要確認,要確認,要確認,要確認,要確認,要確認,要確認,要確認,国土交通省の企業情報検索システムで宅地建物取引業者登録を確認,https://etsuran2.mlit.go.jp/TAKKEN/takkenKensaku.do?CMD=selectPage&caller=TK&choice=1&rdoSelect=1&rdoSelectJoken=1&rdoSelectSort=1&sortValue=1&dispCount=50&licenseNoKbn=40&pageCount=1&pageListNo1=1&pageListNo2=1,2026-08-13,公的登録確認・公式サイト要確認,B,免許行政庁: 福岡県; 免許番号: 第001133号; 自動追加日: 2026-08-13,宅地建物取引業者,,,,,
RE-MLIT-40-00000999,千代田土地株式会社,九州・沖縄,福岡県,要確認,福岡県,要確認,要確認,要確認,要確認,要確認,要確認,要確認,要確認,国土交通省の企業情報検索システムで宅地建物取引業者登録を確認,https://etsuran2.mlit.go.jp/TAKKEN/takkenKensaku.do?CMD=selectPage&caller=TK&choice=1&rdoSelect=1&rdoSelectJoken=1&rdoSelectSort=1&sortValue=1&dispCount=50&licenseNoKbn=40&pageCount=1&pageListNo1=1&pageListNo2=1,2026-08-13,公的登録確認・公式サイト要確認,B,免許行政庁: 福岡県; 免許番号: 第000999号; 自動追加日: 2026-08-13,宅地建物取引業者,,,,,
RE-MLIT-40-00000672,協和商事株式会社,九州・沖縄,福岡県,要確認,福岡県,要確認,要確認,要確認,要確認,要確認,要確認,要確認,要確認,国土交通省の企業情報検索システムで宅地建物取引業者登録を確認,https://etsuran2.mlit.go.jp/TAKKEN/takkenKensaku.do?CMD=selectPage&caller=TK&choice=1&rdoSelect=1&rdoSelectJoken=1&rdoSelectSort=1&sortValue=1&dispCount=50&licenseNoKbn=40&pageCount=1&pageListNo1=1&pageListNo2=1,2026-08-13,公的登録確認・公式サイト要確認,B,免許行政庁: 福岡県; 免許番号: 第000672号; 自動追加日: 2026-08-13,宅地建物取引業者,,,,,
RE-MLIT-40-00000309,博多港開発株式会社 ※,九州・沖縄,福岡県,要確認,福岡県,要確認,要確認,要確認,要確認,要確認,要確認,要確認,要確認,国土交通省の企業情報検索システムで宅地建物取引業者登録を確認,https://etsuran2.mlit.go.jp/TAKKEN/takkenKensaku.do?CMD=selectPage&caller=TK&choice=1&rdoSelect=1&rdoSelectJoken=1&rdoSelectSort=1&sortValue=1&dispCount=50&licenseNoKbn=40&pageCount=1&pageListNo1=1&pageListNo2=1,2026-08-13,公的登録確認・公式サイト要確認,B,免許行政庁: 福岡県; 免許番号: 第000309号; 自動追加日: 2026-08-13,宅地建物取引業者,,,,,
RE-MLIT-40-00001053,太陽地所株式会社,九州・沖縄,福岡県,要確認,福岡県,要確認,要確認,要確認,要確認,要確認,要確認,要確認,要確認,国土交通省の企業情報検索システムで宅地建物取引業者登録を確認,https://etsuran2.mlit.go.jp/TAKKEN/takkenKensaku.do?CMD=selectPage&caller=TK&choice=1&rdoSelect=1&rdoSelectJoken=1&rdoSelectSort=1&sortValue=1&dispCount=50&licenseNoKbn=40&pageCount=1&pageListNo1=1&pageListNo2=1,2026-08-13,公的登録確認・公式サイト要確認,B,免許行政庁: 福岡県; 免許番号: 第001053号; 自動追加日: 2026-08-13,宅地建物取引業者,,,,,
RE-MLIT-40-00000601,有限会社祝産業 ※,九州・沖縄,福岡県,要確認,福岡県,要確認,要確認,要確認,要確認,要確認,要確認,要確認,要確認,国土交通省の企業情報検索システムで宅地建物取引業者登録を確認,https://etsuran2.mlit.go.jp/TAKKEN/takkenKensaku.do?CMD=selectPage&caller=TK&choice=1&rdoSelect=1&rdoSelectJoken=1&rdoSelectSort=1&sortValue=1&dispCount=50&licenseNoKbn=40&pageCount=1&pageListNo1=1&pageListNo2=1,2026-08-13,公的登録確認・公式サイト要確認,B,免許行政庁: 福岡県; 免許番号: 第000601号; 自動追加日: 2026-08-13,宅地建物取引業者,,,,,
RE-0015,株式会社三好不動産,九州・沖縄,福岡県,福岡県福岡市中央区,福岡中心・首都圏,あり,あり,一棟賃貸・分譲マンション・土地・賃貸管理・相続,あり,https://www.miyoshi.co.jp/,https://www.miyoshi.co.jp/contact/,https://www.miyoshi.co.jp/company/bases/,0120-78-1000,福岡で一棟・分譲マンション・戸建ての資産管理窓口を展開,https://www.miyoshi.co.jp/company/bases/ | https://www.miyoshi.co.jp/enterprises/management/rental/rent_house/,2026-07-15,確認済み,A,投資物件の売買メニューは部署別に追加調査,,,,,,
RE-MLIT-40-00000803,株式会社芳賀,九州・沖縄,福岡県,要確認,福岡県,要確認,要確認,要確認,要確認,要確認,要確認,要確認,要確認,国土交通省の企業情報検索システムで宅地建物取引業者登録を確認,https://etsuran2.mlit.go.jp/TAKKEN/takkenKensaku.do?CMD=selectPage&caller=TK&choice=1&rdoSelect=1&rdoSelectJoken=1&rdoSelectSort=1&sortValue=1&dispCount=50&licenseNoKbn=40&pageCount=1&pageListNo1=1&pageListNo2=1,2026-08-13,公的登録確認・公式サイト要確認,B,免許行政庁: 福岡県; 免許番号: 第000803号; 自動追加日: 2026-08-13,宅地建物取引業者,,,,,
RE-MLIT-40-00000090,株式会社藤本建設,九州・沖縄,福岡県,要確認,福岡県,要確認,要確認,要確認,あり,https://data-link-plus.com/jp/corporation/8290801010500,https://data-link-plus.com/jp/inquiry-form,https://data-link-plus.com/jp/corporation/8290801010500,093-691-2872,公式サイト自動確認（確信度高・95点）。問い合わせ導線あり。物上げ適性C（5点: 問い合わせ導線）,https://etsuran2.mlit.go.jp/TAKKEN/takkenKensaku.do?CMD=selectPage&caller=TK&choice=1&rdoSelect=1&rdoSelectJoken=1&rdoSelectSort=1&sortValue=1&dispCount=50&licenseNoKbn=40&pageCount=1&pageListNo1=1&pageListNo2=1 | https://data-link-plus.com/jp/corporation/8290801010500 | https://data-link-plus.com/jp/inquiry-form,2026-08-19,自動確認済み,C,免許行政庁: 福岡県; 免許番号: 第000090号; 自動追加日: 2026-08-13; 公式サイト自動確認日: 2026-08-19,宅地建物取引業者,要確認,高,95,5,問い合わせ導線
RE-MLIT-40-00000098,西日本住宅株式会社,九州・沖縄,福岡県,要確認,福岡県,要確認,要確認,土地・賃貸管理,あり,https://nishinihonjyutaku.jimdofree.com/%E4%BC%9A%E7%A4%BE%E6%A1%88%E5%86%85/%E4%BC%9A%E7%A4%BE%E6%A6%82%E8%A6%81/,https://nishinihonjyutaku.jimdofree.com/%E3%81%8A%E5%95%8F%E3%81%84%E5%90%88%E3%82%8F%E3%81%9B/,https://nishinihonjyutaku.jimdofree.com/%E4%BC%9A%E7%A4%BE%E6%A1%88%E5%86%85/%E4%BC%9A%E7%A4%BE%E6%A6%82%E8%A6%81/,092-741-5725,公式サイト自動確認（確信度高・85点）。問い合わせ導線あり。物上げ適性C（20点: 売主・オーナー直結・問い合わせ導線）,https://etsuran2.mlit.go.jp/TAKKEN/takkenKensaku.do?CMD=selectPage&caller=TK&choice=1&rdoSelect=1&rdoSelectJoken=1&rdoSelectSort=1&sortValue=1&dispCount=50&licenseNoKbn=40&pageCount=1&pageListNo1=1&pageListNo2=1 | https://nishinihonjyutaku.jimdofree.com/%E4%BC%9A%E7%A4%BE%E6%A1%88%E5%86%85/%E4%BC%9A%E7%A4%BE%E6%A6%82%E8%A6%81/ | https://nishinihonjyutaku.jimdofree.com/%E3%81%8A%E5%95%8F%E3%81%84%E5%90%88%E3%82%8F%E3%81%9B/,2026-08-19,自動確認済み,C,免許行政庁: 福岡県; 免許番号: 第000098号; 自動追加日: 2026-08-13; 公式サイト自動確認日: 2026-08-19,宅地建物取引業者,要確認,高,85,20,売主・オーナー直結・問い合わせ導線
RE-MLIT-40-00000708,親和産業株式会社,九州・沖縄,福岡県,要確認,福岡県,要確認,要確認,要確認,要確認,要確認,要確認,要確認,要確認,国土交通省の企業情報検索システムで宅地建物取引業者登録を確認,https://etsuran2.mlit.go.jp/TAKKEN/takkenKensaku.do?CMD=selectPage&caller=TK&choice=1&rdoSelect=1&rdoSelectJoken=1&rdoSelectSort=1&sortValue=1&dispCount=50&licenseNoKbn=40&pageCount=1&pageListNo1=1&pageListNo2=1,2026-08-13,公的登録確認・公式サイト要確認,B,免許行政庁: 福岡県; 免許番号: 第000708号; 自動追加日: 2026-08-13,宅地建物取引業者,,,,,
RE-0017,株式会社ハウスドゥ・ジャパン,全国,京都府,京都府京都市中京区,全国,あり,要確認,マンション・土地・事業用・買取・リースバック,あり,https://www.housedo.com/,https://www.housedo.com/contact/,https://www.housedo.com/house/,要確認,全国店舗網と戸建て売買・買取サービス,https://www.housedo.com/,2026-07-15,一部確認,B,収益不動産の取扱は店舗単位で追加確認,,,,,,
RE-MLIT-00-00000035,ホンダ開発株式会社,全国,全国,要確認,全国,要確認,要確認,要確認,要確認,要確認,要確認,要確認,要確認,国土交通省の企業情報検索システムで宅地建物取引業者登録を確認,https://etsuran2.mlit.go.jp/TAKKEN/takkenKensaku.do?CMD=selectPage&caller=TK&choice=1&rdoSelect=1&rdoSelectJoken=1&rdoSelectSort=1&sortValue=1&dispCount=50&licenseNoKbn=00&pageCount=1&pageListNo1=1&pageListNo2=1,2026-08-08,公的登録確認・公式サイト要確認,B,免許行政庁: 国土交通大臣; 免許番号: 第000035号; 自動追加日: 2026-08-08,宅地建物取引業者,,,,,
RE-MLIT-00-00000011,三井不動産株式会社,全国,全国,要確認,全国,要確認,要確認,要確認,要確認,要確認,要確認,要確認,要確認,国土交通省の企業情報検索システムで宅地建物取引業者登録を確認,https://etsuran2.mlit.go.jp/TAKKEN/takkenKensaku.do?CMD=selectPage&caller=TK&choice=1&rdoSelect=1&rdoSelectJoken=1&rdoSelectSort=1&sortValue=1&dispCount=50&licenseNoKbn=00&pageCount=1&pageListNo1=1&pageListNo2=1,2026-08-08,公的登録確認・公式サイト要確認,B,免許行政庁: 国土交通大臣; 免許番号: 第000011号; 自動追加日: 2026-08-08,宅地建物取引業者,,,,,
RE-MLIT-00-00000001,三井住友建設株式会社,全国,全国,要確認,全国,要確認,要確認,要確認,要確認,要確認,要確認,要確認,要確認,国土交通省の企業情報検索システムで宅地建物取引業者登録を確認,https://etsuran2.mlit.go.jp/TAKKEN/takkenKensaku.do?CMD=selectPage&caller=TK&choice=1&rdoSelect=1&rdoSelectJoken=1&rdoSelectSort=1&sortValue=1&dispCount=50&licenseNoKbn=00&pageCount=1&pageListNo1=1&pageListNo2=1,2026-08-08,公的登録確認・公式サイト要確認,B,免許行政庁: 国土交通大臣; 免許番号: 第000001号; 自動追加日: 2026-08-08,宅地建物取引業者,,,,,
RE-MLIT-00-00000019,三谷不動産株式会社,全国,全国,要確認,全国,要確認,要確認,マンション・土地・事業用,あり,https://www.go-mitani.co.jp/,https://www.go-mitani.co.jp/,https://www.go-mitani.co.jp/,0776-23-2300,公式サイト自動確認（確信度高・85点）。問い合わせ導線あり。物上げ適性C（5点: 問い合わせ導線）,https://etsuran2.mlit.go.jp/TAKKEN/takkenKensaku.do?CMD=selectPage&caller=TK&choice=1&rdoSelect=1&rdoSelectJoken=1&rdoSelectSort=1&sortValue=1&dispCount=50&licenseNoKbn=00&pageCount=1&pageListNo1=1&pageListNo2=1 | https://www.go-mitani.co.jp/,2026-08-14,自動確認済み,C,免許行政庁: 国土交通大臣; 免許番号: 第000019号; 自動追加日: 2026-08-08; 公式サイト自動確認日: 2026-08-14,宅地建物取引業者,要確認,高,85,5,問い合わせ導線
RE-MLIT-00-00000015,光正不動産株式会社,全国,全国,要確認,全国,要確認,要確認,要確認,要確認,要確認,要確認,要確認,要確認,国土交通省の企業情報検索システムで宅地建物取引業者登録を確認,https://etsuran2.mlit.go.jp/TAKKEN/takkenKensaku.do?CMD=selectPage&caller=TK&choice=1&rdoSelect=1&rdoSelectJoken=1&rdoSelectSort=1&sortValue=1&dispCount=50&licenseNoKbn=00&pageCount=1&pageListNo1=1&pageListNo2=1,2026-08-08,公的登録確認・公式サイト要確認,B,免許行政庁: 国土交通大臣; 免許番号: 第000015号; 自動追加日: 2026-08-08,宅地建物取引業者,,,,,
RE-MLIT-00-00000022,富士観光開発株式会社,全国,全国,要確認,全国,要確認,要確認,要確認,要確認,要確認,要確認,要確認,要確認,国土交通省の企業情報検索システムで宅地建物取引業者登録を確認,https://etsuran2.mlit.go.jp/TAKKEN/takkenKensaku.do?CMD=selectPage&caller=TK&choice=1&rdoSelect=1&rdoSelectJoken=1&rdoSelectSort=1&sortValue=1&dispCount=50&licenseNoKbn=00&pageCount=1&pageListNo1=1&pageListNo2=1,2026-08-08,公的登録確認・公式サイト要確認,B,免許行政庁: 国土交通大臣; 免許番号: 第000022号; 自動追加日: 2026-08-08,宅地建物取引業者,,,,,
RE-MLIT-00-00000002,有限会社一水社不動産部,全国,全国,要確認,全国,要確認,要確認,要確認,要確認,要確認,要確認,要確認,要確認,国土交通省の企業情報検索システムで宅地建物取引業者登録を確認,https://etsuran2.mlit.go.jp/TAKKEN/takkenKensaku.do?CMD=selectPage&caller=TK&choice=1&rdoSelect=1&rdoSelectJoken=1&rdoSelectSort=1&sortValue=1&dispCount=50&licenseNoKbn=00&pageCount=1&pageListNo1=1&pageListNo2=1,2026-08-08,公的登録確認・公式サイト要確認,B,免許行政庁: 国土交通大臣; 免許番号: 第000002号; 自動追加日: 2026-08-08,宅地建物取引業者,,,,,
RE-MLIT-00-00000006,東京建物株式会社,全国,全国,要確認,全国,要確認,要確認,要確認,要確認,要確認,要確認,要確認,要確認,国土交通省の企業情報検索システムで宅地建物取引業者登録を確認,https://etsuran2.mlit.go.jp/TAKKEN/takkenKensaku.do?CMD=selectPage&caller=TK&choice=1&rdoSelect=1&rdoSelectJoken=1&rdoSelectSort=1&sortValue=1&dispCount=50&licenseNoKbn=00&pageCount=1&pageListNo1=1&pageListNo2=1,2026-08-08,公的登録確認・公式サイト要確認,B,免許行政庁: 国土交通大臣; 免許番号: 第000006号; 自動追加日: 2026-08-08,宅地建物取引業者,,,,,
RE-MLIT-00-00000028,東和地所建設株式会社,全国,全国,要確認,全国,要確認,要確認,要確認,要確認,要確認,要確認,要確認,要確認,国土交通省の企業情報検索システムで宅地建物取引業者登録を確認,https://etsuran2.mlit.go.jp/TAKKEN/takkenKensaku.do?CMD=selectPage&caller=TK&choice=1&rdoSelect=1&rdoSelectJoken=1&rdoSelectSort=1&sortValue=1&dispCount=50&licenseNoKbn=00&pageCount=1&pageListNo1=1&pageListNo2=1,2026-08-08,公的登録確認・公式サイト要確認,B,免許行政庁: 国土交通大臣; 免許番号: 第000028号; 自動追加日: 2026-08-08,宅地建物取引業者,,,,,
RE-MLIT-00-00000012,神田土地建物株式会社,全国,全国,要確認,全国,要確認,要確認,要確認,要確認,要確認,要確認,要確認,要確認,国土交通省の企業情報検索システムで宅地建物取引業者登録を確認,https://etsuran2.mlit.go.jp/TAKKEN/takkenKensaku.do?CMD=selectPage&caller=TK&choice=1&rdoSelect=1&rdoSelectJoken=1&rdoSelectSort=1&sortValue=1&dispCount=50&licenseNoKbn=00&pageCount=1&pageListNo1=1&pageListNo2=1,2026-08-08,公的登録確認・公式サイト要確認,B,免許行政庁: 国土交通大臣; 免許番号: 第000012号; 自動追加日: 2026-08-08,宅地建物取引業者,,,,,
RE-0005,株式会社センチュリー21・ジャパン,全国,東京都,東京都港区,全国の加盟店,あり,あり,マンション・土地・事業用・賃貸,あり,https://www.century21.jp/,https://www.century21.jp/contact,https://www.century21.jp/biz/,要確認,全国の独立加盟店ネットワーク。戸建て・事業投資用物件を検索可能,https://www.century21.jp/biz/kanagawa/14205/detail/159701-46167 | https://www.century21.jp/biz/chiba/12225/detail/161601-8706,2026-07-15,確認済み,A,実際の取扱範囲・免許・連絡先は加盟店単位で確認,,,,,,
RE-0014,株式会社大京穴吹不動産,全国,東京都,東京都渋谷区,全国主要都市,あり,あり,マンション・土地・一棟レジデンス・事業用・賃貸管理,あり,https://www.daikyo-anabuki.co.jp/,https://www.daikyo-anabuki.co.jp/contact/,https://www.daikyo-anabuki.co.jp/sumai/invesment/,0120-988-264,全国店舗網と売買・賃貸・投資事業用窓口を持つ,https://www.daikyo-anabuki.co.jp/contact/ | https://www.daikyo-anabuki.co.jp/company/,2026-07-15,確認済み,A,法人向け投資・事業用窓口は専用問い合わせ先,,,,,,
RE-MLIT-01-00000138,エス・テー・ビー興発株式会社,北海道・東北,北海道,要確認,北海道,あり,要確認,事業用,要確認,https://www.kensetumap.com/company/675155/profile.php,要確認,https://www.kensetumap.com/company/675155/profile.php,011-281-2545,公式サイト自動確認（確信度中・75点）。戸建て取扱表記あり,https://etsuran2.mlit.go.jp/TAKKEN/takkenKensaku.do?CMD=selectPage&caller=TK&choice=1&rdoSelect=1&rdoSelectJoken=1&rdoSelectSort=1&sortValue=1&dispCount=50&licenseNoKbn=01&pageCount=1&pageListNo1=1&pageListNo2=1 | https://www.kensetumap.com/company/675155/profile.php,2026-08-15,一部自動確認,C,免許行政庁: 北海道; 免許番号: 第000138号; 自動追加日: 2026-08-09; 公式サイト自動確認日: 2026-08-15,宅地建物取引業者,要確認,中,75,0,
RE-MLIT-01-00000237,北海道勤労者住宅生活協同組合,北海道・東北,北海道,要確認,北海道,要確認,要確認,要確認,要確認,要確認,要確認,要確認,要確認,国土交通省の企業情報検索システムで宅地建物取引業者登録を確認,https://etsuran2.mlit.go.jp/TAKKEN/takkenKensaku.do?CMD=selectPage&caller=TK&choice=1&rdoSelect=1&rdoSelectJoken=1&rdoSelectSort=1&sortValue=1&dispCount=50&licenseNoKbn=01&pageCount=1&pageListNo1=1&pageListNo2=1,2026-08-09,公的登録確認・公式サイト要確認,B,免許行政庁: 北海道; 免許番号: 第000237号; 自動追加日: 2026-08-09,宅地建物取引業者,,,,,
RE-MLIT-01-00000014,北海道特産農事株式会社,北海道・東北,北海道,要確認,北海道,要確認,要確認,要確認,要確認,要確認,要確認,要確認,要確認,国土交通省の企業情報検索システムで宅地建物取引業者登録を確認,https://etsuran2.mlit.go.jp/TAKKEN/takkenKensaku.do?CMD=selectPage&caller=TK&choice=1&rdoSelect=1&rdoSelectJoken=1&rdoSelectSort=1&sortValue=1&dispCount=50&licenseNoKbn=01&pageCount=1&pageListNo1=1&pageListNo2=1,2026-08-09,公的登録確認・公式サイト要確認,B,免許行政庁: 北海道; 免許番号: 第000014号; 自動追加日: 2026-08-09,宅地建物取引業者,,,,,
RE-MLIT-01-00000230,手稲不動産株式会社,北海道・東北,北海道,要確認,北海道,要確認,要確認,要確認,要確認,要確認,要確認,要確認,要確認,国土交通省の企業情報検索システムで宅地建物取引業者登録を確認,https://etsuran2.mlit.go.jp/TAKKEN/takkenKensaku.do?CMD=selectPage&caller=TK&choice=1&rdoSelect=1&rdoSelectJoken=1&rdoSelectSort=1&sortValue=1&dispCount=50&licenseNoKbn=01&pageCount=1&pageListNo1=1&pageListNo2=1,2026-08-09,公的登録確認・公式サイト要確認,B,免許行政庁: 北海道; 免許番号: 第000230号; 自動追加日: 2026-08-09,宅地建物取引業者,,,,,
RE-MLIT-01-00000168,札幌ホーム株式会社,北海道・東北,北海道,要確認,北海道,要確認,要確認,土地・事業用,要確認,https://kaisharesearch.com/company/detail/1430001020275/,要確認,https://kaisharesearch.com/company/detail/1430001020275/,要確認,公式サイト自動確認（確信度中・75点）,https://etsuran2.mlit.go.jp/TAKKEN/takkenKensaku.do?CMD=selectPage&caller=TK&choice=1&rdoSelect=1&rdoSelectJoken=1&rdoSelectSort=1&sortValue=1&dispCount=50&licenseNoKbn=01&pageCount=1&pageListNo1=1&pageListNo2=1 | https://kaisharesearch.com/company/detail/1430001020275/,2026-08-15,一部自動確認,C,免許行政庁: 北海道; 免許番号: 第000168号; 自動追加日: 2026-08-09; 公式サイト自動確認日: 2026-08-15,宅地建物取引業者,要確認,中,75,0,
RE-MLIT-01-00000064,東京拓地株式会社,北海道・東北,北海道,要確認,北海道,要確認,要確認,要確認,要確認,要確認,要確認,要確認,要確認,国土交通省の企業情報検索システムで宅地建物取引業者登録を確認,https://etsuran2.mlit.go.jp/TAKKEN/takkenKensaku.do?CMD=selectPage&caller=TK&choice=1&rdoSelect=1&rdoSelectJoken=1&rdoSelectSort=1&sortValue=1&dispCount=50&licenseNoKbn=01&pageCount=1&pageListNo1=1&pageListNo2=1,2026-08-09,公的登録確認・公式サイト要確認,B,免許行政庁: 北海道; 免許番号: 第000064号; 自動追加日: 2026-08-09,宅地建物取引業者,,,,,
RE-MLIT-01-00000207,株式会社 じょうてつ,北海道・東北,北海道,要確認,北海道,要確認,要確認,要確認,要確認,要確認,要確認,要確認,要確認,国土交通省の企業情報検索システムで宅地建物取引業者登録を確認,https://etsuran2.mlit.go.jp/TAKKEN/takkenKensaku.do?CMD=selectPage&caller=TK&choice=1&rdoSelect=1&rdoSelectJoken=1&rdoSelectSort=1&sortValue=1&dispCount=50&licenseNoKbn=01&pageCount=1&pageListNo1=1&pageListNo2=1,2026-08-09,公的登録確認・公式サイト要確認,B,免許行政庁: 北海道; 免許番号: 第000207号; 自動追加日: 2026-08-09,宅地建物取引業者,,,,,
RE-MLIT-01-00000059,株式会社伊藤組,北海道・東北,北海道,要確認,北海道,要確認,要確認,要確認,要確認,要確認,要確認,要確認,要確認,国土交通省の企業情報検索システムで宅地建物取引業者登録を確認,https://etsuran2.mlit.go.jp/TAKKEN/takkenKensaku.do?CMD=selectPage&caller=TK&choice=1&rdoSelect=1&rdoSelectJoken=1&rdoSelectSort=1&sortValue=1&dispCount=50&licenseNoKbn=01&pageCount=1&pageListNo1=1&pageListNo2=1,2026-08-09,公的登録確認・公式サイト要確認,B,免許行政庁: 北海道; 免許番号: 第000059号; 自動追加日: 2026-08-09,宅地建物取引業者,,,,,
RE-MLIT-01-00000108,株式会社大光,北海道・東北,北海道,要確認,北海道,要確認,要確認,事業用,あり,https://compalyze.co.jp/company/4430001041913,https://compalyze.co.jp/contact,https://compalyze.co.jp/company/4430001041913,要確認,公式サイト自動確認（確信度高・100点）。問い合わせ導線あり。物上げ適性C（5点: 問い合わせ導線）,https://etsuran2.mlit.go.jp/TAKKEN/takkenKensaku.do?CMD=selectPage&caller=TK&choice=1&rdoSelect=1&rdoSelectJoken=1&rdoSelectSort=1&sortValue=1&dispCount=50&licenseNoKbn=01&pageCount=1&pageListNo1=1&pageListNo2=1 | https://compalyze.co.jp/company/4430001041913 | https://compalyze.co.jp/contact,2026-08-15,自動確認済み,C,免許行政庁: 北海道; 免許番号: 第000108号; 自動追加日: 2026-08-09; 公式サイト自動確認日: 2026-08-15,宅地建物取引業者,要確認,高,100,5,問い合わせ導線
RE-0012,株式会社常口アトム,北海道・東北,北海道,北海道札幌市中央区,北海道,あり,あり,マンション・土地・賃貸管理・リフォーム,あり,https://www.jogjog.com/,https://www.jogjog.com/inquiry/,https://www.jogjog.com/kikaku/investment/,011-272-0059,北海道の総合不動産会社で投資相談窓口を持つ,https://www.jogjog.com/kikaku/investment/ | https://www.jogjog.com/inquiry/,2026-07-15,一部確認,A,売買戸建ての具体的掲載URLは追加確認,,,,,,
RE-MLIT-01-00000252,珊慶興産株式会社,北海道・東北,北海道,要確認,北海道,要確認,要確認,要確認,要確認,要確認,要確認,要確認,要確認,国土交通省の企業情報検索システムで宅地建物取引業者登録を確認,https://etsuran2.mlit.go.jp/TAKKEN/takkenKensaku.do?CMD=selectPage&caller=TK&choice=1&rdoSelect=1&rdoSelectJoken=1&rdoSelectSort=1&sortValue=1&dispCount=50&licenseNoKbn=01&pageCount=1&pageListNo1=1&pageListNo2=1,2026-08-09,公的登録確認・公式サイト要確認,B,免許行政庁: 北海道; 免許番号: 第000252号; 自動追加日: 2026-08-09,宅地建物取引業者,,,,,
RE-MLIT-04-00000053,今野不動産株式会社,北海道・東北,宮城県,要確認,宮城県,要確認,要確認,要確認,要確認,要確認,要確認,要確認,要確認,国土交通省の企業情報検索システムで宅地建物取引業者登録を確認,https://etsuran2.mlit.go.jp/TAKKEN/takkenKensaku.do?CMD=selectPage&caller=TK&choice=1&rdoSelect=1&rdoSelectJoken=1&rdoSelectSort=1&sortValue=1&dispCount=50&licenseNoKbn=04&pageCount=1&pageListNo1=1&pageListNo2=1,2026-08-10,公的登録確認・公式サイト要確認,B,免許行政庁: 宮城県; 免許番号: 第000053号; 自動追加日: 2026-08-10,宅地建物取引業者,,,,,
RE-MLIT-04-00000080,八興土地株式会社,北海道・東北,宮城県,要確認,宮城県,要確認,要確認,要確認,要確認,要確認,要確認,要確認,要確認,国土交通省の企業情報検索システムで宅地建物取引業者登録を確認,https://etsuran2.mlit.go.jp/TAKKEN/takkenKensaku.do?CMD=selectPage&caller=TK&choice=1&rdoSelect=1&rdoSelectJoken=1&rdoSelectSort=1&sortValue=1&dispCount=50&licenseNoKbn=04&pageCount=1&pageListNo1=1&pageListNo2=1,2026-08-10,公的登録確認・公式サイト要確認,B,免許行政庁: 宮城県; 免許番号: 第000080号; 自動追加日: 2026-08-10,宅地建物取引業者,,,,,
RE-MLIT-04-00000168,宝来産業株式会社 ※,北海道・東北,宮城県,要確認,宮城県,要確認,要確認,要確認,要確認,要確認,要確認,要確認,要確認,国土交通省の企業情報検索システムで宅地建物取引業者登録を確認,https://etsuran2.mlit.go.jp/TAKKEN/takkenKensaku.do?CMD=selectPage&caller=TK&choice=1&rdoSelect=1&rdoSelectJoken=1&rdoSelectSort=1&sortValue=1&dispCount=50&licenseNoKbn=04&pageCount=1&pageListNo1=1&pageListNo2=1,2026-08-10,公的登録確認・公式サイト要確認,B,免許行政庁: 宮城県; 免許番号: 第000168号; 自動追加日: 2026-08-10,宅地建物取引業者,,,,,
RE-MLIT-04-00000157,山村土地株式会社,北海道・東北,宮城県,要確認,宮城県,要確認,要確認,要確認,要確認,要確認,要確認,要確認,要確認,国土交通省の企業情報検索システムで宅地建物取引業者登録を確認,https://etsuran2.mlit.go.jp/TAKKEN/takkenKensaku.do?CMD=selectPage&caller=TK&choice=1&rdoSelect=1&rdoSelectJoken=1&rdoSelectSort=1&sortValue=1&dispCount=50&licenseNoKbn=04&pageCount=1&pageListNo1=1&pageListNo2=1,2026-08-10,公的登録確認・公式サイト要確認,B,免許行政庁: 宮城県; 免許番号: 第000157号; 自動追加日: 2026-08-10,宅地建物取引業者,,,,,
RE-MLIT-04-00000142,日本商事株式会社,北海道・東北,宮城県,要確認,宮城県,要確認,要確認,要確認,要確認,要確認,要確認,要確認,要確認,国土交通省の企業情報検索システムで宅地建物取引業者登録を確認,https://etsuran2.mlit.go.jp/TAKKEN/takkenKensaku.do?CMD=selectPage&caller=TK&choice=1&rdoSelect=1&rdoSelectJoken=1&rdoSelectSort=1&sortValue=1&dispCount=50&licenseNoKbn=04&pageCount=1&pageListNo1=1&pageListNo2=1,2026-08-10,公的登録確認・公式サイト要確認,B,免許行政庁: 宮城県; 免許番号: 第000142号; 自動追加日: 2026-08-10,宅地建物取引業者,,,,,
RE-MLIT-04-00000154,有限会社三陸不動産,北海道・東北,宮城県,要確認,宮城県,要確認,要確認,要確認,要確認,要確認,要確認,要確認,要確認,国土交通省の企業情報検索システムで宅地建物取引業者登録を確認,https://etsuran2.mlit.go.jp/TAKKEN/takkenKensaku.do?CMD=selectPage&caller=TK&choice=1&rdoSelect=1&rdoSelectJoken=1&rdoSelectSort=1&sortValue=1&dispCount=50&licenseNoKbn=04&pageCount=1&pageListNo1=1&pageListNo2=1,2026-08-10,公的登録確認・公式サイト要確認,B,免許行政庁: 宮城県; 免許番号: 第000154号; 自動追加日: 2026-08-10,宅地建物取引業者,,,,,
RE-MLIT-04-00000070,株式会社不動産交社,北海道・東北,宮城県,要確認,宮城県,要確認,要確認,要確認,要確認,要確認,要確認,要確認,要確認,国土交通省の企業情報検索システムで宅地建物取引業者登録を確認,https://etsuran2.mlit.go.jp/TAKKEN/takkenKensaku.do?CMD=selectPage&caller=TK&choice=1&rdoSelect=1&rdoSelectJoken=1&rdoSelectSort=1&sortValue=1&dispCount=50&licenseNoKbn=04&pageCount=1&pageListNo1=1&pageListNo2=1,2026-08-10,公的登録確認・公式サイト要確認,B,免許行政庁: 宮城県; 免許番号: 第000070号; 自動追加日: 2026-08-10,宅地建物取引業者,,,,,
RE-MLIT-04-00000106,株式会社建財社,北海道・東北,宮城県,要確認,宮城県,要確認,要確認,要確認,要確認,要確認,要確認,要確認,要確認,国土交通省の企業情報検索システムで宅地建物取引業者登録を確認,https://etsuran2.mlit.go.jp/TAKKEN/takkenKensaku.do?CMD=selectPage&caller=TK&choice=1&rdoSelect=1&rdoSelectJoken=1&rdoSelectSort=1&sortValue=1&dispCount=50&licenseNoKbn=04&pageCount=1&pageListNo1=1&pageListNo2=1,2026-08-10,公的登録確認・公式サイト要確認,B,免許行政庁: 宮城県; 免許番号: 第000106号; 自動追加日: 2026-08-10,宅地建物取引業者,,,,,
RE-0011,株式会社永大ハウス工業,北海道・東北,宮城県,宮城県仙台市若林区,仙台市・宮城県全域,あり,あり,中古マンション・土地・法人向け不動産,あり,https://eidaihouse.com/,https://eidaihouse.com/baikyaku,https://eidaihouse.com/search?bk_sbt_kbn%5B0%5D=14,0120-18-4646,宮城県に密着し戸建てから投資物件まで対応,https://eidaihouse.com/ | https://eidaihouse.com/search?bk_sbt_kbn%5B0%5D=14 | https://eidaihouse.com/baikyaku-business,2026-07-15,確認済み,A,宮城県の地域密着候補として優先,,,,,,
RE-MLIT-04-00000172,渡幸株式会社,北海道・東北,宮城県,要確認,宮城県,要確認,要確認,土地,要確認,https://kaisharesearch.com/company/detail/6370001004288/,要確認,https://kaisharesearch.com/company/detail/6370001004288/,要確認,公式サイト自動確認（確信度中・75点）,https://etsuran2.mlit.go.jp/TAKKEN/takkenKensaku.do?CMD=selectPage&caller=TK&choice=1&rdoSelect=1&rdoSelectJoken=1&rdoSelectSort=1&sortValue=1&dispCount=50&licenseNoKbn=04&pageCount=1&pageListNo1=1&pageListNo2=1 | https://kaisharesearch.com/company/detail/6370001004288/,2026-08-17,一部自動確認,C,免許行政庁: 宮城県; 免許番号: 第000172号; 自動追加日: 2026-08-10; 公式サイト自動確認日: 2026-08-17,宅地建物取引業者,要確認,中,75,0,
RE-MLIT-04-00000085,青葉不動産鑑定株式会社,北海道・東北,宮城県,要確認,宮城県,要確認,要確認,要確認,要確認,要確認,要確認,要確認,要確認,国土交通省の企業情報検索システムで宅地建物取引業者登録を確認,https://etsuran2.mlit.go.jp/TAKKEN/takkenKensaku.do?CMD=selectPage&caller=TK&choice=1&rdoSelect=1&rdoSelectJoken=1&rdoSelectSort=1&sortValue=1&dispCount=50&licenseNoKbn=04&pageCount=1&pageListNo1=1&pageListNo2=1,2026-08-10,公的登録確認・公式サイト要確認,B,免許行政庁: 宮城県; 免許番号: 第000085号; 自動追加日: 2026-08-10,宅地建物取引業者,,,,,
RE-MLIT-03-00001043,有限会社アップランドエステート,北海道・東北,岩手県,要確認,岩手県,要確認,要確認,要確認,要確認,要確認,要確認,要確認,要確認,国土交通省の企業情報検索システムで宅地建物取引業者登録を確認,https://etsuran2.mlit.go.jp/TAKKEN/takkenKensaku.do?CMD=selectPage&caller=TK&choice=1&rdoSelect=1&rdoSelectJoken=1&rdoSelectSort=1&sortValue=1&dispCount=50&licenseNoKbn=03&pageCount=1&pageListNo1=1&pageListNo2=1,2026-08-19,公的登録確認・公式サイト要確認,B,免許行政庁: 岩手県; 免許番号: 第001043号; 自動追加日: 2026-08-19,宅地建物取引業者,,,,,
RE-MLIT-03-00001005,有限会社太成不動産,北海道・東北,岩手県,要確認,岩手県,要確認,要確認,要確認,要確認,要確認,要確認,要確認,要確認,国土交通省の企業情報検索システムで宅地建物取引業者登録を確認,https://etsuran2.mlit.go.jp/TAKKEN/takkenKensaku.do?CMD=selectPage&caller=TK&choice=1&rdoSelect=1&rdoSelectJoken=1&rdoSelectSort=1&sortValue=1&dispCount=50&licenseNoKbn=03&pageCount=1&pageListNo1=1&pageListNo2=1,2026-08-19,公的登録確認・公式サイト要確認,B,免許行政庁: 岩手県; 免許番号: 第001005号; 自動追加日: 2026-08-19,宅地建物取引業者,,,,,
RE-MLIT-03-00001058,東北土地開発株式会社,北海道・東北,岩手県,要確認,岩手県,要確認,要確認,要確認,要確認,要確認,要確認,要確認,要確認,国土交通省の企業情報検索システムで宅地建物取引業者登録を確認,https://etsuran2.mlit.go.jp/TAKKEN/takkenKensaku.do?CMD=selectPage&caller=TK&choice=1&rdoSelect=1&rdoSelectJoken=1&rdoSelectSort=1&sortValue=1&dispCount=50&licenseNoKbn=03&pageCount=1&pageListNo1=1&pageListNo2=1,2026-08-19,公的登録確認・公式サイト要確認,B,免許行政庁: 岩手県; 免許番号: 第001058号; 自動追加日: 2026-08-19,宅地建物取引業者,,,,,
RE-MLIT-03-00001024,株式会社タキムラ,北海道・東北,岩手県,要確認,岩手県,要確認,要確認,要確認,要確認,要確認,要確認,要確認,要確認,国土交通省の企業情報検索システムで宅地建物取引業者登録を確認,https://etsuran2.mlit.go.jp/TAKKEN/takkenKensaku.do?CMD=selectPage&caller=TK&choice=1&rdoSelect=1&rdoSelectJoken=1&rdoSelectSort=1&sortValue=1&dispCount=50&licenseNoKbn=03&pageCount=1&pageListNo1=1&pageListNo2=1,2026-08-19,公的登録確認・公式サイト要確認,B,免許行政庁: 岩手県; 免許番号: 第001024号; 自動追加日: 2026-08-19,宅地建物取引業者,,,,,
RE-MLIT-03-00001049,株式会社北上土地,北海道・東北,岩手県,要確認,岩手県,要確認,要確認,要確認,要確認,要確認,要確認,要確認,要確認,国土交通省の企業情報検索システムで宅地建物取引業者登録を確認,https://etsuran2.mlit.go.jp/TAKKEN/takkenKensaku.do?CMD=selectPage&caller=TK&choice=1&rdoSelect=1&rdoSelectJoken=1&rdoSelectSort=1&sortValue=1&dispCount=50&licenseNoKbn=03&pageCount=1&pageListNo1=1&pageListNo2=1,2026-08-19,公的登録確認・公式サイト要確認,B,免許行政庁: 岩手県; 免許番号: 第001049号; 自動追加日: 2026-08-19,宅地建物取引業者,,,,,
RE-MLIT-03-00001029,株式会社大一土地,北海道・東北,岩手県,要確認,岩手県,要確認,要確認,要確認,要確認,要確認,要確認,要確認,要確認,国土交通省の企業情報検索システムで宅地建物取引業者登録を確認,https://etsuran2.mlit.go.jp/TAKKEN/takkenKensaku.do?CMD=selectPage&caller=TK&choice=1&rdoSelect=1&rdoSelectJoken=1&rdoSelectSort=1&sortValue=1&dispCount=50&licenseNoKbn=03&pageCount=1&pageListNo1=1&pageListNo2=1,2026-08-19,公的登録確認・公式サイト要確認,B,免許行政庁: 岩手県; 免許番号: 第001029号; 自動追加日: 2026-08-19,宅地建物取引業者,,,,,
RE-MLIT-03-00001009,菱和産業株式会社,北海道・東北,岩手県,要確認,岩手県,要確認,要確認,要確認,要確認,要確認,要確認,要確認,要確認,国土交通省の企業情報検索システムで宅地建物取引業者登録を確認,https://etsuran2.mlit.go.jp/TAKKEN/takkenKensaku.do?CMD=selectPage&caller=TK&choice=1&rdoSelect=1&rdoSelectJoken=1&rdoSelectSort=1&sortValue=1&dispCount=50&licenseNoKbn=03&pageCount=1&pageListNo1=1&pageListNo2=1,2026-08-19,公的登録確認・公式サイト要確認,B,免許行政庁: 岩手県; 免許番号: 第001009号; 自動追加日: 2026-08-19,宅地建物取引業者,,,,,
RE-MLIT-03-00001027,陸中建設株式会社,北海道・東北,岩手県,要確認,岩手県,要確認,要確認,要確認,要確認,要確認,要確認,要確認,要確認,国土交通省の企業情報検索システムで宅地建物取引業者登録を確認,https://etsuran2.mlit.go.jp/TAKKEN/takkenKensaku.do?CMD=selectPage&caller=TK&choice=1&rdoSelect=1&rdoSelectJoken=1&rdoSelectSort=1&sortValue=1&dispCount=50&licenseNoKbn=03&pageCount=1&pageListNo1=1&pageListNo2=1,2026-08-19,公的登録確認・公式サイト要確認,B,免許行政庁: 岩手県; 免許番号: 第001027号; 自動追加日: 2026-08-19,宅地建物取引業者,,,,,
RE-MLIT-03-00001063,館坂土地,北海道・東北,岩手県,要確認,岩手県,要確認,要確認,要確認,要確認,要確認,要確認,要確認,要確認,国土交通省の企業情報検索システムで宅地建物取引業者登録を確認,https://etsuran2.mlit.go.jp/TAKKEN/takkenKensaku.do?CMD=selectPage&caller=TK&choice=1&rdoSelect=1&rdoSelectJoken=1&rdoSelectSort=1&sortValue=1&dispCount=50&licenseNoKbn=03&pageCount=1&pageListNo1=1&pageListNo2=1,2026-08-19,公的登録確認・公式サイト要確認,B,免許行政庁: 岩手県; 免許番号: 第001063号; 自動追加日: 2026-08-19,宅地建物取引業者,,,,,
RE-MLIT-03-00001010,高幸不動産有限会社,北海道・東北,岩手県,要確認,岩手県,要確認,要確認,要確認,要確認,要確認,要確認,要確認,要確認,国土交通省の企業情報検索システムで宅地建物取引業者登録を確認,https://etsuran2.mlit.go.jp/TAKKEN/takkenKensaku.do?CMD=selectPage&caller=TK&choice=1&rdoSelect=1&rdoSelectJoken=1&rdoSelectSort=1&sortValue=1&dispCount=50&licenseNoKbn=03&pageCount=1&pageListNo1=1&pageListNo2=1,2026-08-19,公的登録確認・公式サイト要確認,B,免許行政庁: 岩手県; 免許番号: 第001010号; 自動追加日: 2026-08-19,宅地建物取引業者,,,,,
RE-MLIT-02-00000586,三和興業株式会社,北海道・東北,青森県,要確認,青森県,要確認,要確認,要確認,要確認,要確認,要確認,要確認,要確認,国土交通省の企業情報検索システムで宅地建物取引業者登録を確認,https://etsuran2.mlit.go.jp/TAKKEN/takkenKensaku.do?CMD=selectPage&caller=TK&choice=1&rdoSelect=1&rdoSelectJoken=1&rdoSelectSort=1&sortValue=1&dispCount=50&licenseNoKbn=02&pageCount=1&pageListNo1=1&pageListNo2=1,2026-08-18,公的登録確認・公式サイト要確認,B,免許行政庁: 青森県; 免許番号: 第000586号; 自動追加日: 2026-08-18,宅地建物取引業者,,,,,
RE-MLIT-02-00000533,南不動産有限会社,北海道・東北,青森県,要確認,青森県,要確認,要確認,要確認,要確認,要確認,要確認,要確認,要確認,国土交通省の企業情報検索システムで宅地建物取引業者登録を確認,https://etsuran2.mlit.go.jp/TAKKEN/takkenKensaku.do?CMD=selectPage&caller=TK&choice=1&rdoSelect=1&rdoSelectJoken=1&rdoSelectSort=1&sortValue=1&dispCount=50&licenseNoKbn=02&pageCount=1&pageListNo1=1&pageListNo2=1,2026-08-18,公的登録確認・公式サイト要確認,B,免許行政庁: 青森県; 免許番号: 第000533号; 自動追加日: 2026-08-18,宅地建物取引業者,,,,,
RE-MLIT-02-00000167,宝不動産株式会社,北海道・東北,青森県,要確認,青森県,要確認,要確認,要確認,要確認,要確認,要確認,要確認,要確認,国土交通省の企業情報検索システムで宅地建物取引業者登録を確認,https://etsuran2.mlit.go.jp/TAKKEN/takkenKensaku.do?CMD=selectPage&caller=TK&choice=1&rdoSelect=1&rdoSelectJoken=1&rdoSelectSort=1&sortValue=1&dispCount=50&licenseNoKbn=02&pageCount=1&pageListNo1=1&pageListNo2=1,2026-08-18,公的登録確認・公式サイト要確認,B,免許行政庁: 青森県; 免許番号: 第000167号; 自動追加日: 2026-08-18,宅地建物取引業者,,,,,
RE-MLIT-02-00000582,有限会社南商事,北海道・東北,青森県,要確認,青森県,要確認,要確認,要確認,要確認,要確認,要確認,要確認,要確認,国土交通省の企業情報検索システムで宅地建物取引業者登録を確認,https://etsuran2.mlit.go.jp/TAKKEN/takkenKensaku.do?CMD=selectPage&caller=TK&choice=1&rdoSelect=1&rdoSelectJoken=1&rdoSelectSort=1&sortValue=1&dispCount=50&licenseNoKbn=02&pageCount=1&pageListNo1=1&pageListNo2=1,2026-08-18,公的登録確認・公式サイト要確認,B,免許行政庁: 青森県; 免許番号: 第000582号; 自動追加日: 2026-08-18,宅地建物取引業者,,,,,
RE-MLIT-02-00000402,東信商事株式会社,北海道・東北,青森県,要確認,青森県,要確認,要確認,要確認,要確認,要確認,要確認,要確認,要確認,国土交通省の企業情報検索システムで宅地建物取引業者登録を確認,https://etsuran2.mlit.go.jp/TAKKEN/takkenKensaku.do?CMD=selectPage&caller=TK&choice=1&rdoSelect=1&rdoSelectJoken=1&rdoSelectSort=1&sortValue=1&dispCount=50&licenseNoKbn=02&pageCount=1&pageListNo1=1&pageListNo2=1,2026-08-18,公的登録確認・公式サイト要確認,B,免許行政庁: 青森県; 免許番号: 第000402号; 自動追加日: 2026-08-18,宅地建物取引業者,,,,,
RE-MLIT-02-00000851,株式会社サンエフ,北海道・東北,青森県,要確認,青森県,要確認,要確認,要確認,要確認,要確認,要確認,要確認,要確認,国土交通省の企業情報検索システムで宅地建物取引業者登録を確認,https://etsuran2.mlit.go.jp/TAKKEN/takkenKensaku.do?CMD=selectPage&caller=TK&choice=1&rdoSelect=1&rdoSelectJoken=1&rdoSelectSort=1&sortValue=1&dispCount=50&licenseNoKbn=02&pageCount=1&pageListNo1=1&pageListNo2=1,2026-08-18,公的登録確認・公式サイト要確認,B,免許行政庁: 青森県; 免許番号: 第000851号; 自動追加日: 2026-08-18,宅地建物取引業者,,,,,
RE-MLIT-02-00000567,株式会社千代田不動産,北海道・東北,青森県,要確認,青森県,要確認,要確認,要確認,要確認,要確認,要確認,要確認,要確認,国土交通省の企業情報検索システムで宅地建物取引業者登録を確認,https://etsuran2.mlit.go.jp/TAKKEN/takkenKensaku.do?CMD=selectPage&caller=TK&choice=1&rdoSelect=1&rdoSelectJoken=1&rdoSelectSort=1&sortValue=1&dispCount=50&licenseNoKbn=02&pageCount=1&pageListNo1=1&pageListNo2=1,2026-08-18,公的登録確認・公式サイト要確認,B,免許行政庁: 青森県; 免許番号: 第000567号; 自動追加日: 2026-08-18,宅地建物取引業者,,,,,
RE-MLIT-02-00000902,株式会社青森建設工業社,北海道・東北,青森県,要確認,青森県,要確認,要確認,要確認,要確認,要確認,要確認,要確認,要確認,国土交通省の企業情報検索システムで宅地建物取引業者登録を確認,https://etsuran2.mlit.go.jp/TAKKEN/takkenKensaku.do?CMD=selectPage&caller=TK&choice=1&rdoSelect=1&rdoSelectJoken=1&rdoSelectSort=1&sortValue=1&dispCount=50&licenseNoKbn=02&pageCount=1&pageListNo1=1&pageListNo2=1,2026-08-18,公的登録確認・公式サイト要確認,B,免許行政庁: 青森県; 免許番号: 第000902号; 自動追加日: 2026-08-18,宅地建物取引業者,,,,,
RE-MLIT-02-00000501,株式会社鹿内組,北海道・東北,青森県,要確認,青森県,要確認,要確認,要確認,要確認,要確認,要確認,要確認,要確認,国土交通省の企業情報検索システムで宅地建物取引業者登録を確認,https://etsuran2.mlit.go.jp/TAKKEN/takkenKensaku.do?CMD=selectPage&caller=TK&choice=1&rdoSelect=1&rdoSelectJoken=1&rdoSelectSort=1&sortValue=1&dispCount=50&licenseNoKbn=02&pageCount=1&pageListNo1=1&pageListNo2=1,2026-08-18,公的登録確認・公式サイト要確認,B,免許行政庁: 青森県; 免許番号: 第000501号; 自動追加日: 2026-08-18,宅地建物取引業者,,,,,
RE-MLIT-02-00000100,長成不動産株式会社,北海道・東北,青森県,要確認,青森県,要確認,要確認,要確認,要確認,要確認,要確認,要確認,要確認,国土交通省の企業情報検索システムで宅地建物取引業者登録を確認,https://etsuran2.mlit.go.jp/TAKKEN/takkenKensaku.do?CMD=selectPage&caller=TK&choice=1&rdoSelect=1&rdoSelectJoken=1&rdoSelectSort=1&sortValue=1&dispCount=50&licenseNoKbn=02&pageCount=1&pageListNo1=1&pageListNo2=1,2026-08-18,公的登録確認・公式サイト要確認,B,免許行政庁: 青森県; 免許番号: 第000100号; 自動追加日: 2026-08-18,宅地建物取引業者,,,,,
RE-MLIT-26-00000006,丸美不動産株式会社,近畿,京都府,要確認,京都府,要確認,要確認,要確認,要確認,要確認,要確認,要確認,要確認,国土交通省の企業情報検索システムで宅地建物取引業者登録を確認,https://etsuran2.mlit.go.jp/TAKKEN/takkenKensaku.do?CMD=selectPage&caller=TK&choice=1&rdoSelect=1&rdoSelectJoken=1&rdoSelectSort=1&sortValue=1&dispCount=50&licenseNoKbn=26&pageCount=1&pageListNo1=1&pageListNo2=1,2026-08-14,公的登録確認・公式サイト要確認,B,免許行政庁: 京都府; 免許番号: 第000006号; 自動追加日: 2026-08-14,宅地建物取引業者,,,,,
RE-MLIT-26-00000023,有限会社田中良不動産,近畿,京都府,要確認,京都府,要確認,要確認,要確認,要確認,要確認,要確認,要確認,要確認,国土交通省の企業情報検索システムで宅地建物取引業者登録を確認,https://etsuran2.mlit.go.jp/TAKKEN/takkenKensaku.do?CMD=selectPage&caller=TK&choice=1&rdoSelect=1&rdoSelectJoken=1&rdoSelectSort=1&sortValue=1&dispCount=50&licenseNoKbn=26&pageCount=1&pageListNo1=1&pageListNo2=1,2026-08-14,公的登録確認・公式サイト要確認,B,免許行政庁: 京都府; 免許番号: 第000023号; 自動追加日: 2026-08-14,宅地建物取引業者,,,,,
RE-MLIT-26-00000219,栄住宅株式会社,近畿,京都府,要確認,京都府,要確認,要確認,要確認,要確認,要確認,要確認,要確認,要確認,国土交通省の企業情報検索システムで宅地建物取引業者登録を確認,https://etsuran2.mlit.go.jp/TAKKEN/takkenKensaku.do?CMD=selectPage&caller=TK&choice=1&rdoSelect=1&rdoSelectJoken=1&rdoSelectSort=1&sortValue=1&dispCount=50&licenseNoKbn=26&pageCount=1&pageListNo1=1&pageListNo2=1,2026-08-14,公的登録確認・公式サイト要確認,B,免許行政庁: 京都府; 免許番号: 第000219号; 自動追加日: 2026-08-14,宅地建物取引業者,,,,,
RE-MLIT-26-00000268,株式会社スミヤ,近畿,京都府,要確認,京都府,要確認,要確認,要確認,要確認,要確認,要確認,要確認,要確認,国土交通省の企業情報検索システムで宅地建物取引業者登録を確認,https://etsuran2.mlit.go.jp/TAKKEN/takkenKensaku.do?CMD=selectPage&caller=TK&choice=1&rdoSelect=1&rdoSelectJoken=1&rdoSelectSort=1&sortValue=1&dispCount=50&licenseNoKbn=26&pageCount=1&pageListNo1=1&pageListNo2=1,2026-08-14,公的登録確認・公式サイト要確認,B,免許行政庁: 京都府; 免許番号: 第000268号; 自動追加日: 2026-08-14,宅地建物取引業者,,,,,
RE-MLIT-26-00000078,株式会社タイセイ,近畿,京都府,要確認,京都府,要確認,要確認,要確認,要確認,要確認,要確認,要確認,要確認,国土交通省の企業情報検索システムで宅地建物取引業者登録を確認,https://etsuran2.mlit.go.jp/TAKKEN/takkenKensaku.do?CMD=selectPage&caller=TK&choice=1&rdoSelect=1&rdoSelectJoken=1&rdoSelectSort=1&sortValue=1&dispCount=50&licenseNoKbn=26&pageCount=1&pageListNo1=1&pageListNo2=1,2026-08-14,公的登録確認・公式サイト要確認,B,免許行政庁: 京都府; 免許番号: 第000078号; 自動追加日: 2026-08-14,宅地建物取引業者,,,,,
RE-MLIT-26-00000308,株式会社中井商店,近畿,京都府,要確認,京都府,要確認,要確認,要確認,要確認,要確認,要確認,要確認,要確認,国土交通省の企業情報検索システムで宅地建物取引業者登録を確認,https://etsuran2.mlit.go.jp/TAKKEN/takkenKensaku.do?CMD=selectPage&caller=TK&choice=1&rdoSelect=1&rdoSelectJoken=1&rdoSelectSort=1&sortValue=1&dispCount=50&licenseNoKbn=26&pageCount=1&pageListNo1=1&pageListNo2=1,2026-08-14,公的登録確認・公式サイト要確認,B,免許行政庁: 京都府; 免許番号: 第000308号; 自動追加日: 2026-08-14,宅地建物取引業者,,,,,
RE-MLIT-26-00000045,株式会社加藤商店,近畿,京都府,要確認,京都府,要確認,要確認,要確認,要確認,要確認,要確認,要確認,要確認,国土交通省の企業情報検索システムで宅地建物取引業者登録を確認,https://etsuran2.mlit.go.jp/TAKKEN/takkenKensaku.do?CMD=selectPage&caller=TK&choice=1&rdoSelect=1&rdoSelectJoken=1&rdoSelectSort=1&sortValue=1&dispCount=50&licenseNoKbn=26&pageCount=1&pageListNo1=1&pageListNo2=1,2026-08-14,公的登録確認・公式サイト要確認,B,免許行政庁: 京都府; 免許番号: 第000045号; 自動追加日: 2026-08-14,宅地建物取引業者,,,,,
RE-MLIT-26-00000186,株式会社山三製材所,近畿,京都府,要確認,京都府,要確認,要確認,要確認,要確認,要確認,要確認,要確認,要確認,国土交通省の企業情報検索システムで宅地建物取引業者登録を確認,https://etsuran2.mlit.go.jp/TAKKEN/takkenKensaku.do?CMD=selectPage&caller=TK&choice=1&rdoSelect=1&rdoSelectJoken=1&rdoSelectSort=1&sortValue=1&dispCount=50&licenseNoKbn=26&pageCount=1&pageListNo1=1&pageListNo2=1,2026-08-14,公的登録確認・公式サイト要確認,B,免許行政庁: 京都府; 免許番号: 第000186号; 自動追加日: 2026-08-14,宅地建物取引業者,,,,,
RE-MLIT-26-00000223,株式会社山中商事,近畿,京都府,要確認,京都府,要確認,要確認,要確認,要確認,要確認,要確認,要確認,要確認,国土交通省の企業情報検索システムで宅地建物取引業者登録を確認,https://etsuran2.mlit.go.jp/TAKKEN/takkenKensaku.do?CMD=selectPage&caller=TK&choice=1&rdoSelect=1&rdoSelectJoken=1&rdoSelectSort=1&sortValue=1&dispCount=50&licenseNoKbn=26&pageCount=1&pageListNo1=1&pageListNo2=1,2026-08-14,公的登録確認・公式サイト要確認,B,免許行政庁: 京都府; 免許番号: 第000223号; 自動追加日: 2026-08-14,宅地建物取引業者,,,,,
RE-MLIT-26-00000235,株式会社梅田不動産商事,近畿,京都府,要確認,京都府,要確認,要確認,要確認,要確認,要確認,要確認,要確認,要確認,国土交通省の企業情報検索システムで宅地建物取引業者登録を確認,https://etsuran2.mlit.go.jp/TAKKEN/takkenKensaku.do?CMD=selectPage&caller=TK&choice=1&rdoSelect=1&rdoSelectJoken=1&rdoSelectSort=1&sortValue=1&dispCount=50&licenseNoKbn=26&pageCount=1&pageListNo1=1&pageListNo2=1,2026-08-14,公的登録確認・公式サイト要確認,B,免許行政庁: 京都府; 免許番号: 第000235号; 自動追加日: 2026-08-14,宅地建物取引業者,,,,,
RE-MLIT-28-00000042,三国商事株式会社,近畿,兵庫県,要確認,兵庫県,要確認,要確認,要確認,要確認,要確認,要確認,要確認,要確認,国土交通省の企業情報検索システムで宅地建物取引業者登録を確認,https://etsuran2.mlit.go.jp/TAKKEN/takkenKensaku.do?CMD=selectPage&caller=TK&choice=1&rdoSelect=1&rdoSelectJoken=1&rdoSelectSort=1&sortValue=1&dispCount=50&licenseNoKbn=28&pageCount=1&pageListNo1=1&pageListNo2=1,2026-08-15,公的登録確認・公式サイト要確認,B,免許行政庁: 兵庫県; 免許番号: 第000042号; 自動追加日: 2026-08-15,宅地建物取引業者,,,,,
RE-MLIT-28-00000699,中建不動産株式会社,近畿,兵庫県,要確認,兵庫県,要確認,要確認,要確認,要確認,要確認,要確認,要確認,要確認,国土交通省の企業情報検索システムで宅地建物取引業者登録を確認,https://etsuran2.mlit.go.jp/TAKKEN/takkenKensaku.do?CMD=selectPage&caller=TK&choice=1&rdoSelect=1&rdoSelectJoken=1&rdoSelectSort=1&sortValue=1&dispCount=50&licenseNoKbn=28&pageCount=1&pageListNo1=1&pageListNo2=1,2026-08-15,公的登録確認・公式サイト要確認,B,免許行政庁: 兵庫県; 免許番号: 第000699号; 自動追加日: 2026-08-15,宅地建物取引業者,,,,,
RE-MLIT-28-00000040,山陽電気鉄道株式会社,近畿,兵庫県,要確認,兵庫県,要確認,要確認,要確認,要確認,要確認,要確認,要確認,要確認,国土交通省の企業情報検索システムで宅地建物取引業者登録を確認,https://etsuran2.mlit.go.jp/TAKKEN/takkenKensaku.do?CMD=selectPage&caller=TK&choice=1&rdoSelect=1&rdoSelectJoken=1&rdoSelectSort=1&sortValue=1&dispCount=50&licenseNoKbn=28&pageCount=1&pageListNo1=1&pageListNo2=1,2026-08-15,公的登録確認・公式サイト要確認,B,免許行政庁: 兵庫県; 免許番号: 第000040号; 自動追加日: 2026-08-15,宅地建物取引業者,,,,,
RE-MLIT-28-00000034,明石神栄商事株式会社,近畿,兵庫県,要確認,兵庫県,要確認,要確認,要確認,要確認,要確認,要確認,要確認,要確認,国土交通省の企業情報検索システムで宅地建物取引業者登録を確認,https://etsuran2.mlit.go.jp/TAKKEN/takkenKensaku.do?CMD=selectPage&caller=TK&choice=1&rdoSelect=1&rdoSelectJoken=1&rdoSelectSort=1&sortValue=1&dispCount=50&licenseNoKbn=28&pageCount=1&pageListNo1=1&pageListNo2=1,2026-08-15,公的登録確認・公式サイト要確認,B,免許行政庁: 兵庫県; 免許番号: 第000034号; 自動追加日: 2026-08-15,宅地建物取引業者,,,,,
RE-MLIT-28-00000501,株式会社和興不動産,近畿,兵庫県,要確認,兵庫県,要確認,要確認,要確認,要確認,要確認,要確認,要確認,要確認,国土交通省の企業情報検索システムで宅地建物取引業者登録を確認,https://etsuran2.mlit.go.jp/TAKKEN/takkenKensaku.do?CMD=selectPage&caller=TK&choice=1&rdoSelect=1&rdoSelectJoken=1&rdoSelectSort=1&sortValue=1&dispCount=50&licenseNoKbn=28&pageCount=1&pageListNo1=1&pageListNo2=1,2026-08-15,公的登録確認・公式サイト要確認,B,免許行政庁: 兵庫県; 免許番号: 第000501号; 自動追加日: 2026-08-15,宅地建物取引業者,,,,,
RE-MLIT-28-00000292,株式会社神戸商会,近畿,兵庫県,要確認,兵庫県,要確認,要確認,要確認,要確認,要確認,要確認,要確認,要確認,国土交通省の企業情報検索システムで宅地建物取引業者登録を確認,https://etsuran2.mlit.go.jp/TAKKEN/takkenKensaku.do?CMD=selectPage&caller=TK&choice=1&rdoSelect=1&rdoSelectJoken=1&rdoSelectSort=1&sortValue=1&dispCount=50&licenseNoKbn=28&pageCount=1&pageListNo1=1&pageListNo2=1,2026-08-15,公的登録確認・公式サイト要確認,B,免許行政庁: 兵庫県; 免許番号: 第000292号; 自動追加日: 2026-08-15,宅地建物取引業者,,,,,
RE-MLIT-28-00000457,株式会社貝塚工務店,近畿,兵庫県,要確認,兵庫県,要確認,要確認,要確認,要確認,要確認,要確認,要確認,要確認,国土交通省の企業情報検索システムで宅地建物取引業者登録を確認,https://etsuran2.mlit.go.jp/TAKKEN/takkenKensaku.do?CMD=selectPage&caller=TK&choice=1&rdoSelect=1&rdoSelectJoken=1&rdoSelectSort=1&sortValue=1&dispCount=50&licenseNoKbn=28&pageCount=1&pageListNo1=1&pageListNo2=1,2026-08-15,公的登録確認・公式サイト要確認,B,免許行政庁: 兵庫県; 免許番号: 第000457号; 自動追加日: 2026-08-15,宅地建物取引業者,,,,,
RE-MLIT-28-00000107,神戸地所株式会社,近畿,兵庫県,要確認,兵庫県,要確認,要確認,要確認,要確認,要確認,要確認,要確認,要確認,国土交通省の企業情報検索システムで宅地建物取引業者登録を確認,https://etsuran2.mlit.go.jp/TAKKEN/takkenKensaku.do?CMD=selectPage&caller=TK&choice=1&rdoSelect=1&rdoSelectJoken=1&rdoSelectSort=1&sortValue=1&dispCount=50&licenseNoKbn=28&pageCount=1&pageListNo1=1&pageListNo2=1,2026-08-15,公的登録確認・公式サイト要確認,B,免許行政庁: 兵庫県; 免許番号: 第000107号; 自動追加日: 2026-08-15,宅地建物取引業者,,,,,
RE-MLIT-28-00000576,長野工務店,近畿,兵庫県,要確認,兵庫県,要確認,要確認,要確認,要確認,要確認,要確認,要確認,要確認,国土交通省の企業情報検索システムで宅地建物取引業者登録を確認,https://etsuran2.mlit.go.jp/TAKKEN/takkenKensaku.do?CMD=selectPage&caller=TK&choice=1&rdoSelect=1&rdoSelectJoken=1&rdoSelectSort=1&sortValue=1&dispCount=50&licenseNoKbn=28&pageCount=1&pageListNo1=1&pageListNo2=1,2026-08-15,公的登録確認・公式サイト要確認,B,免許行政庁: 兵庫県; 免許番号: 第000576号; 自動追加日: 2026-08-15,宅地建物取引業者,,,,,
RE-MLIT-28-00000111,霞ケ丘不動産株式会社,近畿,兵庫県,要確認,兵庫県,要確認,要確認,要確認,要確認,要確認,要確認,要確認,要確認,国土交通省の企業情報検索システムで宅地建物取引業者登録を確認,https://etsuran2.mlit.go.jp/TAKKEN/takkenKensaku.do?CMD=selectPage&caller=TK&choice=1&rdoSelect=1&rdoSelectJoken=1&rdoSelectSort=1&sortValue=1&dispCount=50&licenseNoKbn=28&pageCount=1&pageListNo1=1&pageListNo2=1,2026-08-15,公的登録確認・公式サイト要確認,B,免許行政庁: 兵庫県; 免許番号: 第000111号; 自動追加日: 2026-08-15,宅地建物取引業者,,,,,
RE-MLIT-27-00000369,ふか喜株式会社,近畿,大阪府,要確認,大阪府,要確認,あり,マンション・土地・事業用・賃貸管理,あり,https://compalyze.co.jp/company/1120901019885,https://compalyze.co.jp/contact,https://compalyze.co.jp/company/1120901019885,要確認,公式サイト自動確認（確信度高・100点）。収益・投資用不動産表記あり。問い合わせ導線あり。物上げ適性C（30点: 用地仕入れ・開発・問い合わせ導線）,https://etsuran2.mlit.go.jp/TAKKEN/takkenKensaku.do?CMD=selectPage&caller=TK&choice=1&rdoSelect=1&rdoSelectJoken=1&rdoSelectSort=1&sortValue=1&dispCount=50&licenseNoKbn=27&pageCount=1&pageListNo1=1&pageListNo2=1 | https://compalyze.co.jp/company/1120901019885 | https://compalyze.co.jp/contact,2026-08-19,自動確認済み,C,免許行政庁: 大阪府; 免許番号: 第000369号; 自動追加日: 2026-08-12; 公式サイト自動確認日: 2026-08-19,宅地建物取引業者,要確認,高,100,30,用地仕入れ・開発・問い合わせ導線
RE-MLIT-27-00000001,株式会社シティフィールド,近畿,大阪府,要確認,大阪府,要確認,要確認,要確認,要確認,要確認,要確認,要確認,要確認,国土交通省の企業情報検索システムで宅地建物取引業者登録を確認,https://etsuran2.mlit.go.jp/TAKKEN/takkenKensaku.do?CMD=selectPage&caller=TK&choice=1&rdoSelect=1&rdoSelectJoken=1&rdoSelectSort=1&sortValue=1&dispCount=50&licenseNoKbn=27&pageCount=1&pageListNo1=1&pageListNo2=1,2026-08-12,公的登録確認・公式サイト要確認,B,免許行政庁: 大阪府; 免許番号: 第000001号; 自動追加日: 2026-08-12,宅地建物取引業者,,,,,
RE-MLIT-27-00000038,株式会社タイコーハウジングコア,近畿,大阪府,要確認,大阪府,要確認,要確認,要確認,要確認,要確認,要確認,要確認,要確認,国土交通省の企業情報検索システムで宅地建物取引業者登録を確認,https://etsuran2.mlit.go.jp/TAKKEN/takkenKensaku.do?CMD=selectPage&caller=TK&choice=1&rdoSelect=1&rdoSelectJoken=1&rdoSelectSort=1&sortValue=1&dispCount=50&licenseNoKbn=27&pageCount=1&pageListNo1=1&pageListNo2=1,2026-08-12,公的登録確認・公式サイト要確認,B,免許行政庁: 大阪府; 免許番号: 第000038号; 自動追加日: 2026-08-12,宅地建物取引業者,,,,,
RE-MLIT-27-00000098,株式会社岸本工務店,近畿,大阪府,要確認,大阪府,要確認,要確認,要確認,要確認,要確認,要確認,要確認,要確認,国土交通省の企業情報検索システムで宅地建物取引業者登録を確認,https://etsuran2.mlit.go.jp/TAKKEN/takkenKensaku.do?CMD=selectPage&caller=TK&choice=1&rdoSelect=1&rdoSelectJoken=1&rdoSelectSort=1&sortValue=1&dispCount=50&licenseNoKbn=27&pageCount=1&pageListNo1=1&pageListNo2=1,2026-08-12,公的登録確認・公式サイト要確認,B,免許行政庁: 大阪府; 免許番号: 第000098号; 自動追加日: 2026-08-12,宅地建物取引業者,,,,,
RE-0010,株式会社福屋不動産販売,近畿,大阪府,大阪府大阪市北区,関西・首都圏・福岡,あり,あり,マンション・土地・事業用,あり,https://www.fukuya-k.co.jp/,https://www.fukuya-k.co.jp/contact,https://www.fukuya-k.co.jp/kansai/investment/,要確認,戸建てと投資・収益用物件の双方を地域店舗で扱う,https://www.fukuya-k.co.jp/shutoken/investment/tokyo/nerima-ku | https://www.fukuya-k.co.jp/kansai/ikkodate/hyogo/station/kyoguchi_6613050,2026-07-15,確認済み,A,問い合わせ先は取扱店舗選択式,,,,,,
RE-MLIT-27-00000274,株式会社萬成社,近畿,大阪府,要確認,大阪府,要確認,要確認,要確認,あり,https://data-link-plus.com/jp/corporation/6120001090221,https://data-link-plus.com/jp/inquiry-form,https://data-link-plus.com/jp/corporation/6120001090221,06-6231-3157,公式サイト自動確認（確信度高・100点）。問い合わせ導線あり。物上げ適性C（5点: 問い合わせ導線）,https://etsuran2.mlit.go.jp/TAKKEN/takkenKensaku.do?CMD=selectPage&caller=TK&choice=1&rdoSelect=1&rdoSelectJoken=1&rdoSelectSort=1&sortValue=1&dispCount=50&licenseNoKbn=27&pageCount=1&pageListNo1=1&pageListNo2=1 | https://data-link-plus.com/jp/corporation/6120001090221 | https://data-link-plus.com/jp/inquiry-form,2026-08-19,自動確認済み,C,免許行政庁: 大阪府; 免許番号: 第000274号; 自動追加日: 2026-08-12; 公式サイト自動確認日: 2026-08-19,宅地建物取引業者,要確認,高,100,5,問い合わせ導線
RE-MLIT-27-00000345,正鋼建設株式会社,近畿,大阪府,要確認,大阪府,要確認,要確認,要確認,あり,https://data-link-plus.com/jp/corporation/3122001003660,https://data-link-plus.com/jp/inquiry-form,https://data-link-plus.com/jp/corporation/3122001003660,06-6788-0304,公式サイト自動確認（確信度高・95点）。問い合わせ導線あり。物上げ適性C（5点: 問い合わせ導線）,https://etsuran2.mlit.go.jp/TAKKEN/takkenKensaku.do?CMD=selectPage&caller=TK&choice=1&rdoSelect=1&rdoSelectJoken=1&rdoSelectSort=1&sortValue=1&dispCount=50&licenseNoKbn=27&pageCount=1&pageListNo1=1&pageListNo2=1 | https://data-link-plus.com/jp/corporation/3122001003660 | https://data-link-plus.com/jp/inquiry-form,2026-08-19,自動確認済み,C,免許行政庁: 大阪府; 免許番号: 第000345号; 自動追加日: 2026-08-12; 公式サイト自動確認日: 2026-08-19,宅地建物取引業者,要確認,高,95,5,問い合わせ導線
RE-MLIT-27-00000053,武村土地株式会社,近畿,大阪府,要確認,大阪府,要確認,要確認,要確認,要確認,要確認,要確認,要確認,要確認,国土交通省の企業情報検索システムで宅地建物取引業者登録を確認,https://etsuran2.mlit.go.jp/TAKKEN/takkenKensaku.do?CMD=selectPage&caller=TK&choice=1&rdoSelect=1&rdoSelectJoken=1&rdoSelectSort=1&sortValue=1&dispCount=50&licenseNoKbn=27&pageCount=1&pageListNo1=1&pageListNo2=1,2026-08-12,公的登録確認・公式サイト要確認,B,免許行政庁: 大阪府; 免許番号: 第000053号; 自動追加日: 2026-08-12,宅地建物取引業者,,,,,
RE-MLIT-27-00000262,泉建設株式会社,近畿,大阪府,要確認,大阪府,あり,要確認,土地,要確認,https://www.kensetumap.com/company/345921/profile.php,要確認,https://www.kensetumap.com/company/345921/profile.php,06-6552-0123,公式サイト自動確認（確信度中・75点）。戸建て取扱表記あり,https://etsuran2.mlit.go.jp/TAKKEN/takkenKensaku.do?CMD=selectPage&caller=TK&choice=1&rdoSelect=1&rdoSelectJoken=1&rdoSelectSort=1&sortValue=1&dispCount=50&licenseNoKbn=27&pageCount=1&pageListNo1=1&pageListNo2=1 | https://www.kensetumap.com/company/345921/profile.php,2026-08-19,一部自動確認,C,免許行政庁: 大阪府; 免許番号: 第000262号; 自動追加日: 2026-08-12; 公式サイト自動確認日: 2026-08-19,宅地建物取引業者,要確認,中,75,0,
RE-MLIT-27-00000100,淀庄株式会社,近畿,大阪府,要確認,大阪府,要確認,要確認,要確認,あり,https://data-link-plus.com/jp/corporation/6120001053186,https://data-link-plus.com/jp/inquiry-form,https://data-link-plus.com/jp/corporation/6120001053186,06-6321-5325,公式サイト自動確認（確信度高・95点）。問い合わせ導線あり。物上げ適性C（5点: 問い合わせ導線）,https://etsuran2.mlit.go.jp/TAKKEN/takkenKensaku.do?CMD=selectPage&caller=TK&choice=1&rdoSelect=1&rdoSelectJoken=1&rdoSelectSort=1&sortValue=1&dispCount=50&licenseNoKbn=27&pageCount=1&pageListNo1=1&pageListNo2=1 | https://data-link-plus.com/jp/corporation/6120001053186 | https://data-link-plus.com/jp/inquiry-form,2026-08-19,自動確認済み,C,免許行政庁: 大阪府; 免許番号: 第000100号; 自動追加日: 2026-08-12; 公式サイト自動確認日: 2026-08-19,宅地建物取引業者,要確認,高,95,5,問い合わせ導線
RE-MLIT-27-00000049,萬成商事株式会社,近畿,大阪府,要確認,大阪府,要確認,要確認,要確認,要確認,要確認,要確認,要確認,要確認,国土交通省の企業情報検索システムで宅地建物取引業者登録を確認,https://etsuran2.mlit.go.jp/TAKKEN/takkenKensaku.do?CMD=selectPage&caller=TK&choice=1&rdoSelect=1&rdoSelectJoken=1&rdoSelectSort=1&sortValue=1&dispCount=50&licenseNoKbn=27&pageCount=1&pageListNo1=1&pageListNo2=1,2026-08-12,公的登録確認・公式サイト要確認,B,免許行政庁: 大阪府; 免許番号: 第000049号; 自動追加日: 2026-08-12,宅地建物取引業者,,,,,
RE-MLIT-12-00000283,ミドリ不動産株式会社,関東,千葉県,要確認,千葉県,要確認,要確認,要確認,要確認,要確認,要確認,要確認,要確認,国土交通省の企業情報検索システムで宅地建物取引業者登録を確認,https://etsuran2.mlit.go.jp/TAKKEN/takkenKensaku.do?CMD=selectPage&caller=TK&choice=1&rdoSelect=1&rdoSelectJoken=1&rdoSelectSort=1&sortValue=1&dispCount=50&licenseNoKbn=12&pageCount=1&pageListNo1=1&pageListNo2=1,2026-07-22,公的登録確認・公式サイト要確認,A,免許行政庁: 千葉県; 免許番号: 第000283号; 自動追加日: 2026-07-22,,,,,,
RE-MLIT-12-00001770,一般財団法人千葉県まちづくり公社,関東,千葉県,要確認,千葉県,要確認,要確認,要確認,あり,https://www.cue-net.or.jp/index.html,https://www.cue-net.or.jp/contact/index.html,https://www.cue-net.or.jp/index.html,04-7134-2015,公式サイトを自動確認。問い合わせ導線あり,https://etsuran2.mlit.go.jp/TAKKEN/takkenKensaku.do?CMD=selectPage&caller=TK&choice=1&rdoSelect=1&rdoSelectJoken=1&rdoSelectSort=1&sortValue=1&dispCount=50&licenseNoKbn=12&pageCount=2&pageListNo1=2&pageListNo2=2 | https://www.cue-net.or.jp/index.html | https://www.cue-net.or.jp/contact/index.html,2026-08-01,自動確認済み,A,免許行政庁: 千葉県; 免許番号: 第001770号; 自動追加日: 2026-07-29; 公式サイト自動確認日: 2026-08-01,,,,,,
RE-MLIT-12-00000271,丸正商事株式会社,関東,千葉県,要確認,千葉県,要確認,要確認,要確認,要確認,要確認,要確認,要確認,要確認,国土交通省の企業情報検索システムで宅地建物取引業者登録を確認,https://etsuran2.mlit.go.jp/TAKKEN/takkenKensaku.do?CMD=selectPage&caller=TK&choice=1&rdoSelect=1&rdoSelectJoken=1&rdoSelectSort=1&sortValue=1&dispCount=50&licenseNoKbn=12&pageCount=1&pageListNo1=1&pageListNo2=1,2026-07-22,公的登録確認・公式サイト要確認,A,免許行政庁: 千葉県; 免許番号: 第000271号; 自動追加日: 2026-07-22,,,,,,
RE-MLIT-12-00002554,六幸企業株式会社,関東,千葉県,要確認,千葉県,要確認,要確認,要確認,要確認,要確認,要確認,要確認,要確認,国土交通省の企業情報検索システムで宅地建物取引業者登録を確認,https://etsuran2.mlit.go.jp/TAKKEN/takkenKensaku.do?CMD=selectPage&caller=TK&choice=1&rdoSelect=1&rdoSelectJoken=1&rdoSelectSort=1&sortValue=1&dispCount=50&licenseNoKbn=12&pageCount=3&pageListNo1=3&pageListNo2=3,2026-08-05,公的登録確認・公式サイト要確認,A,免許行政庁: 千葉県; 免許番号: 第002554号; 自動追加日: 2026-08-05,,,,,,
RE-MLIT-12-00000119,北葉開発株式会社,関東,千葉県,要確認,千葉県,要確認,要確認,要確認,要確認,要確認,要確認,要確認,要確認,国土交通省の企業情報検索システムで宅地建物取引業者登録を確認,https://etsuran2.mlit.go.jp/TAKKEN/takkenKensaku.do?CMD=selectPage&caller=TK&choice=1&rdoSelect=1&rdoSelectJoken=1&rdoSelectSort=1&sortValue=1&dispCount=50&licenseNoKbn=12&pageCount=1&pageListNo1=1&pageListNo2=1,2026-07-22,公的登録確認・公式サイト要確認,A,免許行政庁: 千葉県; 免許番号: 第000119号; 自動追加日: 2026-07-22,,,,,,
RE-MLIT-12-00000001,千葉復興株式会社,関東,千葉県,要確認,千葉県,要確認,要確認,要確認,要確認,要確認,要確認,要確認,要確認,国土交通省の企業情報検索システムで宅地建物取引業者登録を確認,https://etsuran2.mlit.go.jp/TAKKEN/takkenKensaku.do?CMD=selectPage&caller=TK&choice=1&rdoSelect=1&rdoSelectJoken=1&rdoSelectSort=1&sortValue=1&dispCount=50&licenseNoKbn=12&pageCount=1&pageListNo1=1&pageListNo2=1,2026-07-22,公的登録確認・公式サイト要確認,A,免許行政庁: 千葉県; 免許番号: 第000001号; 自動追加日: 2026-07-22,,,,,,
RE-MLIT-12-00001744,印南興業株式会社,関東,千葉県,要確認,千葉県,要確認,要確認,要確認,要確認,要確認,要確認,要確認,要確認,国土交通省の企業情報検索システムで宅地建物取引業者登録を確認,https://etsuran2.mlit.go.jp/TAKKEN/takkenKensaku.do?CMD=selectPage&caller=TK&choice=1&rdoSelect=1&rdoSelectJoken=1&rdoSelectSort=1&sortValue=1&dispCount=50&licenseNoKbn=12&pageCount=2&pageListNo1=2&pageListNo2=2,2026-07-29,公的登録確認・公式サイト要確認,A,免許行政庁: 千葉県; 免許番号: 第001744号; 自動追加日: 2026-07-29,,,,,,
RE-MLIT-12-00001790,大英建設株式会社,関東,千葉県,要確認,千葉県,要確認,要確認,要確認,要確認,要確認,要確認,要確認,要確認,国土交通省の企業情報検索システムで宅地建物取引業者登録を確認,https://etsuran2.mlit.go.jp/TAKKEN/takkenKensaku.do?CMD=selectPage&caller=TK&choice=1&rdoSelect=1&rdoSelectJoken=1&rdoSelectSort=1&sortValue=1&dispCount=50&licenseNoKbn=12&pageCount=2&pageListNo1=2&pageListNo2=2,2026-07-29,公的登録確認・公式サイト要確認,A,免許行政庁: 千葉県; 免許番号: 第001790号; 自動追加日: 2026-07-29,,,,,,
RE-MLIT-12-00000120,小湊鉄道株式会社,関東,千葉県,要確認,千葉県,要確認,要確認,土地・事業用,あり,要確認,要確認,要確認,04000105392,公式サイトを自動確認。問い合わせ導線あり,https://etsuran2.mlit.go.jp/TAKKEN/takkenKensaku.do?CMD=selectPage&caller=TK&choice=1&rdoSelect=1&rdoSelectJoken=1&rdoSelectSort=1&sortValue=1&dispCount=50&licenseNoKbn=12&pageCount=1&pageListNo1=1&pageListNo2=1 | https://ja.wikipedia.org/wiki/%E5%B0%8F%E6%B9%8A%E9%89%84%E9%81%93 | https://ja.wikipedia.org/wiki/Wikipedia:%E9%80%A3%E7%B5%A1%E5%85%88,2026-07-23,品質再確認待ち,A,免許行政庁: 千葉県; 免許番号: 第000120号; 自動追加日: 2026-07-22; 公式サイト自動確認日: 2026-07-23; 自動品質監査で再確認対象,,,,,,
RE-MLIT-12-00002618,山水開発株式会社,関東,千葉県,要確認,千葉県,要確認,要確認,要確認,要確認,要確認,要確認,要確認,要確認,国土交通省の企業情報検索システムで宅地建物取引業者登録を確認,https://etsuran2.mlit.go.jp/TAKKEN/takkenKensaku.do?CMD=selectPage&caller=TK&choice=1&rdoSelect=1&rdoSelectJoken=1&rdoSelectSort=1&sortValue=1&dispCount=50&licenseNoKbn=12&pageCount=3&pageListNo1=3&pageListNo2=3,2026-08-05,公的登録確認・公式サイト要確認,A,免許行政庁: 千葉県; 免許番号: 第002618号; 自動追加日: 2026-08-05,,,,,,
RE-MLIT-12-00001746,山田不動産株式会社,関東,千葉県,要確認,千葉県,要確認,要確認,要確認,要確認,要確認,要確認,要確認,要確認,国土交通省の企業情報検索システムで宅地建物取引業者登録を確認,https://etsuran2.mlit.go.jp/TAKKEN/takkenKensaku.do?CMD=selectPage&caller=TK&choice=1&rdoSelect=1&rdoSelectJoken=1&rdoSelectSort=1&sortValue=1&dispCount=50&licenseNoKbn=12&pageCount=2&pageListNo1=2&pageListNo2=2,2026-07-29,公的登録確認・公式サイト要確認,A,免許行政庁: 千葉県; 免許番号: 第001746号; 自動追加日: 2026-07-29,,,,,,
RE-MLIT-12-00002638,市川市農業協同組合,関東,千葉県,要確認,千葉県,要確認,要確認,マンション・事業用・賃貸管理,あり,https://www.icbs.co.jp/,https://www.icbs.co.jp/contact.html,https://www.icbs.co.jp/,047-358-7917,公式サイト自動確認（確信度中・70点）。問い合わせ導線あり。物上げ適性C（5点: 問い合わせ導線）,https://etsuran2.mlit.go.jp/TAKKEN/takkenKensaku.do?CMD=selectPage&caller=TK&choice=1&rdoSelect=1&rdoSelectJoken=1&rdoSelectSort=1&sortValue=1&dispCount=50&licenseNoKbn=12&pageCount=3&pageListNo1=3&pageListNo2=3 | https://www.icbs.co.jp/ | https://www.icbs.co.jp/contact.html,2026-08-09,自動確認済み,C,免許行政庁: 千葉県; 免許番号: 第002638号; 自動追加日: 2026-08-05; 公式サイト自動確認日: 2026-08-09,,要確認,中,70,5,問い合わせ導線
RE-MLIT-12-00000292,常南土地株式会社,関東,千葉県,要確認,千葉県,要確認,要確認,要確認,要確認,要確認,要確認,要確認,要確認,国土交通省の企業情報検索システムで宅地建物取引業者登録を確認,https://etsuran2.mlit.go.jp/TAKKEN/takkenKensaku.do?CMD=selectPage&caller=TK&choice=1&rdoSelect=1&rdoSelectJoken=1&rdoSelectSort=1&sortValue=1&dispCount=50&licenseNoKbn=12&pageCount=1&pageListNo1=1&pageListNo2=1,2026-07-22,公的登録確認・公式サイト要確認,A,免許行政庁: 千葉県; 免許番号: 第000292号; 自動追加日: 2026-07-22,,,,,,
RE-MLIT-12-00000298,日東不動産株式会社,関東,千葉県,要確認,千葉県,要確認,要確認,要確認,要確認,要確認,要確認,要確認,要確認,国土交通省の企業情報検索システムで宅地建物取引業者登録を確認,https://etsuran2.mlit.go.jp/TAKKEN/takkenKensaku.do?CMD=selectPage&caller=TK&choice=1&rdoSelect=1&rdoSelectJoken=1&rdoSelectSort=1&sortValue=1&dispCount=50&licenseNoKbn=12&pageCount=1&pageListNo1=1&pageListNo2=1,2026-07-22,公的登録確認・公式サイト要確認,A,免許行政庁: 千葉県; 免許番号: 第000298号; 自動追加日: 2026-07-22,,,,,,
RE-MLIT-12-00002635,日都建設株式会社,関東,千葉県,要確認,千葉県,要確認,要確認,要確認,要確認,要確認,要確認,要確認,要確認,国土交通省の企業情報検索システムで宅地建物取引業者登録を確認,https://etsuran2.mlit.go.jp/TAKKEN/takkenKensaku.do?CMD=selectPage&caller=TK&choice=1&rdoSelect=1&rdoSelectJoken=1&rdoSelectSort=1&sortValue=1&dispCount=50&licenseNoKbn=12&pageCount=3&pageListNo1=3&pageListNo2=3,2026-08-05,公的登録確認・公式サイト要確認,A,免許行政庁: 千葉県; 免許番号: 第002635号; 自動追加日: 2026-08-05,,,,,,
RE-MLIT-12-00000184,有限会社京葉ビル,関東,千葉県,要確認,千葉県,要確認,要確認,事業用,要確認,https://estate.sesh.jp/corp/detail/108313,要確認,https://estate.sesh.jp/corp/detail/108313,要確認,公式サイトを自動確認,https://etsuran2.mlit.go.jp/TAKKEN/takkenKensaku.do?CMD=selectPage&caller=TK&choice=1&rdoSelect=1&rdoSelectJoken=1&rdoSelectSort=1&sortValue=1&dispCount=50&licenseNoKbn=12&pageCount=1&pageListNo1=1&pageListNo2=1 | https://estate.sesh.jp/corp/detail/108313,2026-07-23,一部自動確認,A,免許行政庁: 千葉県; 免許番号: 第000184号; 自動追加日: 2026-07-22; 公式サイト自動確認日: 2026-07-23,,,,,,
RE-MLIT-12-00002577,有限会社大日総業,関東,千葉県,要確認,千葉県,要確認,要確認,要確認,要確認,要確認,要確認,要確認,要確認,国土交通省の企業情報検索システムで宅地建物取引業者登録を確認,https://etsuran2.mlit.go.jp/TAKKEN/takkenKensaku.do?CMD=selectPage&caller=TK&choice=1&rdoSelect=1&rdoSelectJoken=1&rdoSelectSort=1&sortValue=1&dispCount=50&licenseNoKbn=12&pageCount=3&pageListNo1=3&pageListNo2=3,2026-08-05,公的登録確認・公式サイト要確認,A,免許行政庁: 千葉県; 免許番号: 第002577号; 自動追加日: 2026-08-05,,,,,,
RE-MLIT-12-00001703,有限会社岡田不動産,関東,千葉県,要確認,千葉県,要確認,要確認,要確認,要確認,要確認,要確認,要確認,要確認,国土交通省の企業情報検索システムで宅地建物取引業者登録を確認,https://etsuran2.mlit.go.jp/TAKKEN/takkenKensaku.do?CMD=selectPage&caller=TK&choice=1&rdoSelect=1&rdoSelectJoken=1&rdoSelectSort=1&sortValue=1&dispCount=50&licenseNoKbn=12&pageCount=2&pageListNo1=2&pageListNo2=2,2026-07-29,公的登録確認・公式サイト要確認,A,免許行政庁: 千葉県; 免許番号: 第001703号; 自動追加日: 2026-07-29,,,,,,
RE-MLIT-12-00000234,有限会社川崎不動産,関東,千葉県,要確認,千葉県,要確認,要確認,要確認,要確認,要確認,要確認,要確認,要確認,国土交通省の企業情報検索システムで宅地建物取引業者登録を確認,https://etsuran2.mlit.go.jp/TAKKEN/takkenKensaku.do?CMD=selectPage&caller=TK&choice=1&rdoSelect=1&rdoSelectJoken=1&rdoSelectSort=1&sortValue=1&dispCount=50&licenseNoKbn=12&pageCount=1&pageListNo1=1&pageListNo2=1,2026-07-22,公的登録確認・公式サイト要確認,A,免許行政庁: 千葉県; 免許番号: 第000234号; 自動追加日: 2026-07-22,,,,,,
RE-MLIT-12-00001799,有限会社植松商事,関東,千葉県,要確認,千葉県,要確認,要確認,要確認,要確認,要確認,要確認,要確認,要確認,国土交通省の企業情報検索システムで宅地建物取引業者登録を確認,https://etsuran2.mlit.go.jp/TAKKEN/takkenKensaku.do?CMD=selectPage&caller=TK&choice=1&rdoSelect=1&rdoSelectJoken=1&rdoSelectSort=1&sortValue=1&dispCount=50&licenseNoKbn=12&pageCount=2&pageListNo1=2&pageListNo2=2,2026-07-29,公的登録確認・公式サイト要確認,A,免許行政庁: 千葉県; 免許番号: 第001799号; 自動追加日: 2026-07-29,,,,,,
RE-MLIT-12-00001796,有限会社牧野産業,関東,千葉県,要確認,千葉県,要確認,要確認,要確認,要確認,要確認,要確認,要確認,要確認,国土交通省の企業情報検索システムで宅地建物取引業者登録を確認,https://etsuran2.mlit.go.jp/TAKKEN/takkenKensaku.do?CMD=selectPage&caller=TK&choice=1&rdoSelect=1&rdoSelectJoken=1&rdoSelectSort=1&sortValue=1&dispCount=50&licenseNoKbn=12&pageCount=2&pageListNo1=2&pageListNo2=2,2026-07-29,公的登録確認・公式サイト要確認,A,免許行政庁: 千葉県; 免許番号: 第001796号; 自動追加日: 2026-07-29,,,,,,
RE-MLIT-12-00002578,株式会社もとゆき,関東,千葉県,要確認,千葉県,要確認,要確認,要確認,要確認,要確認,要確認,要確認,要確認,国土交通省の企業情報検索システムで宅地建物取引業者登録を確認,https://etsuran2.mlit.go.jp/TAKKEN/takkenKensaku.do?CMD=selectPage&caller=TK&choice=1&rdoSelect=1&rdoSelectJoken=1&rdoSelectSort=1&sortValue=1&dispCount=50&licenseNoKbn=12&pageCount=3&pageListNo1=3&pageListNo2=3,2026-08-05,公的登録確認・公式サイト要確認,A,免許行政庁: 千葉県; 免許番号: 第002578号; 自動追加日: 2026-08-05,,,,,,
RE-MLIT-12-00002653,株式会社三光建設,関東,千葉県,要確認,千葉県,要確認,要確認,土地・事業用,要確認,https://kaisharesearch.com/company/detail/8040001065618/,要確認,https://kaisharesearch.com/company/detail/8040001065618/,要確認,公式サイト自動確認（確信度中・75点）,https://etsuran2.mlit.go.jp/TAKKEN/takkenKensaku.do?CMD=selectPage&caller=TK&choice=1&rdoSelect=1&rdoSelectJoken=1&rdoSelectSort=1&sortValue=1&dispCount=50&licenseNoKbn=12&pageCount=3&pageListNo1=3&pageListNo2=3 | https://kaisharesearch.com/company/detail/8040001065618/,2026-08-09,一部自動確認,C,免許行政庁: 千葉県; 免許番号: 第002653号; 自動追加日: 2026-08-05; 公式サイト自動確認日: 2026-08-09,,要確認,中,75,0,
RE-MLIT-12-00001809,株式会社冨商事,関東,千葉県,要確認,千葉県,要確認,要確認,要確認,要確認,要確認,要確認,要確認,要確認,国土交通省の企業情報検索システムで宅地建物取引業者登録を確認,https://etsuran2.mlit.go.jp/TAKKEN/takkenKensaku.do?CMD=selectPage&caller=TK&choice=1&rdoSelect=1&rdoSelectJoken=1&rdoSelectSort=1&sortValue=1&dispCount=50&licenseNoKbn=12&pageCount=2&pageListNo1=2&pageListNo2=2,2026-07-29,公的登録確認・公式サイト要確認,A,免許行政庁: 千葉県; 免許番号: 第001809号; 自動追加日: 2026-07-29,,,,,,
RE-MLIT-12-00002658,株式会社千葉住宅サービス社,関東,千葉県,要確認,千葉県,要確認,要確認,要確認,要確認,要確認,要確認,要確認,要確認,国土交通省の企業情報検索システムで宅地建物取引業者登録を確認,https://etsuran2.mlit.go.jp/TAKKEN/takkenKensaku.do?CMD=selectPage&caller=TK&choice=1&rdoSelect=1&rdoSelectJoken=1&rdoSelectSort=1&sortValue=1&dispCount=50&licenseNoKbn=12&pageCount=3&pageListNo1=3&pageListNo2=3,2026-08-05,公的登録確認・公式サイト要確認,A,免許行政庁: 千葉県; 免許番号: 第002658号; 自動追加日: 2026-08-05,,,,,,
RE-MLIT-12-00002564,株式会社墨田地所,関東,千葉県,要確認,千葉県,要確認,要確認,要確認,要確認,要確認,要確認,要確認,要確認,国土交通省の企業情報検索システムで宅地建物取引業者登録を確認,https://etsuran2.mlit.go.jp/TAKKEN/takkenKensaku.do?CMD=selectPage&caller=TK&choice=1&rdoSelect=1&rdoSelectJoken=1&rdoSelectSort=1&sortValue=1&dispCount=50&licenseNoKbn=12&pageCount=3&pageListNo1=3&pageListNo2=3,2026-08-05,公的登録確認・公式サイト要確認,A,免許行政庁: 千葉県; 免許番号: 第002564号; 自動追加日: 2026-08-05,,,,,,
RE-MLIT-12-00000286,株式会社富士見地所,関東,千葉県,要確認,千葉県,要確認,要確認,要確認,要確認,要確認,要確認,要確認,要確認,国土交通省の企業情報検索システムで宅地建物取引業者登録を確認,https://etsuran2.mlit.go.jp/TAKKEN/takkenKensaku.do?CMD=selectPage&caller=TK&choice=1&rdoSelect=1&rdoSelectJoken=1&rdoSelectSort=1&sortValue=1&dispCount=50&licenseNoKbn=12&pageCount=1&pageListNo1=1&pageListNo2=1,2026-07-22,公的登録確認・公式サイト要確認,A,免許行政庁: 千葉県; 免許番号: 第000286号; 自動追加日: 2026-07-22,,,,,,
RE-MLIT-12-00002657,株式会社富里不動産,関東,千葉県,要確認,千葉県,要確認,要確認,要確認,要確認,要確認,要確認,要確認,要確認,国土交通省の企業情報検索システムで宅地建物取引業者登録を確認,https://etsuran2.mlit.go.jp/TAKKEN/takkenKensaku.do?CMD=selectPage&caller=TK&choice=1&rdoSelect=1&rdoSelectJoken=1&rdoSelectSort=1&sortValue=1&dispCount=50&licenseNoKbn=12&pageCount=3&pageListNo1=3&pageListNo2=3,2026-08-05,公的登録確認・公式サイト要確認,A,免許行政庁: 千葉県; 免許番号: 第002657号; 自動追加日: 2026-08-05,,,,,,
RE-MLIT-12-00001794,正直不動産株式会社,関東,千葉県,要確認,千葉県,要確認,要確認,要確認,要確認,要確認,要確認,要確認,要確認,国土交通省の企業情報検索システムで宅地建物取引業者登録を確認,https://etsuran2.mlit.go.jp/TAKKEN/takkenKensaku.do?CMD=selectPage&caller=TK&choice=1&rdoSelect=1&rdoSelectJoken=1&rdoSelectSort=1&sortValue=1&dispCount=50&licenseNoKbn=12&pageCount=2&pageListNo1=2&pageListNo2=2,2026-07-29,公的登録確認・公式サイト要確認,A,免許行政庁: 千葉県; 免許番号: 第001794号; 自動追加日: 2026-07-29,,,,,,
RE-MLIT-12-00001683,結城建設株式会社,関東,千葉県,要確認,千葉県,要確認,要確認,要確認,要確認,要確認,要確認,要確認,要確認,国土交通省の企業情報検索システムで宅地建物取引業者登録を確認,https://etsuran2.mlit.go.jp/TAKKEN/takkenKensaku.do?CMD=selectPage&caller=TK&choice=1&rdoSelect=1&rdoSelectJoken=1&rdoSelectSort=1&sortValue=1&dispCount=50&licenseNoKbn=12&pageCount=2&pageListNo1=2&pageListNo2=2,2026-07-29,公的登録確認・公式サイト要確認,A,免許行政庁: 千葉県; 免許番号: 第001683号; 自動追加日: 2026-07-29,,,,,,
RE-MLIT-11-00002873,かつみ開発,関東,埼玉県,要確認,埼玉県,要確認,要確認,要確認,要確認,要確認,要確認,要確認,要確認,国土交通省の企業情報検索システムで宅地建物取引業者登録を確認,https://etsuran2.mlit.go.jp/TAKKEN/takkenKensaku.do?CMD=selectPage&caller=TK&choice=1&rdoSelect=1&rdoSelectJoken=1&rdoSelectSort=1&sortValue=1&dispCount=50&licenseNoKbn=11&pageCount=3&pageListNo1=3&pageListNo2=3,2026-08-04,公的登録確認・公式サイト要確認,A,免許行政庁: 埼玉県; 免許番号: 第002873号; 自動追加日: 2026-08-04,,,,,,
RE-MLIT-11-00000122,三幸土地建物株式会社,関東,埼玉県,要確認,埼玉県,要確認,要確認,要確認,要確認,要確認,要確認,要確認,要確認,国土交通省の企業情報検索システムで宅地建物取引業者登録を確認,https://etsuran2.mlit.go.jp/TAKKEN/takkenKensaku.do?CMD=selectPage&caller=TK&choice=1&rdoSelect=1&rdoSelectJoken=1&rdoSelectSort=1&sortValue=1&dispCount=50&licenseNoKbn=11&pageCount=1&pageListNo1=1&pageListNo2=1,2026-07-21,公的登録確認・公式サイト要確認,A,免許行政庁: 埼玉県; 免許番号: 第000122号; 自動追加日: 2026-07-21,,,,,,
RE-MLIT-11-00000152,大和屋株式会社,関東,埼玉県,要確認,埼玉県,要確認,要確認,要確認,要確認,https://www.yamatoya-kk.co.jp/saiyou/,要確認,https://www.yamatoya-kk.co.jp/saiyou/,048-522-8611,公式サイトを自動確認,https://etsuran2.mlit.go.jp/TAKKEN/takkenKensaku.do?CMD=selectPage&caller=TK&choice=1&rdoSelect=1&rdoSelectJoken=1&rdoSelectSort=1&sortValue=1&dispCount=50&licenseNoKbn=11&pageCount=1&pageListNo1=1&pageListNo2=1 | https://www.yamatoya-kk.co.jp/saiyou/,2026-07-22,一部自動確認,A,免許行政庁: 埼玉県; 免許番号: 第000152号; 自動追加日: 2026-07-21; 公式サイト自動確認日: 2026-07-22,,,,,,
RE-MLIT-11-00001672,富貴不動産株式会社,関東,埼玉県,要確認,埼玉県,要確認,要確認,要確認,要確認,要確認,要確認,要確認,要確認,国土交通省の企業情報検索システムで宅地建物取引業者登録を確認,https://etsuran2.mlit.go.jp/TAKKEN/takkenKensaku.do?CMD=selectPage&caller=TK&choice=1&rdoSelect=1&rdoSelectJoken=1&rdoSelectSort=1&sortValue=1&dispCount=50&licenseNoKbn=11&pageCount=2&pageListNo1=2&pageListNo2=2,2026-07-28,公的登録確認・公式サイト要確認,A,免許行政庁: 埼玉県; 免許番号: 第001672号; 自動追加日: 2026-07-28,,,,,,
RE-MLIT-11-00001778,有限会社いりそ不動産,関東,埼玉県,要確認,埼玉県,あり,要確認,土地・事業用,あり,https://www.shamaison.com/saitama/shop/area/11215/2012100011123/,https://www.shamaison.com/contact-24h.html,https://www.shamaison.com/saitama/shop/area/11215/2012100011123/,04-2959-4560,公式サイトを自動確認。戸建て取扱表記あり。問い合わせ導線あり,https://etsuran2.mlit.go.jp/TAKKEN/takkenKensaku.do?CMD=selectPage&caller=TK&choice=1&rdoSelect=1&rdoSelectJoken=1&rdoSelectSort=1&sortValue=1&dispCount=50&licenseNoKbn=11&pageCount=2&pageListNo1=2&pageListNo2=2 | https://www.shamaison.com/saitama/shop/area/11215/2012100011123/ | https://www.shamaison.com/contact-24h.html,2026-07-31,自動確認済み,A,免許行政庁: 埼玉県; 免許番号: 第001778号; 自動追加日: 2026-07-28; 公式サイト自動確認日: 2026-07-31,,,,,,
RE-MLIT-11-00002848,有限会社エステー商事,関東,埼玉県,要確認,埼玉県,要確認,要確認,要確認,要確認,要確認,要確認,要確認,要確認,国土交通省の企業情報検索システムで宅地建物取引業者登録を確認,https://etsuran2.mlit.go.jp/TAKKEN/takkenKensaku.do?CMD=selectPage&caller=TK&choice=1&rdoSelect=1&rdoSelectJoken=1&rdoSelectSort=1&sortValue=1&dispCount=50&licenseNoKbn=11&pageCount=3&pageListNo1=3&pageListNo2=3,2026-08-04,公的登録確認・公式サイト要確認,A,免許行政庁: 埼玉県; 免許番号: 第002848号; 自動追加日: 2026-08-04,,,,,,
RE-MLIT-11-00001809,有限会社太田不動産,関東,埼玉県,要確認,埼玉県,要確認,要確認,要確認,要確認,要確認,要確認,要確認,要確認,国土交通省の企業情報検索システムで宅地建物取引業者登録を確認,https://etsuran2.mlit.go.jp/TAKKEN/takkenKensaku.do?CMD=selectPage&caller=TK&choice=1&rdoSelect=1&rdoSelectJoken=1&rdoSelectSort=1&sortValue=1&dispCount=50&licenseNoKbn=11&pageCount=2&pageListNo1=2&pageListNo2=2,2026-07-28,公的登録確認・公式サイト要確認,A,免許行政庁: 埼玉県; 免許番号: 第001809号; 自動追加日: 2026-07-28,,,,,,
RE-MLIT-11-00000101,有限会社旭商事,関東,埼玉県,要確認,埼玉県,要確認,要確認,要確認,要確認,要確認,要確認,要確認,要確認,国土交通省の企業情報検索システムで宅地建物取引業者登録を確認,https://etsuran2.mlit.go.jp/TAKKEN/takkenKensaku.do?CMD=selectPage&caller=TK&choice=1&rdoSelect=1&rdoSelectJoken=1&rdoSelectSort=1&sortValue=1&dispCount=50&licenseNoKbn=11&pageCount=1&pageListNo1=1&pageListNo2=1,2026-07-21,公的登録確認・公式サイト要確認,A,免許行政庁: 埼玉県; 免許番号: 第000101号; 自動追加日: 2026-07-21,,,,,,
RE-MLIT-11-00002755,有限会社東光商事,関東,埼玉県,要確認,埼玉県,要確認,要確認,要確認,要確認,要確認,要確認,要確認,要確認,国土交通省の企業情報検索システムで宅地建物取引業者登録を確認,https://etsuran2.mlit.go.jp/TAKKEN/takkenKensaku.do?CMD=selectPage&caller=TK&choice=1&rdoSelect=1&rdoSelectJoken=1&rdoSelectSort=1&sortValue=1&dispCount=50&licenseNoKbn=11&pageCount=3&pageListNo1=3&pageListNo2=3,2026-08-04,公的登録確認・公式サイト要確認,A,免許行政庁: 埼玉県; 免許番号: 第002755号; 自動追加日: 2026-08-04,,,,,,
RE-MLIT-11-00001828,有限会社武蔵野商事,関東,埼玉県,要確認,埼玉県,要確認,要確認,要確認,要確認,要確認,要確認,要確認,要確認,国土交通省の企業情報検索システムで宅地建物取引業者登録を確認,https://etsuran2.mlit.go.jp/TAKKEN/takkenKensaku.do?CMD=selectPage&caller=TK&choice=1&rdoSelect=1&rdoSelectJoken=1&rdoSelectSort=1&sortValue=1&dispCount=50&licenseNoKbn=11&pageCount=2&pageListNo1=2&pageListNo2=2,2026-07-28,公的登録確認・公式サイト要確認,A,免許行政庁: 埼玉県; 免許番号: 第001828号; 自動追加日: 2026-07-28,,,,,,
RE-MLIT-11-00002761,有限会社越谷商事,関東,埼玉県,要確認,埼玉県,要確認,要確認,要確認,要確認,要確認,要確認,要確認,要確認,国土交通省の企業情報検索システムで宅地建物取引業者登録を確認,https://etsuran2.mlit.go.jp/TAKKEN/takkenKensaku.do?CMD=selectPage&caller=TK&choice=1&rdoSelect=1&rdoSelectJoken=1&rdoSelectSort=1&sortValue=1&dispCount=50&licenseNoKbn=11&pageCount=3&pageListNo1=3&pageListNo2=3,2026-08-04,公的登録確認・公式サイト要確認,A,免許行政庁: 埼玉県; 免許番号: 第002761号; 自動追加日: 2026-08-04,,,,,,
RE-MLIT-11-00000079,株式会社三井商事,関東,埼玉県,要確認,埼玉県,要確認,要確認,要確認,要確認,要確認,要確認,要確認,要確認,国土交通省の企業情報検索システムで宅地建物取引業者登録を確認,https://etsuran2.mlit.go.jp/TAKKEN/takkenKensaku.do?CMD=selectPage&caller=TK&choice=1&rdoSelect=1&rdoSelectJoken=1&rdoSelectSort=1&sortValue=1&dispCount=50&licenseNoKbn=11&pageCount=1&pageListNo1=1&pageListNo2=1,2026-07-21,公的登録確認・公式サイト要確認,A,免許行政庁: 埼玉県; 免許番号: 第000079号; 自動追加日: 2026-07-21,,,,,,
RE-MLIT-11-00001550,株式会社井上不動産,関東,埼玉県,要確認,埼玉県,要確認,要確認,要確認,要確認,要確認,要確認,要確認,要確認,国土交通省の企業情報検索システムで宅地建物取引業者登録を確認,https://etsuran2.mlit.go.jp/TAKKEN/takkenKensaku.do?CMD=selectPage&caller=TK&choice=1&rdoSelect=1&rdoSelectJoken=1&rdoSelectSort=1&sortValue=1&dispCount=50&licenseNoKbn=11&pageCount=2&pageListNo1=2&pageListNo2=2,2026-07-28,公的登録確認・公式サイト要確認,A,免許行政庁: 埼玉県; 免許番号: 第001550号; 自動追加日: 2026-07-28,,,,,,
RE-MLIT-11-00002886,株式会社大関建設,関東,埼玉県,要確認,埼玉県,要確認,要確認,要確認,要確認,要確認,要確認,要確認,要確認,国土交通省の企業情報検索システムで宅地建物取引業者登録を確認,https://etsuran2.mlit.go.jp/TAKKEN/takkenKensaku.do?CMD=selectPage&caller=TK&choice=1&rdoSelect=1&rdoSelectJoken=1&rdoSelectSort=1&sortValue=1&dispCount=50&licenseNoKbn=11&pageCount=3&pageListNo1=3&pageListNo2=3,2026-08-04,公的登録確認・公式サイト要確認,A,免許行政庁: 埼玉県; 免許番号: 第002886号; 自動追加日: 2026-08-04,,,,,,
RE-MLIT-11-00001853,株式会社大陽不動産,関東,埼玉県,要確認,埼玉県,要確認,要確認,要確認,要確認,要確認,要確認,要確認,要確認,国土交通省の企業情報検索システムで宅地建物取引業者登録を確認,https://etsuran2.mlit.go.jp/TAKKEN/takkenKensaku.do?CMD=selectPage&caller=TK&choice=1&rdoSelect=1&rdoSelectJoken=1&rdoSelectSort=1&sortValue=1&dispCount=50&licenseNoKbn=11&pageCount=2&pageListNo1=2&pageListNo2=2,2026-07-28,公的登録確認・公式サイト要確認,A,免許行政庁: 埼玉県; 免許番号: 第001853号; 自動追加日: 2026-07-28,,,,,,
RE-MLIT-11-00001488,株式会社小野田土地建物,関東,埼玉県,要確認,埼玉県,要確認,要確認,要確認,要確認,要確認,要確認,要確認,要確認,国土交通省の企業情報検索システムで宅地建物取引業者登録を確認,https://etsuran2.mlit.go.jp/TAKKEN/takkenKensaku.do?CMD=selectPage&caller=TK&choice=1&rdoSelect=1&rdoSelectJoken=1&rdoSelectSort=1&sortValue=1&dispCount=50&licenseNoKbn=11&pageCount=2&pageListNo1=2&pageListNo2=2,2026-07-28,公的登録確認・公式サイト要確認,A,免許行政庁: 埼玉県; 免許番号: 第001488号; 自動追加日: 2026-07-28,,,,,,
RE-MLIT-11-00002884,株式会社尾上商事,関東,埼玉県,要確認,埼玉県,要確認,要確認,要確認,要確認,要確認,要確認,要確認,要確認,国土交通省の企業情報検索システムで宅地建物取引業者登録を確認,https://etsuran2.mlit.go.jp/TAKKEN/takkenKensaku.do?CMD=selectPage&caller=TK&choice=1&rdoSelect=1&rdoSelectJoken=1&rdoSelectSort=1&sortValue=1&dispCount=50&licenseNoKbn=11&pageCount=3&pageListNo1=3&pageListNo2=3,2026-08-04,公的登録確認・公式サイト要確認,A,免許行政庁: 埼玉県; 免許番号: 第002884号; 自動追加日: 2026-08-04,,,,,,
RE-MLIT-11-00000126,株式会社日和商事,関東,埼玉県,要確認,埼玉県,要確認,要確認,要確認,要確認,要確認,要確認,要確認,要確認,国土交通省の企業情報検索システムで宅地建物取引業者登録を確認,https://etsuran2.mlit.go.jp/TAKKEN/takkenKensaku.do?CMD=selectPage&caller=TK&choice=1&rdoSelect=1&rdoSelectJoken=1&rdoSelectSort=1&sortValue=1&dispCount=50&licenseNoKbn=11&pageCount=1&pageListNo1=1&pageListNo2=1,2026-07-21,公的登録確認・公式サイト要確認,A,免許行政庁: 埼玉県; 免許番号: 第000126号; 自動追加日: 2026-07-21,,,,,,
RE-MLIT-11-00002902,株式会社柴川不動産,関東,埼玉県,要確認,埼玉県,要確認,要確認,要確認,要確認,要確認,要確認,要確認,要確認,国土交通省の企業情報検索システムで宅地建物取引業者登録を確認,https://etsuran2.mlit.go.jp/TAKKEN/takkenKensaku.do?CMD=selectPage&caller=TK&choice=1&rdoSelect=1&rdoSelectJoken=1&rdoSelectSort=1&sortValue=1&dispCount=50&licenseNoKbn=11&pageCount=3&pageListNo1=3&pageListNo2=3,2026-08-04,公的登録確認・公式サイト要確認,A,免許行政庁: 埼玉県; 免許番号: 第002902号; 自動追加日: 2026-08-04,,,,,,
RE-MLIT-11-00002765,株式会社産経建設,関東,埼玉県,要確認,埼玉県,要確認,要確認,要確認,要確認,要確認,要確認,要確認,要確認,国土交通省の企業情報検索システムで宅地建物取引業者登録を確認,https://etsuran2.mlit.go.jp/TAKKEN/takkenKensaku.do?CMD=selectPage&caller=TK&choice=1&rdoSelect=1&rdoSelectJoken=1&rdoSelectSort=1&sortValue=1&dispCount=50&licenseNoKbn=11&pageCount=3&pageListNo1=3&pageListNo2=3,2026-08-04,公的登録確認・公式サイト要確認,A,免許行政庁: 埼玉県; 免許番号: 第002765号; 自動追加日: 2026-08-04,,,,,,
RE-MLIT-11-00000047,株式会社石井不動産,関東,埼玉県,要確認,埼玉県,要確認,要確認,要確認,要確認,要確認,要確認,要確認,要確認,国土交通省の企業情報検索システムで宅地建物取引業者登録を確認,https://etsuran2.mlit.go.jp/TAKKEN/takkenKensaku.do?CMD=selectPage&caller=TK&choice=1&rdoSelect=1&rdoSelectJoken=1&rdoSelectSort=1&sortValue=1&dispCount=50&licenseNoKbn=11&pageCount=1&pageListNo1=1&pageListNo2=1,2026-07-21,公的登録確認・公式サイト要確認,A,免許行政庁: 埼玉県; 免許番号: 第000047号; 自動追加日: 2026-07-21,,,,,,
RE-MLIT-11-00001522,株式会社開新社,関東,埼玉県,要確認,埼玉県,要確認,要確認,要確認,要確認,要確認,要確認,要確認,要確認,国土交通省の企業情報検索システムで宅地建物取引業者登録を確認,https://etsuran2.mlit.go.jp/TAKKEN/takkenKensaku.do?CMD=selectPage&caller=TK&choice=1&rdoSelect=1&rdoSelectJoken=1&rdoSelectSort=1&sortValue=1&dispCount=50&licenseNoKbn=11&pageCount=2&pageListNo1=2&pageListNo2=2,2026-07-28,公的登録確認・公式サイト要確認,A,免許行政庁: 埼玉県; 免許番号: 第001522号; 自動追加日: 2026-07-28,,,,,,
RE-MLIT-11-00001846,横田建設株式会社,関東,埼玉県,要確認,埼玉県,要確認,要確認,要確認,要確認,要確認,要確認,要確認,要確認,国土交通省の企業情報検索システムで宅地建物取引業者登録を確認,https://etsuran2.mlit.go.jp/TAKKEN/takkenKensaku.do?CMD=selectPage&caller=TK&choice=1&rdoSelect=1&rdoSelectJoken=1&rdoSelectSort=1&sortValue=1&dispCount=50&licenseNoKbn=11&pageCount=2&pageListNo1=2&pageListNo2=2,2026-07-28,公的登録確認・公式サイト要確認,A,免許行政庁: 埼玉県; 免許番号: 第001846号; 自動追加日: 2026-07-28,,,,,,
RE-0009,武蔵コーポレーション株式会社,関東,埼玉県,埼玉県さいたま市大宮区,関東中心,なし,あり,一棟アパート・マンション・ビル・賃貸管理,あり,https://www.musashi-corporation.com/,https://www.musashi-corporation.com/qa/investment_consultation.php,https://www.musashi-corporation.com/sell-feature/,048-788-5636,収益不動産の売買・管理・出口戦略に特化,https://www.musashi-corporation.com/sell-feature/ | https://www.musashi-corporation.com/qa/investment_consultation.php,2026-07-15,確認済み,A,居住用戸建て仲介は対象外として整理,,,,,,
RE-MLIT-11-00000001,武藏野土地株式会社,関東,埼玉県,要確認,埼玉県,要確認,要確認,要確認,要確認,要確認,要確認,要確認,要確認,国土交通省の企業情報検索システムで宅地建物取引業者登録を確認,https://etsuran2.mlit.go.jp/TAKKEN/takkenKensaku.do?CMD=selectPage&caller=TK&choice=1&rdoSelect=1&rdoSelectJoken=1&rdoSelectSort=1&sortValue=1&dispCount=50&licenseNoKbn=11&pageCount=1&pageListNo1=1&pageListNo2=1,2026-07-21,公的登録確認・公式サイト要確認,A,免許行政庁: 埼玉県; 免許番号: 第000001号; 自動追加日: 2026-07-21,,,,,,
RE-MLIT-11-00002935,神谷商事有限会社,関東,埼玉県,要確認,埼玉県,要確認,要確認,要確認,要確認,要確認,要確認,要確認,要確認,国土交通省の企業情報検索システムで宅地建物取引業者登録を確認,https://etsuran2.mlit.go.jp/TAKKEN/takkenKensaku.do?CMD=selectPage&caller=TK&choice=1&rdoSelect=1&rdoSelectJoken=1&rdoSelectSort=1&sortValue=1&dispCount=50&licenseNoKbn=11&pageCount=3&pageListNo1=3&pageListNo2=3,2026-08-04,公的登録確認・公式サイト要確認,A,免許行政庁: 埼玉県; 免許番号: 第002935号; 自動追加日: 2026-08-04,,,,,,
RE-MLIT-11-00000003,福岡土地有限会社,関東,埼玉県,要確認,埼玉県,要確認,要確認,要確認,要確認,要確認,要確認,要確認,要確認,国土交通省の企業情報検索システムで宅地建物取引業者登録を確認,https://etsuran2.mlit.go.jp/TAKKEN/takkenKensaku.do?CMD=selectPage&caller=TK&choice=1&rdoSelect=1&rdoSelectJoken=1&rdoSelectSort=1&sortValue=1&dispCount=50&licenseNoKbn=11&pageCount=1&pageListNo1=1&pageListNo2=1,2026-07-21,公的登録確認・公式サイト要確認,A,免許行政庁: 埼玉県; 免許番号: 第000003号; 自動追加日: 2026-07-21,,,,,,
RE-MLIT-11-00001486,秋場不動産株式会社,関東,埼玉県,要確認,埼玉県,要確認,要確認,要確認,要確認,要確認,要確認,要確認,要確認,国土交通省の企業情報検索システムで宅地建物取引業者登録を確認,https://etsuran2.mlit.go.jp/TAKKEN/takkenKensaku.do?CMD=selectPage&caller=TK&choice=1&rdoSelect=1&rdoSelectJoken=1&rdoSelectSort=1&sortValue=1&dispCount=50&licenseNoKbn=11&pageCount=2&pageListNo1=2&pageListNo2=2,2026-07-28,公的登録確認・公式サイト要確認,A,免許行政庁: 埼玉県; 免許番号: 第001486号; 自動追加日: 2026-07-28,,,,,,
RE-MLIT-11-00002883,秩父鉄道株式会社,関東,埼玉県,要確認,埼玉県,要確認,要確認,要確認,要確認,要確認,要確認,要確認,要確認,国土交通省の企業情報検索システムで宅地建物取引業者登録を確認,https://etsuran2.mlit.go.jp/TAKKEN/takkenKensaku.do?CMD=selectPage&caller=TK&choice=1&rdoSelect=1&rdoSelectJoken=1&rdoSelectSort=1&sortValue=1&dispCount=50&licenseNoKbn=11&pageCount=3&pageListNo1=3&pageListNo2=3,2026-08-04,公的登録確認・公式サイト要確認,A,免許行政庁: 埼玉県; 免許番号: 第002883号; 自動追加日: 2026-08-04,,,,,,
RE-MLIT-11-00000030,近藤不動産株式会社,関東,埼玉県,要確認,埼玉県,要確認,要確認,要確認,要確認,要確認,要確認,要確認,要確認,国土交通省の企業情報検索システムで宅地建物取引業者登録を確認,https://etsuran2.mlit.go.jp/TAKKEN/takkenKensaku.do?CMD=selectPage&caller=TK&choice=1&rdoSelect=1&rdoSelectJoken=1&rdoSelectSort=1&sortValue=1&dispCount=50&licenseNoKbn=11&pageCount=1&pageListNo1=1&pageListNo2=1,2026-07-21,公的登録確認・公式サイト要確認,A,免許行政庁: 埼玉県; 免許番号: 第000030号; 自動追加日: 2026-07-21,,,,,,
RE-MLIT-11-00000060,ＫＭ不動産株式会社,関東,埼玉県,要確認,埼玉県,要確認,要確認,要確認,要確認,要確認,要確認,要確認,要確認,国土交通省の企業情報検索システムで宅地建物取引業者登録を確認,https://etsuran2.mlit.go.jp/TAKKEN/takkenKensaku.do?CMD=selectPage&caller=TK&choice=1&rdoSelect=1&rdoSelectJoken=1&rdoSelectSort=1&sortValue=1&dispCount=50&licenseNoKbn=11&pageCount=1&pageListNo1=1&pageListNo2=1,2026-07-21,公的登録確認・公式サイト要確認,A,免許行政庁: 埼玉県; 免許番号: 第000060号; 自動追加日: 2026-07-21,,,,,,
RE-0019,みずほ不動産販売株式会社,関東,東京都,東京都中央区,首都圏・北海道・東北・中部・関西・中国・九州,あり,あり,マンション・土地・事業用・相続・資産活用,あり,https://www.mizuho-re.co.jp/,https://www.mizuho-re.co.jp/contact/,https://www.mizuho-re.co.jp/buy/investment/,要確認,全国拠点と金融グループ連携による不動産仲介,https://www.mizuho-re.co.jp/,2026-07-15,一部確認,B,投資用サービスURLは定期リンク確認が必要,,,,,,
RE-MLIT-13-00000114,レイモンド不動産 株式会社,関東,東京都,要確認,東京都,要確認,要確認,要確認,要確認,要確認,要確認,要確認,要確認,国土交通省の企業情報検索システムで宅地建物取引業者登録を確認,https://etsuran2.mlit.go.jp/TAKKEN/takkenKensaku.do?CMD=selectPage&caller=TK&choice=1&rdoSelect=1&rdoSelectJoken=1&rdoSelectSort=1&sortValue=1&dispCount=50&licenseNoKbn=13&pageCount=1&pageListNo1=1&pageListNo2=1,2026-07-16,公的登録確認・公式サイト要確認,A,免許行政庁: 東京都; 免許番号: 第000114号; 自動追加日: 2026-07-16,,,,,,
RE-0001,三井不動産リアルティ株式会社,関東,東京都,東京都千代田区,全国,あり,あり,マンション・土地・事業用・賃貸管理・資産活用,あり,https://www.mf-realty.jp/,https://pro.mf-realty.jp/otherInquiry/input/,https://pro.mf-realty.jp/,0120-921-582,居住用仲介と投資・収益不動産の専門サービスを展開,https://pro.mf-realty.jp/ | https://pro.mf-realty.jp/otherInquiry/input/,2026-07-15,確認済み,A,投資用戸建てを含む物件種別は個別検索で追加確認可能,,,,,,
RE-MLIT-13-00002520,三栄商事 株式会社,関東,東京都,要確認,東京都,要確認,要確認,要確認,要確認,要確認,要確認,要確認,要確認,国土交通省の企業情報検索システムで宅地建物取引業者登録を確認,https://etsuran2.mlit.go.jp/TAKKEN/takkenKensaku.do?CMD=selectPage&caller=TK&choice=1&rdoSelect=1&rdoSelectJoken=1&rdoSelectSort=1&sortValue=1&dispCount=50&licenseNoKbn=13&pageCount=3&pageListNo1=3&pageListNo2=3,2026-08-02,公的登録確認・公式サイト要確認,A,免許行政庁: 東京都; 免許番号: 第002520号; 自動追加日: 2026-08-02,,,,,,
RE-0018,三菱UFJ不動産販売株式会社,関東,東京都,東京都千代田区,首都圏・名古屋・関西,あり,あり,マンション・土地・投資事業用・相続,あり,https://www.sumai1.com/,https://www.sumai1.com/contact/,https://www.sumai1.com/buyers/investment/,要確認,金融グループ系の仲介・資産承継・投資用不動産対応,https://www.sumai1.com/,2026-07-15,一部確認,B,サービスURLと問い合わせURLの定期リンク確認が必要,,,,,,
RE-MLIT-13-00001085,互興商事 株式会社,関東,東京都,要確認,東京都,要確認,要確認,要確認,要確認,要確認,要確認,要確認,要確認,国土交通省の企業情報検索システムで宅地建物取引業者登録を確認,https://etsuran2.mlit.go.jp/TAKKEN/takkenKensaku.do?CMD=selectPage&caller=TK&choice=1&rdoSelect=1&rdoSelectJoken=1&rdoSelectSort=1&sortValue=1&dispCount=50&licenseNoKbn=13&pageCount=2&pageListNo1=2&pageListNo2=2,2026-07-26,公的登録確認・公式サイト要確認,A,免許行政庁: 東京都; 免許番号: 第001085号; 自動追加日: 2026-07-26,,,,,,
RE-0002,住友不動産ステップ株式会社,関東,東京都,東京都新宿区,全国,あり,あり,マンション・土地・一棟マンション・アパート・ビル,あり,https://www.stepon.co.jp/,https://www.stepon.co.jp/contact/,https://www.stepon.co.jp/pro/,0120-566-742,全国ネットワークで居住用・投資用不動産を仲介,https://www.stepon.co.jp/pro/area_13/list_13_115/cs_25_06/ | https://www.stepon.co.jp/,2026-07-15,確認済み,A,問い合わせURLは総合窓口。物件ページにも資料請求フォームあり,,,,,,
RE-MLIT-13-00000212,日本不動産 株式会社,関東,東京都,要確認,東京都,要確認,要確認,要確認,要確認,要確認,要確認,要確認,要確認,国土交通省の企業情報検索システムで宅地建物取引業者登録を確認,https://etsuran2.mlit.go.jp/TAKKEN/takkenKensaku.do?CMD=selectPage&caller=TK&choice=1&rdoSelect=1&rdoSelectJoken=1&rdoSelectSort=1&sortValue=1&dispCount=50&licenseNoKbn=13&pageCount=1&pageListNo1=1&pageListNo2=1,2026-07-16,公的登録確認・公式サイト要確認,A,免許行政庁: 東京都; 免許番号: 第000212号; 自動追加日: 2026-07-16,,,,,,
RE-MLIT-13-00001083,日本建設 株式会社,関東,東京都,要確認,東京都,要確認,要確認,要確認,要確認,要確認,要確認,要確認,要確認,国土交通省の企業情報検索システムで宅地建物取引業者登録を確認,https://etsuran2.mlit.go.jp/TAKKEN/takkenKensaku.do?CMD=selectPage&caller=TK&choice=1&rdoSelect=1&rdoSelectJoken=1&rdoSelectSort=1&sortValue=1&dispCount=50&licenseNoKbn=13&pageCount=2&pageListNo1=2&pageListNo2=2,2026-07-26,公的登録確認・公式サイト要確認,A,免許行政庁: 東京都; 免許番号: 第001083号; 自動追加日: 2026-07-26,,,,,,
RE-MLIT-13-00001001,日興建設 株式会社,関東,東京都,要確認,東京都,要確認,要確認,要確認,要確認,要確認,要確認,要確認,要確認,国土交通省の企業情報検索システムで宅地建物取引業者登録を確認,https://etsuran2.mlit.go.jp/TAKKEN/takkenKensaku.do?CMD=selectPage&caller=TK&choice=1&rdoSelect=1&rdoSelectJoken=1&rdoSelectSort=1&sortValue=1&dispCount=50&licenseNoKbn=13&pageCount=2&pageListNo1=2&pageListNo2=2,2026-07-26,公的登録確認・公式サイト要確認,A,免許行政庁: 東京都; 免許番号: 第001001号; 自動追加日: 2026-07-26,,,,,,
RE-MLIT-13-00000170,有限会社 マルミ商事,関東,東京都,要確認,東京都,要確認,要確認,要確認,要確認,要確認,要確認,要確認,要確認,国土交通省の企業情報検索システムで宅地建物取引業者登録を確認,https://etsuran2.mlit.go.jp/TAKKEN/takkenKensaku.do?CMD=selectPage&caller=TK&choice=1&rdoSelect=1&rdoSelectJoken=1&rdoSelectSort=1&sortValue=1&dispCount=50&licenseNoKbn=13&pageCount=1&pageListNo1=1&pageListNo2=1,2026-07-16,公的登録確認・公式サイト要確認,A,免許行政庁: 東京都; 免許番号: 第000170号; 自動追加日: 2026-07-16,,,,,,
RE-MLIT-13-00002664,有限会社 二子玉川不動産,関東,東京都,要確認,東京都,要確認,要確認,要確認,要確認,要確認,要確認,要確認,要確認,国土交通省の企業情報検索システムで宅地建物取引業者登録を確認,https://etsuran2.mlit.go.jp/TAKKEN/takkenKensaku.do?CMD=selectPage&caller=TK&choice=1&rdoSelect=1&rdoSelectJoken=1&rdoSelectSort=1&sortValue=1&dispCount=50&licenseNoKbn=13&pageCount=3&pageListNo1=3&pageListNo2=3,2026-08-02,公的登録確認・公式サイト要確認,A,免許行政庁: 東京都; 免許番号: 第002664号; 自動追加日: 2026-08-02,,,,,,
RE-MLIT-13-00001005,有限会社 大竹商事,関東,東京都,要確認,東京都,要確認,要確認,マンション・事業用・賃貸管理,あり,https://www.ootake-shoji.co.jp/new_info/20260727info/,要確認,https://www.ootake-shoji.co.jp/new_info/20260727info/,03-3681-0556,公式サイトを自動確認。問い合わせ導線あり,https://etsuran2.mlit.go.jp/TAKKEN/takkenKensaku.do?CMD=selectPage&caller=TK&choice=1&rdoSelect=1&rdoSelectJoken=1&rdoSelectSort=1&sortValue=1&dispCount=50&licenseNoKbn=13&pageCount=2&pageListNo1=2&pageListNo2=2 | https://www.ootake-shoji.co.jp/new_info/20260727info/,2026-07-28,自動確認済み,A,免許行政庁: 東京都; 免許番号: 第001005号; 自動追加日: 2026-07-26; 公式サイト自動確認日: 2026-07-28,,,,,,
RE-MLIT-13-00001077,有限会社 山商事,関東,東京都,要確認,東京都,要確認,要確認,要確認,要確認,要確認,要確認,要確認,要確認,国土交通省の企業情報検索システムで宅地建物取引業者登録を確認,https://etsuran2.mlit.go.jp/TAKKEN/takkenKensaku.do?CMD=selectPage&caller=TK&choice=1&rdoSelect=1&rdoSelectJoken=1&rdoSelectSort=1&sortValue=1&dispCount=50&licenseNoKbn=13&pageCount=2&pageListNo1=2&pageListNo2=2,2026-07-26,公的登録確認・公式サイト要確認,A,免許行政庁: 東京都; 免許番号: 第001077号; 自動追加日: 2026-07-26,,,,,,
RE-MLIT-13-00001002,朝日商事 株式会社,関東,東京都,要確認,東京都,要確認,要確認,要確認,要確認,要確認,要確認,要確認,要確認,国土交通省の企業情報検索システムで宅地建物取引業者登録を確認,https://etsuran2.mlit.go.jp/TAKKEN/takkenKensaku.do?CMD=selectPage&caller=TK&choice=1&rdoSelect=1&rdoSelectJoken=1&rdoSelectSort=1&sortValue=1&dispCount=50&licenseNoKbn=13&pageCount=2&pageListNo1=2&pageListNo2=2,2026-07-26,公的登録確認・公式サイト要確認,A,免許行政庁: 東京都; 免許番号: 第001002号; 自動追加日: 2026-07-26,,,,,,
RE-0003,東急リバブル株式会社,関東,東京都,東京都渋谷区,首都圏・札幌・仙台・名古屋・関西・福岡ほか,あり,あり,マンション・土地・一棟収益・事業用・賃貸,あり,https://www.livable.co.jp/,https://www.livable.co.jp/branch/toushi-support/,https://www.livable.co.jp/fudosan-toushi-baikyaku/,0120-992-151,投資サポートセンターと全国店舗網を持つ,https://www.livable.co.jp/branch/toushi-support/ | https://www.livable.co.jp/fudosan-toushi-baikyaku/,2026-07-15,確認済み,A,投資用不動産専用窓口あり,,,,,,
RE-MLIT-13-00002622,東新産業 株式会社,関東,東京都,要確認,東京都,要確認,要確認,要確認,要確認,要確認,要確認,要確認,要確認,国土交通省の企業情報検索システムで宅地建物取引業者登録を確認,https://etsuran2.mlit.go.jp/TAKKEN/takkenKensaku.do?CMD=selectPage&caller=TK&choice=1&rdoSelect=1&rdoSelectJoken=1&rdoSelectSort=1&sortValue=1&dispCount=50&licenseNoKbn=13&pageCount=3&pageListNo1=3&pageListNo2=3,2026-08-02,公的登録確認・公式サイト要確認,A,免許行政庁: 東京都; 免許番号: 第002622号; 自動追加日: 2026-08-02,,,,,,
RE-MLIT-13-00000044,栗城建設興業 株式会社,関東,東京都,要確認,東京都,要確認,要確認,要確認,要確認,要確認,要確認,要確認,要確認,国土交通省の企業情報検索システムで宅地建物取引業者登録を確認,https://etsuran2.mlit.go.jp/TAKKEN/takkenKensaku.do?CMD=selectPage&caller=TK&choice=1&rdoSelect=1&rdoSelectJoken=1&rdoSelectSort=1&sortValue=1&dispCount=50&licenseNoKbn=13&pageCount=1&pageListNo1=1&pageListNo2=1,2026-07-16,公的登録確認・公式サイト要確認,A,免許行政庁: 東京都; 免許番号: 第000044号; 自動追加日: 2026-07-16,,,,,,
RE-MLIT-13-00002667,株式会社 しんあい土地,関東,東京都,要確認,東京都,要確認,要確認,要確認,要確認,要確認,要確認,要確認,要確認,国土交通省の企業情報検索システムで宅地建物取引業者登録を確認,https://etsuran2.mlit.go.jp/TAKKEN/takkenKensaku.do?CMD=selectPage&caller=TK&choice=1&rdoSelect=1&rdoSelectJoken=1&rdoSelectSort=1&sortValue=1&dispCount=50&licenseNoKbn=13&pageCount=3&pageListNo1=3&pageListNo2=3,2026-08-02,公的登録確認・公式サイト要確認,A,免許行政庁: 東京都; 免許番号: 第002667号; 自動追加日: 2026-08-02,,,,,,
RE-MLIT-13-00000164,株式会社 なかやま不動産,関東,東京都,要確認,東京都,要確認,要確認,要確認,要確認,要確認,要確認,要確認,要確認,国土交通省の企業情報検索システムで宅地建物取引業者登録を確認,https://etsuran2.mlit.go.jp/TAKKEN/takkenKensaku.do?CMD=selectPage&caller=TK&choice=1&rdoSelect=1&rdoSelectJoken=1&rdoSelectSort=1&sortValue=1&dispCount=50&licenseNoKbn=13&pageCount=1&pageListNo1=1&pageListNo2=1,2026-07-16,公的登録確認・公式サイト要確認,A,免許行政庁: 東京都; 免許番号: 第000164号; 自動追加日: 2026-07-16,,,,,,
RE-MLIT-13-00002612,株式会社 カントー・エステート,関東,東京都,要確認,東京都,要確認,要確認,要確認,要確認,要確認,要確認,要確認,要確認,国土交通省の企業情報検索システムで宅地建物取引業者登録を確認,https://etsuran2.mlit.go.jp/TAKKEN/takkenKensaku.do?CMD=selectPage&caller=TK&choice=1&rdoSelect=1&rdoSelectJoken=1&rdoSelectSort=1&sortValue=1&dispCount=50&licenseNoKbn=13&pageCount=3&pageListNo1=3&pageListNo2=3,2026-08-02,公的登録確認・公式サイト要確認,A,免許行政庁: 東京都; 免許番号: 第002612号; 自動追加日: 2026-08-02,,,,,,
RE-MLIT-13-00000098,株式会社 三和不動産鑑定事務所,関東,東京都,要確認,東京都,要確認,要確認,要確認,要確認,要確認,要確認,要確認,要確認,国土交通省の企業情報検索システムで宅地建物取引業者登録を確認,https://etsuran2.mlit.go.jp/TAKKEN/takkenKensaku.do?CMD=selectPage&caller=TK&choice=1&rdoSelect=1&rdoSelectJoken=1&rdoSelectSort=1&sortValue=1&dispCount=50&licenseNoKbn=13&pageCount=1&pageListNo1=1&pageListNo2=1,2026-07-16,公的登録確認・公式サイト要確認,A,免許行政庁: 東京都; 免許番号: 第000098号; 自動追加日: 2026-07-16,,,,,,
RE-MLIT-13-00000001,株式会社 三富不動産,関東,東京都,要確認,東京都,要確認,要確認,要確認,要確認,要確認,要確認,要確認,要確認,国土交通省の企業情報検索システムで宅地建物取引業者登録を確認,https://etsuran2.mlit.go.jp/TAKKEN/takkenKensaku.do?CMD=selectPage&caller=TK&choice=1&rdoSelect=1&rdoSelectJoken=1&rdoSelectSort=1&sortValue=1&dispCount=50&licenseNoKbn=13&pageCount=1&pageListNo1=1&pageListNo2=1,2026-07-16,公的登録確認・公式サイト要確認,A,免許行政庁: 東京都; 免許番号: 第000001号; 自動追加日: 2026-07-16,,,,,,
RE-MLIT-13-00000093,株式会社 伊藤商会,関東,東京都,要確認,東京都,要確認,要確認,要確認,要確認,要確認,要確認,要確認,要確認,国土交通省の企業情報検索システムで宅地建物取引業者登録を確認,https://etsuran2.mlit.go.jp/TAKKEN/takkenKensaku.do?CMD=selectPage&caller=TK&choice=1&rdoSelect=1&rdoSelectJoken=1&rdoSelectSort=1&sortValue=1&dispCount=50&licenseNoKbn=13&pageCount=1&pageListNo1=1&pageListNo2=1,2026-07-16,公的登録確認・公式サイト要確認,A,免許行政庁: 東京都; 免許番号: 第000093号; 自動追加日: 2026-07-16,,,,,,
RE-MLIT-13-00002521,株式会社 城西地主不動産部,関東,東京都,要確認,東京都,要確認,要確認,要確認,要確認,要確認,要確認,要確認,要確認,国土交通省の企業情報検索システムで宅地建物取引業者登録を確認,https://etsuran2.mlit.go.jp/TAKKEN/takkenKensaku.do?CMD=selectPage&caller=TK&choice=1&rdoSelect=1&rdoSelectJoken=1&rdoSelectSort=1&sortValue=1&dispCount=50&licenseNoKbn=13&pageCount=3&pageListNo1=3&pageListNo2=3,2026-08-02,公的登録確認・公式サイト要確認,A,免許行政庁: 東京都; 免許番号: 第002521号; 自動追加日: 2026-08-02,,,,,,
RE-MLIT-13-00001006,株式会社 山口,関東,東京都,要確認,東京都,要確認,要確認,要確認,要確認,要確認,要確認,要確認,要確認,国土交通省の企業情報検索システムで宅地建物取引業者登録を確認,https://etsuran2.mlit.go.jp/TAKKEN/takkenKensaku.do?CMD=selectPage&caller=TK&choice=1&rdoSelect=1&rdoSelectJoken=1&rdoSelectSort=1&sortValue=1&dispCount=50&licenseNoKbn=13&pageCount=2&pageListNo1=2&pageListNo2=2,2026-07-26,公的登録確認・公式サイト要確認,A,免許行政庁: 東京都; 免許番号: 第001006号; 自動追加日: 2026-07-26,,,,,,
RE-MLIT-13-00000060,株式会社 長岡建設,関東,東京都,要確認,東京都,要確認,要確認,要確認,要確認,要確認,要確認,要確認,要確認,国土交通省の企業情報検索システムで宅地建物取引業者登録を確認,https://etsuran2.mlit.go.jp/TAKKEN/takkenKensaku.do?CMD=selectPage&caller=TK&choice=1&rdoSelect=1&rdoSelectJoken=1&rdoSelectSort=1&sortValue=1&dispCount=50&licenseNoKbn=13&pageCount=1&pageListNo1=1&pageListNo2=1,2026-07-16,公的登録確認・公式サイト要確認,A,免許行政庁: 東京都; 免許番号: 第000060号; 自動追加日: 2026-07-16,,,,,,
RE-MLIT-13-00001141,株式会社 電話住宅相談所,関東,東京都,要確認,東京都,要確認,要確認,要確認,要確認,要確認,要確認,要確認,要確認,国土交通省の企業情報検索システムで宅地建物取引業者登録を確認,https://etsuran2.mlit.go.jp/TAKKEN/takkenKensaku.do?CMD=selectPage&caller=TK&choice=1&rdoSelect=1&rdoSelectJoken=1&rdoSelectSort=1&sortValue=1&dispCount=50&licenseNoKbn=13&pageCount=2&pageListNo1=2&pageListNo2=2,2026-07-26,公的登録確認・公式サイト要確認,A,免許行政庁: 東京都; 免許番号: 第001141号; 自動追加日: 2026-07-26,,,,,,
RE-0020,株式会社GA technologies（RENOSY）,関東,東京都,東京都港区,全国オンライン中心,なし,あり,投資用マンション・賃貸管理・売却,あり,https://www.renosy.com/,https://www.renosy.com/contact,https://www.renosy.com/asset,要確認,オンラインを中心とした不動産投資サービス,https://www.renosy.com/,2026-07-15,一部確認,B,戸建て仲介ではなく区分マンション投資中心,,,,,,
RE-0006,株式会社オープンハウス,関東,東京都,東京都渋谷区,東京・神奈川・埼玉・千葉・愛知・大阪・兵庫・福岡ほか,あり,あり,新築戸建て・土地・マンション・国内外投資,あり,https://oh.openhouse-group.com/,https://oh.openhouse-group.com/contact/,https://oh.openhouse-group.com/s-kodate/,03-6213-0775,都市部の戸建て供給とグループの不動産投資事業,https://oh.openhouse-group.com/company/about/ | https://oh.openhouse-group.com/s-kodate/saitama/ | https://wm.openhouse-group.com/,2026-07-15,一部確認,A,国内収益物件の一般顧客向け窓口はグループ各社も確認,,,,,,
RE-0007,株式会社オープンハウス・リアルエステート,関東,東京都,東京都千代田区,首都圏・関西・名古屋,要確認,あり,一棟マンション・アパート・ビル・土地,あり,https://ohre.openhouse-group.com/,https://ohre.openhouse-group.com/,https://shueki.ohd.openhouse-group.com/,03-6854-7452,収益不動産の仕入れ・再生・売買に対応,https://ohre.openhouse-group.com/ | https://shueki.ohd.openhouse-group.com/,2026-07-15,確認済み,A,戸建ての直接取扱は追加確認,,,,,,
RE-0008,株式会社ランドネット,関東,東京都,東京都豊島区,東京・横浜・大阪・福岡ほか,あり,あり,中古マンション・賃貸管理・買取・リフォーム,あり,https://landnet.co.jp/,https://landnet.co.jp/contact/,https://landnet.co.jp/housing-search/,0120-012-461,投資用中古マンションと居住用不動産をワンストップで扱う,https://landnet.co.jp/ | https://landnet.co.jp/contact/ | https://landnet.co.jp/housing-search/kanagawa/yamato-shi,2026-07-15,確認済み,A,戸建て掲載状況はエリアにより異なる,,,,,,
RE-MLIT-13-00002647,瀧島商事 株式会社,関東,東京都,要確認,東京都,要確認,要確認,要確認,要確認,要確認,要確認,要確認,要確認,国土交通省の企業情報検索システムで宅地建物取引業者登録を確認,https://etsuran2.mlit.go.jp/TAKKEN/takkenKensaku.do?CMD=selectPage&caller=TK&choice=1&rdoSelect=1&rdoSelectJoken=1&rdoSelectSort=1&sortValue=1&dispCount=50&licenseNoKbn=13&pageCount=3&pageListNo1=3&pageListNo2=3,2026-08-02,公的登録確認・公式サイト要確認,A,免許行政庁: 東京都; 免許番号: 第002647号; 自動追加日: 2026-08-02,,,,,,
RE-MLIT-13-00001084,福田企業 株式会社,関東,東京都,要確認,東京都,要確認,要確認,要確認,要確認,要確認,要確認,要確認,要確認,国土交通省の企業情報検索システムで宅地建物取引業者登録を確認,https://etsuran2.mlit.go.jp/TAKKEN/takkenKensaku.do?CMD=selectPage&caller=TK&choice=1&rdoSelect=1&rdoSelectJoken=1&rdoSelectSort=1&sortValue=1&dispCount=50&licenseNoKbn=13&pageCount=2&pageListNo1=2&pageListNo2=2,2026-07-26,公的登録確認・公式サイト要確認,A,免許行政庁: 東京都; 免許番号: 第001084号; 自動追加日: 2026-07-26,,,,,,
RE-MLIT-13-00002662,秀鳳土地 株式会社,関東,東京都,要確認,東京都,要確認,要確認,要確認,要確認,要確認,要確認,要確認,要確認,国土交通省の企業情報検索システムで宅地建物取引業者登録を確認,https://etsuran2.mlit.go.jp/TAKKEN/takkenKensaku.do?CMD=selectPage&caller=TK&choice=1&rdoSelect=1&rdoSelectJoken=1&rdoSelectSort=1&sortValue=1&dispCount=50&licenseNoKbn=13&pageCount=3&pageListNo1=3&pageListNo2=3,2026-08-02,公的登録確認・公式サイト要確認,A,免許行政庁: 東京都; 免許番号: 第002662号; 自動追加日: 2026-08-02,,,,,,
RE-MLIT-13-00002518,興國不動産 株式会社,関東,東京都,要確認,東京都,要確認,要確認,要確認,要確認,要確認,要確認,要確認,要確認,国土交通省の企業情報検索システムで宅地建物取引業者登録を確認,https://etsuran2.mlit.go.jp/TAKKEN/takkenKensaku.do?CMD=selectPage&caller=TK&choice=1&rdoSelect=1&rdoSelectJoken=1&rdoSelectSort=1&sortValue=1&dispCount=50&licenseNoKbn=13&pageCount=3&pageListNo1=3&pageListNo2=3,2026-08-02,公的登録確認・公式サイト要確認,A,免許行政庁: 東京都; 免許番号: 第002518号; 自動追加日: 2026-08-02,,,,,,
RE-MLIT-13-00000218,西武建設 株式会社,関東,東京都,要確認,東京都,要確認,要確認,要確認,要確認,要確認,要確認,要確認,要確認,国土交通省の企業情報検索システムで宅地建物取引業者登録を確認,https://etsuran2.mlit.go.jp/TAKKEN/takkenKensaku.do?CMD=selectPage&caller=TK&choice=1&rdoSelect=1&rdoSelectJoken=1&rdoSelectSort=1&sortValue=1&dispCount=50&licenseNoKbn=13&pageCount=1&pageListNo1=1&pageListNo2=1,2026-07-16,公的登録確認・公式サイト要確認,A,免許行政庁: 東京都; 免許番号: 第000218号; 自動追加日: 2026-07-16,,,,,,
RE-0004,野村不動産ソリューションズ株式会社,関東,東京都,東京都新宿区,首都圏・関西・名古屋ほか,あり,あり,マンション・土地・一棟マンション・アパート・事業用,あり,https://www.nomura-solutions.co.jp/,https://www.nomu.com/pro/contact/,https://www.nomu.com/pro/house/,要確認,ノムコム・プロで投資用戸建て・収益物件を掲載,https://www.nomu.com/pro/house/area/1311/ | https://www.nomu.com/pro/contents/knowhow/20240919.html,2026-07-15,確認済み,A,問い合わせ先は物件・担当センターごとに異なる,,,,,,
RE-MLIT-13-00002509,銀座土地建物 株式会社,関東,東京都,要確認,東京都,要確認,要確認,要確認,要確認,要確認,要確認,要確認,要確認,国土交通省の企業情報検索システムで宅地建物取引業者登録を確認,https://etsuran2.mlit.go.jp/TAKKEN/takkenKensaku.do?CMD=selectPage&caller=TK&choice=1&rdoSelect=1&rdoSelectJoken=1&rdoSelectSort=1&sortValue=1&dispCount=50&licenseNoKbn=13&pageCount=3&pageListNo1=3&pageListNo2=3,2026-08-02,公的登録確認・公式サイト要確認,A,免許行政庁: 東京都; 免許番号: 第002509号; 自動追加日: 2026-08-02,,,,,,
RE-MLIT-13-00001157,町ビルディング 株式会社,関東,東京都,要確認,東京都,要確認,要確認,要確認,要確認,要確認,要確認,要確認,要確認,国土交通省の企業情報検索システムで宅地建物取引業者登録を確認,https://etsuran2.mlit.go.jp/TAKKEN/takkenKensaku.do?CMD=selectPage&caller=TK&choice=1&rdoSelect=1&rdoSelectJoken=1&rdoSelectSort=1&sortValue=1&dispCount=50&licenseNoKbn=13&pageCount=2&pageListNo1=2&pageListNo2=2,2026-07-26,公的登録確認・公式サイト要確認,A,免許行政庁: 東京都; 免許番号: 第001157号; 自動追加日: 2026-07-26,,,,,,
RE-MLIT-09-00001786,ミユキ興業 株式会社,関東,栃木県,要確認,栃木県,要確認,要確認,要確認,要確認,要確認,要確認,要確認,要確認,国土交通省の企業情報検索システムで宅地建物取引業者登録を確認,https://etsuran2.mlit.go.jp/TAKKEN/takkenKensaku.do?CMD=selectPage&caller=TK&choice=1&rdoSelect=1&rdoSelectJoken=1&rdoSelectSort=1&sortValue=1&dispCount=50&licenseNoKbn=09&pageCount=3&pageListNo1=3&pageListNo2=3,2026-08-06,公的登録確認・公式サイト要確認,A,免許行政庁: 栃木県; 免許番号: 第001786号; 自動追加日: 2026-08-06,宅地建物取引業者,,,,,
RE-MLIT-09-00000905,万不動産 株式会社,関東,栃木県,要確認,栃木県,要確認,要確認,要確認,要確認,要確認,要確認,要確認,要確認,国土交通省の企業情報検索システムで宅地建物取引業者登録を確認,https://etsuran2.mlit.go.jp/TAKKEN/takkenKensaku.do?CMD=selectPage&caller=TK&choice=1&rdoSelect=1&rdoSelectJoken=1&rdoSelectSort=1&sortValue=1&dispCount=50&licenseNoKbn=09&pageCount=2&pageListNo1=2&pageListNo2=2,2026-07-31,公的登録確認・公式サイト要確認,A,免許行政庁: 栃木県; 免許番号: 第000905号; 自動追加日: 2026-07-31,,,,,,
RE-MLIT-09-00000002,丸栃不動産倉庫 株式会社,関東,栃木県,要確認,栃木県,要確認,要確認,要確認,要確認,要確認,要確認,要確認,要確認,国土交通省の企業情報検索システムで宅地建物取引業者登録を確認,https://etsuran2.mlit.go.jp/TAKKEN/takkenKensaku.do?CMD=selectPage&caller=TK&choice=1&rdoSelect=1&rdoSelectJoken=1&rdoSelectSort=1&sortValue=1&dispCount=50&licenseNoKbn=09&pageCount=1&pageListNo1=1&pageListNo2=1,2026-07-24,公的登録確認・公式サイト要確認,A,免許行政庁: 栃木県; 免許番号: 第000002号; 自動追加日: 2026-07-24,,,,,,
RE-MLIT-09-00001757,住建 株式会社,関東,栃木県,要確認,栃木県,要確認,要確認,要確認,要確認,要確認,要確認,要確認,要確認,国土交通省の企業情報検索システムで宅地建物取引業者登録を確認,https://etsuran2.mlit.go.jp/TAKKEN/takkenKensaku.do?CMD=selectPage&caller=TK&choice=1&rdoSelect=1&rdoSelectJoken=1&rdoSelectSort=1&sortValue=1&dispCount=50&licenseNoKbn=09&pageCount=3&pageListNo1=3&pageListNo2=3,2026-08-06,公的登録確認・公式サイト要確認,A,免許行政庁: 栃木県; 免許番号: 第001757号; 自動追加日: 2026-08-06,宅地建物取引業者,,,,,
RE-MLIT-09-00000919,八汐土地開発 株式会社,関東,栃木県,要確認,栃木県,要確認,要確認,要確認,要確認,要確認,要確認,要確認,要確認,国土交通省の企業情報検索システムで宅地建物取引業者登録を確認,https://etsuran2.mlit.go.jp/TAKKEN/takkenKensaku.do?CMD=selectPage&caller=TK&choice=1&rdoSelect=1&rdoSelectJoken=1&rdoSelectSort=1&sortValue=1&dispCount=50&licenseNoKbn=09&pageCount=2&pageListNo1=2&pageListNo2=2,2026-07-31,公的登録確認・公式サイト要確認,A,免許行政庁: 栃木県; 免許番号: 第000919号; 自動追加日: 2026-07-31,,,,,,
RE-MLIT-09-00000064,前田不動産 株式会社,関東,栃木県,要確認,栃木県,要確認,要確認,要確認,要確認,要確認,要確認,要確認,要確認,国土交通省の企業情報検索システムで宅地建物取引業者登録を確認,https://etsuran2.mlit.go.jp/TAKKEN/takkenKensaku.do?CMD=selectPage&caller=TK&choice=1&rdoSelect=1&rdoSelectJoken=1&rdoSelectSort=1&sortValue=1&dispCount=50&licenseNoKbn=09&pageCount=1&pageListNo1=1&pageListNo2=1,2026-07-24,公的登録確認・公式サイト要確認,A,免許行政庁: 栃木県; 免許番号: 第000064号; 自動追加日: 2026-07-24,,,,,,
RE-MLIT-09-00001772,北都不動産,関東,栃木県,要確認,栃木県,要確認,要確認,要確認,要確認,要確認,要確認,要確認,要確認,国土交通省の企業情報検索システムで宅地建物取引業者登録を確認,https://etsuran2.mlit.go.jp/TAKKEN/takkenKensaku.do?CMD=selectPage&caller=TK&choice=1&rdoSelect=1&rdoSelectJoken=1&rdoSelectSort=1&sortValue=1&dispCount=50&licenseNoKbn=09&pageCount=3&pageListNo1=3&pageListNo2=3,2026-08-06,公的登録確認・公式サイト要確認,A,免許行政庁: 栃木県; 免許番号: 第001772号; 自動追加日: 2026-08-06,宅地建物取引業者,,,,,
RE-MLIT-09-00000108,協立不動産 株式会社,関東,栃木県,要確認,栃木県,要確認,要確認,要確認,要確認,要確認,要確認,要確認,要確認,国土交通省の企業情報検索システムで宅地建物取引業者登録を確認,https://etsuran2.mlit.go.jp/TAKKEN/takkenKensaku.do?CMD=selectPage&caller=TK&choice=1&rdoSelect=1&rdoSelectJoken=1&rdoSelectSort=1&sortValue=1&dispCount=50&licenseNoKbn=09&pageCount=1&pageListNo1=1&pageListNo2=1,2026-07-24,公的登録確認・公式サイト要確認,A,免許行政庁: 栃木県; 免許番号: 第000108号; 自動追加日: 2026-07-24,,,,,,
RE-MLIT-09-00000159,大国不動産 株式会社,関東,栃木県,要確認,栃木県,要確認,要確認,要確認,要確認,要確認,要確認,要確認,要確認,国土交通省の企業情報検索システムで宅地建物取引業者登録を確認,https://etsuran2.mlit.go.jp/TAKKEN/takkenKensaku.do?CMD=selectPage&caller=TK&choice=1&rdoSelect=1&rdoSelectJoken=1&rdoSelectSort=1&sortValue=1&dispCount=50&licenseNoKbn=09&pageCount=1&pageListNo1=1&pageListNo2=1,2026-07-24,公的登録確認・公式サイト要確認,A,免許行政庁: 栃木県; 免許番号: 第000159号; 自動追加日: 2026-07-24,,,,,,
RE-MLIT-09-00000168,小山土地建物 株式会社,関東,栃木県,要確認,栃木県,要確認,要確認,要確認,要確認,要確認,要確認,要確認,要確認,国土交通省の企業情報検索システムで宅地建物取引業者登録を確認,https://etsuran2.mlit.go.jp/TAKKEN/takkenKensaku.do?CMD=selectPage&caller=TK&choice=1&rdoSelect=1&rdoSelectJoken=1&rdoSelectSort=1&sortValue=1&dispCount=50&licenseNoKbn=09&pageCount=1&pageListNo1=1&pageListNo2=1,2026-07-24,公的登録確認・公式サイト要確認,A,免許行政庁: 栃木県; 免許番号: 第000168号; 自動追加日: 2026-07-24,,,,,,
RE-MLIT-09-00000062,小金井不動産 株式会社,関東,栃木県,要確認,栃木県,要確認,要確認,要確認,要確認,要確認,要確認,要確認,要確認,国土交通省の企業情報検索システムで宅地建物取引業者登録を確認,https://etsuran2.mlit.go.jp/TAKKEN/takkenKensaku.do?CMD=selectPage&caller=TK&choice=1&rdoSelect=1&rdoSelectJoken=1&rdoSelectSort=1&sortValue=1&dispCount=50&licenseNoKbn=09&pageCount=1&pageListNo1=1&pageListNo2=1,2026-07-24,公的登録確認・公式サイト要確認,A,免許行政庁: 栃木県; 免許番号: 第000062号; 自動追加日: 2026-07-24,,,,,,
RE-MLIT-09-00000054,昭和商事 株式会社,関東,栃木県,要確認,栃木県,要確認,要確認,要確認,要確認,要確認,要確認,要確認,要確認,国土交通省の企業情報検索システムで宅地建物取引業者登録を確認,https://etsuran2.mlit.go.jp/TAKKEN/takkenKensaku.do?CMD=selectPage&caller=TK&choice=1&rdoSelect=1&rdoSelectJoken=1&rdoSelectSort=1&sortValue=1&dispCount=50&licenseNoKbn=09&pageCount=1&pageListNo1=1&pageListNo2=1,2026-07-24,公的登録確認・公式サイト要確認,A,免許行政庁: 栃木県; 免許番号: 第000054号; 自動追加日: 2026-07-24,,,,,,
RE-MLIT-09-00000022,有限会社 カワシマ不動産,関東,栃木県,要確認,栃木県,要確認,要確認,要確認,要確認,要確認,要確認,要確認,要確認,国土交通省の企業情報検索システムで宅地建物取引業者登録を確認,https://etsuran2.mlit.go.jp/TAKKEN/takkenKensaku.do?CMD=selectPage&caller=TK&choice=1&rdoSelect=1&rdoSelectJoken=1&rdoSelectSort=1&sortValue=1&dispCount=50&licenseNoKbn=09&pageCount=1&pageListNo1=1&pageListNo2=1,2026-07-24,公的登録確認・公式サイト要確認,A,免許行政庁: 栃木県; 免許番号: 第000022号; 自動追加日: 2026-07-24,,,,,,
RE-MLIT-09-00001774,有限会社 ナスネット,関東,栃木県,要確認,栃木県,要確認,要確認,要確認,要確認,要確認,要確認,要確認,要確認,国土交通省の企業情報検索システムで宅地建物取引業者登録を確認,https://etsuran2.mlit.go.jp/TAKKEN/takkenKensaku.do?CMD=selectPage&caller=TK&choice=1&rdoSelect=1&rdoSelectJoken=1&rdoSelectSort=1&sortValue=1&dispCount=50&licenseNoKbn=09&pageCount=3&pageListNo1=3&pageListNo2=3,2026-08-06,公的登録確認・公式サイト要確認,A,免許行政庁: 栃木県; 免許番号: 第001774号; 自動追加日: 2026-08-06,宅地建物取引業者,,,,,
RE-MLIT-09-00001770,有限会社 坂本不動産,関東,栃木県,要確認,栃木県,要確認,要確認,要確認,要確認,要確認,要確認,要確認,要確認,国土交通省の企業情報検索システムで宅地建物取引業者登録を確認,https://etsuran2.mlit.go.jp/TAKKEN/takkenKensaku.do?CMD=selectPage&caller=TK&choice=1&rdoSelect=1&rdoSelectJoken=1&rdoSelectSort=1&sortValue=1&dispCount=50&licenseNoKbn=09&pageCount=3&pageListNo1=3&pageListNo2=3,2026-08-06,公的登録確認・公式サイト要確認,A,免許行政庁: 栃木県; 免許番号: 第001770号; 自動追加日: 2026-08-06,宅地建物取引業者,,,,,
RE-MLIT-09-00001009,有限会社 大福不動産,関東,栃木県,要確認,栃木県,要確認,要確認,要確認,要確認,要確認,要確認,要確認,要確認,国土交通省の企業情報検索システムで宅地建物取引業者登録を確認,https://etsuran2.mlit.go.jp/TAKKEN/takkenKensaku.do?CMD=selectPage&caller=TK&choice=1&rdoSelect=1&rdoSelectJoken=1&rdoSelectSort=1&sortValue=1&dispCount=50&licenseNoKbn=09&pageCount=2&pageListNo1=2&pageListNo2=2,2026-07-31,公的登録確認・公式サイト要確認,A,免許行政庁: 栃木県; 免許番号: 第001009号; 自動追加日: 2026-07-31,,,,,,
RE-MLIT-09-00001782,有限会社 岩岡商事,関東,栃木県,要確認,栃木県,要確認,要確認,要確認,要確認,要確認,要確認,要確認,要確認,国土交通省の企業情報検索システムで宅地建物取引業者登録を確認,https://etsuran2.mlit.go.jp/TAKKEN/takkenKensaku.do?CMD=selectPage&caller=TK&choice=1&rdoSelect=1&rdoSelectJoken=1&rdoSelectSort=1&sortValue=1&dispCount=50&licenseNoKbn=09&pageCount=3&pageListNo1=3&pageListNo2=3,2026-08-06,公的登録確認・公式サイト要確認,A,免許行政庁: 栃木県; 免許番号: 第001782号; 自動追加日: 2026-08-06,宅地建物取引業者,,,,,
RE-MLIT-09-00000182,有限会社 東栄不動産,関東,栃木県,要確認,栃木県,要確認,要確認,要確認,要確認,要確認,要確認,要確認,要確認,国土交通省の企業情報検索システムで宅地建物取引業者登録を確認,https://etsuran2.mlit.go.jp/TAKKEN/takkenKensaku.do?CMD=selectPage&caller=TK&choice=1&rdoSelect=1&rdoSelectJoken=1&rdoSelectSort=1&sortValue=1&dispCount=50&licenseNoKbn=09&pageCount=1&pageListNo1=1&pageListNo2=1,2026-07-24,公的登録確認・公式サイト要確認,A,免許行政庁: 栃木県; 免許番号: 第000182号; 自動追加日: 2026-07-24,,,,,,
RE-MLIT-09-00001050,有限会社 栃信総業,関東,栃木県,要確認,栃木県,要確認,要確認,要確認,要確認,要確認,要確認,要確認,要確認,国土交通省の企業情報検索システムで宅地建物取引業者登録を確認,https://etsuran2.mlit.go.jp/TAKKEN/takkenKensaku.do?CMD=selectPage&caller=TK&choice=1&rdoSelect=1&rdoSelectJoken=1&rdoSelectSort=1&sortValue=1&dispCount=50&licenseNoKbn=09&pageCount=2&pageListNo1=2&pageListNo2=2,2026-07-31,公的登録確認・公式サイト要確認,A,免許行政庁: 栃木県; 免許番号: 第001050号; 自動追加日: 2026-07-31,,,,,,
RE-MLIT-09-00000976,東照商事 株式会社,関東,栃木県,要確認,栃木県,要確認,要確認,要確認,要確認,要確認,要確認,要確認,要確認,国土交通省の企業情報検索システムで宅地建物取引業者登録を確認,https://etsuran2.mlit.go.jp/TAKKEN/takkenKensaku.do?CMD=selectPage&caller=TK&choice=1&rdoSelect=1&rdoSelectJoken=1&rdoSelectSort=1&sortValue=1&dispCount=50&licenseNoKbn=09&pageCount=2&pageListNo1=2&pageListNo2=2,2026-07-31,公的登録確認・公式サイト要確認,A,免許行政庁: 栃木県; 免許番号: 第000976号; 自動追加日: 2026-07-31,,,,,,
RE-MLIT-09-00001793,松本不動産,関東,栃木県,要確認,栃木県,あり,要確認,マンション,あり,https://www.matsumoto-fudousan.co.jp/,https://www.matsumoto-fudousan.co.jp/contact,https://www.matsumoto-fudousan.co.jp/,082-291-4545,公式サイト自動確認（確信度高・85点）。戸建て取扱表記あり。問い合わせ導線あり。公開法人メール: info@matsumoto-fudousan.co.jp。物上げ適性C（5点: 問い合わせ導線）,https://etsuran2.mlit.go.jp/TAKKEN/takkenKensaku.do?CMD=selectPage&caller=TK&choice=1&rdoSelect=1&rdoSelectJoken=1&rdoSelectSort=1&sortValue=1&dispCount=50&licenseNoKbn=09&pageCount=3&pageListNo1=3&pageListNo2=3 | https://www.matsumoto-fudousan.co.jp/ | https://www.matsumoto-fudousan.co.jp/contact,2026-08-12,自動確認済み,C,免許行政庁: 栃木県; 免許番号: 第001793号; 自動追加日: 2026-08-06; 公式サイト自動確認日: 2026-08-12,宅地建物取引業者,info@matsumoto-fudousan.co.jp,高,85,5,問い合わせ導線
RE-MLIT-09-00001739,柿木産業 株式会社,関東,栃木県,要確認,栃木県,要確認,要確認,要確認,要確認,要確認,要確認,要確認,要確認,国土交通省の企業情報検索システムで宅地建物取引業者登録を確認,https://etsuran2.mlit.go.jp/TAKKEN/takkenKensaku.do?CMD=selectPage&caller=TK&choice=1&rdoSelect=1&rdoSelectJoken=1&rdoSelectSort=1&sortValue=1&dispCount=50&licenseNoKbn=09&pageCount=3&pageListNo1=3&pageListNo2=3,2026-08-06,公的登録確認・公式サイト要確認,A,免許行政庁: 栃木県; 免許番号: 第001739号; 自動追加日: 2026-08-06,宅地建物取引業者,,,,,
RE-MLIT-09-00000883,株式会社 むぎくら,関東,栃木県,要確認,栃木県,要確認,要確認,要確認,要確認,要確認,要確認,要確認,要確認,国土交通省の企業情報検索システムで宅地建物取引業者登録を確認,https://etsuran2.mlit.go.jp/TAKKEN/takkenKensaku.do?CMD=selectPage&caller=TK&choice=1&rdoSelect=1&rdoSelectJoken=1&rdoSelectSort=1&sortValue=1&dispCount=50&licenseNoKbn=09&pageCount=2&pageListNo1=2&pageListNo2=2,2026-07-31,公的登録確認・公式サイト要確認,A,免許行政庁: 栃木県; 免許番号: 第000883号; 自動追加日: 2026-07-31,,,,,,
RE-MLIT-09-00000117,株式会社 万建設興業,関東,栃木県,要確認,栃木県,要確認,要確認,要確認,要確認,要確認,要確認,要確認,要確認,国土交通省の企業情報検索システムで宅地建物取引業者登録を確認,https://etsuran2.mlit.go.jp/TAKKEN/takkenKensaku.do?CMD=selectPage&caller=TK&choice=1&rdoSelect=1&rdoSelectJoken=1&rdoSelectSort=1&sortValue=1&dispCount=50&licenseNoKbn=09&pageCount=1&pageListNo1=1&pageListNo2=1,2026-07-24,公的登録確認・公式サイト要確認,A,免許行政庁: 栃木県; 免許番号: 第000117号; 自動追加日: 2026-07-24,,,,,,
RE-MLIT-09-00001764,株式会社 三愛地所,関東,栃木県,要確認,栃木県,要確認,要確認,要確認,要確認,要確認,要確認,要確認,要確認,国土交通省の企業情報検索システムで宅地建物取引業者登録を確認,https://etsuran2.mlit.go.jp/TAKKEN/takkenKensaku.do?CMD=selectPage&caller=TK&choice=1&rdoSelect=1&rdoSelectJoken=1&rdoSelectSort=1&sortValue=1&dispCount=50&licenseNoKbn=09&pageCount=3&pageListNo1=3&pageListNo2=3,2026-08-06,公的登録確認・公式サイト要確認,A,免許行政庁: 栃木県; 免許番号: 第001764号; 自動追加日: 2026-08-06,宅地建物取引業者,,,,,
RE-MLIT-09-00000903,株式会社 大竹不動産,関東,栃木県,要確認,栃木県,要確認,要確認,要確認,要確認,要確認,要確認,要確認,要確認,国土交通省の企業情報検索システムで宅地建物取引業者登録を確認,https://etsuran2.mlit.go.jp/TAKKEN/takkenKensaku.do?CMD=selectPage&caller=TK&choice=1&rdoSelect=1&rdoSelectJoken=1&rdoSelectSort=1&sortValue=1&dispCount=50&licenseNoKbn=09&pageCount=2&pageListNo1=2&pageListNo2=2,2026-07-31,公的登録確認・公式サイト要確認,A,免許行政庁: 栃木県; 免許番号: 第000903号; 自動追加日: 2026-07-31,,,,,,
RE-MLIT-09-00000949,株式会社 大那商事,関東,栃木県,要確認,栃木県,要確認,要確認,要確認,要確認,要確認,要確認,要確認,要確認,国土交通省の企業情報検索システムで宅地建物取引業者登録を確認,https://etsuran2.mlit.go.jp/TAKKEN/takkenKensaku.do?CMD=selectPage&caller=TK&choice=1&rdoSelect=1&rdoSelectJoken=1&rdoSelectSort=1&sortValue=1&dispCount=50&licenseNoKbn=09&pageCount=2&pageListNo1=2&pageListNo2=2,2026-07-31,公的登録確認・公式サイト要確認,A,免許行政庁: 栃木県; 免許番号: 第000949号; 自動追加日: 2026-07-31,,,,,,
RE-MLIT-09-00001740,株式会社 小栗測量事務所,関東,栃木県,要確認,栃木県,要確認,要確認,要確認,要確認,要確認,要確認,要確認,要確認,国土交通省の企業情報検索システムで宅地建物取引業者登録を確認,https://etsuran2.mlit.go.jp/TAKKEN/takkenKensaku.do?CMD=selectPage&caller=TK&choice=1&rdoSelect=1&rdoSelectJoken=1&rdoSelectSort=1&sortValue=1&dispCount=50&licenseNoKbn=09&pageCount=3&pageListNo1=3&pageListNo2=3,2026-08-06,公的登録確認・公式サイト要確認,A,免許行政庁: 栃木県; 免許番号: 第001740号; 自動追加日: 2026-08-06,宅地建物取引業者,,,,,
RE-MLIT-09-00000916,株式会社 西崎,関東,栃木県,要確認,栃木県,要確認,要確認,要確認,要確認,要確認,要確認,要確認,要確認,国土交通省の企業情報検索システムで宅地建物取引業者登録を確認,https://etsuran2.mlit.go.jp/TAKKEN/takkenKensaku.do?CMD=selectPage&caller=TK&choice=1&rdoSelect=1&rdoSelectJoken=1&rdoSelectSort=1&sortValue=1&dispCount=50&licenseNoKbn=09&pageCount=2&pageListNo1=2&pageListNo2=2,2026-07-31,公的登録確認・公式サイト要確認,A,免許行政庁: 栃木県; 免許番号: 第000916号; 自動追加日: 2026-07-31,,,,,,
RE-MLIT-09-00000984,関東地所 株式会社,関東,栃木県,要確認,栃木県,要確認,要確認,要確認,要確認,要確認,要確認,要確認,要確認,国土交通省の企業情報検索システムで宅地建物取引業者登録を確認,https://etsuran2.mlit.go.jp/TAKKEN/takkenKensaku.do?CMD=selectPage&caller=TK&choice=1&rdoSelect=1&rdoSelectJoken=1&rdoSelectSort=1&sortValue=1&dispCount=50&licenseNoKbn=09&pageCount=2&pageListNo1=2&pageListNo2=2,2026-07-31,公的登録確認・公式サイト要確認,A,免許行政庁: 栃木県; 免許番号: 第000984号; 自動追加日: 2026-07-31,,,,,,
RE-MLIT-14-00001852,オーナーズ商事 有限会社,関東,神奈川県,要確認,神奈川県,要確認,要確認,要確認,要確認,要確認,要確認,要確認,要確認,国土交通省の企業情報検索システムで宅地建物取引業者登録を確認,https://etsuran2.mlit.go.jp/TAKKEN/takkenKensaku.do?CMD=selectPage&caller=TK&choice=1&rdoSelect=1&rdoSelectJoken=1&rdoSelectSort=1&sortValue=1&dispCount=50&licenseNoKbn=14&pageCount=2&pageListNo1=2&pageListNo2=2,2026-07-27,公的登録確認・公式サイト要確認,A,免許行政庁: 神奈川県; 免許番号: 第001852号; 自動追加日: 2026-07-27,,,,,,
RE-MLIT-14-00001691,一般財団法人 伊勢原市事業公社,関東,神奈川県,要確認,神奈川県,要確認,要確認,要確認,要確認,要確認,要確認,要確認,要確認,国土交通省の企業情報検索システムで宅地建物取引業者登録を確認,https://etsuran2.mlit.go.jp/TAKKEN/takkenKensaku.do?CMD=selectPage&caller=TK&choice=1&rdoSelect=1&rdoSelectJoken=1&rdoSelectSort=1&sortValue=1&dispCount=50&licenseNoKbn=14&pageCount=2&pageListNo1=2&pageListNo2=2,2026-07-27,公的登録確認・公式サイト要確認,A,免許行政庁: 神奈川県; 免許番号: 第001691号; 自動追加日: 2026-07-27,,,,,,
RE-MLIT-14-00002794,三宝商事 株式会社,関東,神奈川県,要確認,神奈川県,要確認,要確認,要確認,要確認,要確認,要確認,要確認,要確認,国土交通省の企業情報検索システムで宅地建物取引業者登録を確認,https://etsuran2.mlit.go.jp/TAKKEN/takkenKensaku.do?CMD=selectPage&caller=TK&choice=1&rdoSelect=1&rdoSelectJoken=1&rdoSelectSort=1&sortValue=1&dispCount=50&licenseNoKbn=14&pageCount=3&pageListNo1=3&pageListNo2=3,2026-08-03,公的登録確認・公式サイト要確認,A,免許行政庁: 神奈川県; 免許番号: 第002794号; 自動追加日: 2026-08-03,,,,,,
RE-MLIT-14-00002693,中央商事不動産,関東,神奈川県,要確認,神奈川県,要確認,要確認,土地・事業用,要確認,https://www.kanagawa-takken.com/detail/00071400302,要確認,https://www.kanagawa-takken.com/detail/00071400302,0463-88-5353,公式サイト自動確認（確信度中・75点）,https://etsuran2.mlit.go.jp/TAKKEN/takkenKensaku.do?CMD=selectPage&caller=TK&choice=1&rdoSelect=1&rdoSelectJoken=1&rdoSelectSort=1&sortValue=1&dispCount=50&licenseNoKbn=14&pageCount=3&pageListNo1=3&pageListNo2=3 | https://www.kanagawa-takken.com/detail/00071400302,2026-08-06,一部自動確認,C,免許行政庁: 神奈川県; 免許番号: 第002693号; 自動追加日: 2026-08-03; 公式サイト自動確認日: 2026-08-06,,要確認,中,75,0,
RE-MLIT-14-00001737,丸万不動産 有限会社,関東,神奈川県,要確認,神奈川県,要確認,要確認,要確認,要確認,要確認,要確認,要確認,要確認,国土交通省の企業情報検索システムで宅地建物取引業者登録を確認,https://etsuran2.mlit.go.jp/TAKKEN/takkenKensaku.do?CMD=selectPage&caller=TK&choice=1&rdoSelect=1&rdoSelectJoken=1&rdoSelectSort=1&sortValue=1&dispCount=50&licenseNoKbn=14&pageCount=2&pageListNo1=2&pageListNo2=2,2026-07-27,公的登録確認・公式サイト要確認,A,免許行政庁: 神奈川県; 免許番号: 第001737号; 自動追加日: 2026-07-27,,,,,,
RE-MLIT-14-00001740,大和商事 株式会社,関東,神奈川県,要確認,神奈川県,要確認,要確認,要確認,要確認,要確認,要確認,要確認,要確認,国土交通省の企業情報検索システムで宅地建物取引業者登録を確認,https://etsuran2.mlit.go.jp/TAKKEN/takkenKensaku.do?CMD=selectPage&caller=TK&choice=1&rdoSelect=1&rdoSelectJoken=1&rdoSelectSort=1&sortValue=1&dispCount=50&licenseNoKbn=14&pageCount=2&pageListNo1=2&pageListNo2=2,2026-07-27,公的登録確認・公式サイト要確認,A,免許行政庁: 神奈川県; 免許番号: 第001740号; 自動追加日: 2026-07-27,,,,,,
RE-MLIT-14-00000181,大栄興業 株式会社,関東,神奈川県,要確認,神奈川県,要確認,要確認,要確認,要確認,要確認,要確認,要確認,要確認,国土交通省の企業情報検索システムで宅地建物取引業者登録を確認,https://etsuran2.mlit.go.jp/TAKKEN/takkenKensaku.do?CMD=selectPage&caller=TK&choice=1&rdoSelect=1&rdoSelectJoken=1&rdoSelectSort=1&sortValue=1&dispCount=50&licenseNoKbn=14&pageCount=1&pageListNo1=1&pageListNo2=1,2026-07-21,公的登録確認・公式サイト要確認,A,免許行政庁: 神奈川県; 免許番号: 第000181号; 自動追加日: 2026-07-21,,,,,,
RE-MLIT-14-00001608,川崎北部開発 株式会社,関東,神奈川県,要確認,神奈川県,要確認,要確認,要確認,要確認,要確認,要確認,要確認,要確認,国土交通省の企業情報検索システムで宅地建物取引業者登録を確認,https://etsuran2.mlit.go.jp/TAKKEN/takkenKensaku.do?CMD=selectPage&caller=TK&choice=1&rdoSelect=1&rdoSelectJoken=1&rdoSelectSort=1&sortValue=1&dispCount=50&licenseNoKbn=14&pageCount=2&pageListNo1=2&pageListNo2=2,2026-07-27,公的登録確認・公式サイト要確認,A,免許行政庁: 神奈川県; 免許番号: 第001608号; 自動追加日: 2026-07-27,,,,,,
RE-MLIT-14-00002826,新見商事 有限会社,関東,神奈川県,要確認,神奈川県,要確認,要確認,要確認,要確認,要確認,要確認,要確認,要確認,国土交通省の企業情報検索システムで宅地建物取引業者登録を確認,https://etsuran2.mlit.go.jp/TAKKEN/takkenKensaku.do?CMD=selectPage&caller=TK&choice=1&rdoSelect=1&rdoSelectJoken=1&rdoSelectSort=1&sortValue=1&dispCount=50&licenseNoKbn=14&pageCount=3&pageListNo1=3&pageListNo2=3,2026-08-03,公的登録確認・公式サイト要確認,A,免許行政庁: 神奈川県; 免許番号: 第002826号; 自動追加日: 2026-08-03,,,,,,
RE-MLIT-14-00002692,日比野不動産 株式会社,関東,神奈川県,要確認,神奈川県,要確認,要確認,要確認,要確認,要確認,要確認,要確認,要確認,国土交通省の企業情報検索システムで宅地建物取引業者登録を確認,https://etsuran2.mlit.go.jp/TAKKEN/takkenKensaku.do?CMD=selectPage&caller=TK&choice=1&rdoSelect=1&rdoSelectJoken=1&rdoSelectSort=1&sortValue=1&dispCount=50&licenseNoKbn=14&pageCount=3&pageListNo1=3&pageListNo2=3,2026-08-03,公的登録確認・公式サイト要確認,A,免許行政庁: 神奈川県; 免許番号: 第002692号; 自動追加日: 2026-08-03,,,,,,
RE-MLIT-14-00000260,有限会社 協和商事,関東,神奈川県,要確認,神奈川県,要確認,要確認,要確認,要確認,要確認,要確認,要確認,要確認,国土交通省の企業情報検索システムで宅地建物取引業者登録を確認,https://etsuran2.mlit.go.jp/TAKKEN/takkenKensaku.do?CMD=selectPage&caller=TK&choice=1&rdoSelect=1&rdoSelectJoken=1&rdoSelectSort=1&sortValue=1&dispCount=50&licenseNoKbn=14&pageCount=1&pageListNo1=1&pageListNo2=1,2026-07-21,公的登録確認・公式サイト要確認,A,免許行政庁: 神奈川県; 免許番号: 第000260号; 自動追加日: 2026-07-21,,,,,,
RE-MLIT-14-00001851,有限会社 吉浜不動産,関東,神奈川県,要確認,神奈川県,要確認,要確認,要確認,要確認,要確認,要確認,要確認,要確認,国土交通省の企業情報検索システムで宅地建物取引業者登録を確認,https://etsuran2.mlit.go.jp/TAKKEN/takkenKensaku.do?CMD=selectPage&caller=TK&choice=1&rdoSelect=1&rdoSelectJoken=1&rdoSelectSort=1&sortValue=1&dispCount=50&licenseNoKbn=14&pageCount=2&pageListNo1=2&pageListNo2=2,2026-07-27,公的登録確認・公式サイト要確認,A,免許行政庁: 神奈川県; 免許番号: 第001851号; 自動追加日: 2026-07-27,,,,,,
RE-MLIT-14-00002784,有限会社 大倉商事,関東,神奈川県,要確認,神奈川県,要確認,要確認,要確認,要確認,要確認,要確認,要確認,要確認,国土交通省の企業情報検索システムで宅地建物取引業者登録を確認,https://etsuran2.mlit.go.jp/TAKKEN/takkenKensaku.do?CMD=selectPage&caller=TK&choice=1&rdoSelect=1&rdoSelectJoken=1&rdoSelectSort=1&sortValue=1&dispCount=50&licenseNoKbn=14&pageCount=3&pageListNo1=3&pageListNo2=3,2026-08-03,公的登録確認・公式サイト要確認,A,免許行政庁: 神奈川県; 免許番号: 第002784号; 自動追加日: 2026-08-03,,,,,,
RE-MLIT-14-00000365,有限会社 小沢建設商事,関東,神奈川県,要確認,神奈川県,要確認,要確認,要確認,要確認,要確認,要確認,要確認,要確認,国土交通省の企業情報検索システムで宅地建物取引業者登録を確認,https://etsuran2.mlit.go.jp/TAKKEN/takkenKensaku.do?CMD=selectPage&caller=TK&choice=1&rdoSelect=1&rdoSelectJoken=1&rdoSelectSort=1&sortValue=1&dispCount=50&licenseNoKbn=14&pageCount=1&pageListNo1=1&pageListNo2=1,2026-07-21,公的登録確認・公式サイト要確認,A,免許行政庁: 神奈川県; 免許番号: 第000365号; 自動追加日: 2026-07-21,,,,,,
RE-MLIT-14-00002699,有限会社 平不動産,関東,神奈川県,要確認,神奈川県,要確認,要確認,要確認,要確認,要確認,要確認,要確認,要確認,国土交通省の企業情報検索システムで宅地建物取引業者登録を確認,https://etsuran2.mlit.go.jp/TAKKEN/takkenKensaku.do?CMD=selectPage&caller=TK&choice=1&rdoSelect=1&rdoSelectJoken=1&rdoSelectSort=1&sortValue=1&dispCount=50&licenseNoKbn=14&pageCount=3&pageListNo1=3&pageListNo2=3,2026-08-03,公的登録確認・公式サイト要確認,A,免許行政庁: 神奈川県; 免許番号: 第002699号; 自動追加日: 2026-08-03,,,,,,
RE-MLIT-14-00001610,有限会社 柏菱,関東,神奈川県,要確認,神奈川県,要確認,要確認,要確認,要確認,要確認,要確認,要確認,要確認,国土交通省の企業情報検索システムで宅地建物取引業者登録を確認,https://etsuran2.mlit.go.jp/TAKKEN/takkenKensaku.do?CMD=selectPage&caller=TK&choice=1&rdoSelect=1&rdoSelectJoken=1&rdoSelectSort=1&sortValue=1&dispCount=50&licenseNoKbn=14&pageCount=2&pageListNo1=2&pageListNo2=2,2026-07-27,公的登録確認・公式サイト要確認,A,免許行政庁: 神奈川県; 免許番号: 第001610号; 自動追加日: 2026-07-27,,,,,,
RE-MLIT-14-00000162,有限会社 濱屋,関東,神奈川県,要確認,神奈川県,要確認,要確認,要確認,要確認,要確認,要確認,要確認,要確認,国土交通省の企業情報検索システムで宅地建物取引業者登録を確認,https://etsuran2.mlit.go.jp/TAKKEN/takkenKensaku.do?CMD=selectPage&caller=TK&choice=1&rdoSelect=1&rdoSelectJoken=1&rdoSelectSort=1&sortValue=1&dispCount=50&licenseNoKbn=14&pageCount=1&pageListNo1=1&pageListNo2=1,2026-07-21,公的登録確認・公式サイト要確認,A,免許行政庁: 神奈川県; 免許番号: 第000162号; 自動追加日: 2026-07-21,,,,,,
RE-MLIT-14-00001724,末広土地建物 株式会社,関東,神奈川県,要確認,神奈川県,要確認,要確認,要確認,要確認,要確認,要確認,要確認,要確認,国土交通省の企業情報検索システムで宅地建物取引業者登録を確認,https://etsuran2.mlit.go.jp/TAKKEN/takkenKensaku.do?CMD=selectPage&caller=TK&choice=1&rdoSelect=1&rdoSelectJoken=1&rdoSelectSort=1&sortValue=1&dispCount=50&licenseNoKbn=14&pageCount=2&pageListNo1=2&pageListNo2=2,2026-07-27,公的登録確認・公式サイト要確認,A,免許行政庁: 神奈川県; 免許番号: 第001724号; 自動追加日: 2026-07-27,,,,,,
RE-MLIT-14-00000071,東栄商事 株式会社,関東,神奈川県,要確認,神奈川県,要確認,要確認,要確認,要確認,要確認,要確認,要確認,要確認,国土交通省の企業情報検索システムで宅地建物取引業者登録を確認,https://etsuran2.mlit.go.jp/TAKKEN/takkenKensaku.do?CMD=selectPage&caller=TK&choice=1&rdoSelect=1&rdoSelectJoken=1&rdoSelectSort=1&sortValue=1&dispCount=50&licenseNoKbn=14&pageCount=1&pageListNo1=1&pageListNo2=1,2026-07-21,公的登録確認・公式サイト要確認,A,免許行政庁: 神奈川県; 免許番号: 第000071号; 自動追加日: 2026-07-21,,,,,,
RE-MLIT-14-00000060,東横不動産 株式会社,関東,神奈川県,要確認,神奈川県,要確認,要確認,要確認,要確認,要確認,要確認,要確認,要確認,国土交通省の企業情報検索システムで宅地建物取引業者登録を確認,https://etsuran2.mlit.go.jp/TAKKEN/takkenKensaku.do?CMD=selectPage&caller=TK&choice=1&rdoSelect=1&rdoSelectJoken=1&rdoSelectSort=1&sortValue=1&dispCount=50&licenseNoKbn=14&pageCount=1&pageListNo1=1&pageListNo2=1,2026-07-21,公的登録確認・公式サイト要確認,A,免許行政庁: 神奈川県; 免許番号: 第000060号; 自動追加日: 2026-07-21,,,,,,
RE-MLIT-14-00002679,株式会社 トーソー,関東,神奈川県,要確認,神奈川県,要確認,要確認,要確認,要確認,要確認,要確認,要確認,要確認,国土交通省の企業情報検索システムで宅地建物取引業者登録を確認,https://etsuran2.mlit.go.jp/TAKKEN/takkenKensaku.do?CMD=selectPage&caller=TK&choice=1&rdoSelect=1&rdoSelectJoken=1&rdoSelectSort=1&sortValue=1&dispCount=50&licenseNoKbn=14&pageCount=3&pageListNo1=3&pageListNo2=3,2026-08-03,公的登録確認・公式サイト要確認,A,免許行政庁: 神奈川県; 免許番号: 第002679号; 自動追加日: 2026-08-03,,,,,,
RE-MLIT-14-00000013,株式会社 大谷商事,関東,神奈川県,要確認,神奈川県,要確認,要確認,要確認,要確認,要確認,要確認,要確認,要確認,国土交通省の企業情報検索システムで宅地建物取引業者登録を確認,https://etsuran2.mlit.go.jp/TAKKEN/takkenKensaku.do?CMD=selectPage&caller=TK&choice=1&rdoSelect=1&rdoSelectJoken=1&rdoSelectSort=1&sortValue=1&dispCount=50&licenseNoKbn=14&pageCount=1&pageListNo1=1&pageListNo2=1,2026-07-21,公的登録確認・公式サイト要確認,A,免許行政庁: 神奈川県; 免許番号: 第000013号; 自動追加日: 2026-07-21,,,,,,
RE-MLIT-14-00002788,株式会社 小川組,関東,神奈川県,要確認,神奈川県,要確認,要確認,要確認,要確認,要確認,要確認,要確認,要確認,国土交通省の企業情報検索システムで宅地建物取引業者登録を確認,https://etsuran2.mlit.go.jp/TAKKEN/takkenKensaku.do?CMD=selectPage&caller=TK&choice=1&rdoSelect=1&rdoSelectJoken=1&rdoSelectSort=1&sortValue=1&dispCount=50&licenseNoKbn=14&pageCount=3&pageListNo1=3&pageListNo2=3,2026-08-03,公的登録確認・公式サイト要確認,A,免許行政庁: 神奈川県; 免許番号: 第002788号; 自動追加日: 2026-08-03,,,,,,
RE-MLIT-14-00002701,株式会社 嶋崎不動産,関東,神奈川県,要確認,神奈川県,要確認,要確認,要確認,要確認,要確認,要確認,要確認,要確認,国土交通省の企業情報検索システムで宅地建物取引業者登録を確認,https://etsuran2.mlit.go.jp/TAKKEN/takkenKensaku.do?CMD=selectPage&caller=TK&choice=1&rdoSelect=1&rdoSelectJoken=1&rdoSelectSort=1&sortValue=1&dispCount=50&licenseNoKbn=14&pageCount=3&pageListNo1=3&pageListNo2=3,2026-08-03,公的登録確認・公式サイト要確認,A,免許行政庁: 神奈川県; 免許番号: 第002701号; 自動追加日: 2026-08-03,,,,,,
RE-MLIT-14-00001771,株式会社 日建,関東,神奈川県,要確認,神奈川県,要確認,要確認,要確認,要確認,要確認,要確認,要確認,要確認,国土交通省の企業情報検索システムで宅地建物取引業者登録を確認,https://etsuran2.mlit.go.jp/TAKKEN/takkenKensaku.do?CMD=selectPage&caller=TK&choice=1&rdoSelect=1&rdoSelectJoken=1&rdoSelectSort=1&sortValue=1&dispCount=50&licenseNoKbn=14&pageCount=2&pageListNo1=2&pageListNo2=2,2026-07-27,公的登録確認・公式サイト要確認,A,免許行政庁: 神奈川県; 免許番号: 第001771号; 自動追加日: 2026-07-27,,,,,,
RE-MLIT-14-00002811,沢野商亊 株式会社,関東,神奈川県,要確認,神奈川県,要確認,要確認,要確認,要確認,要確認,要確認,要確認,要確認,国土交通省の企業情報検索システムで宅地建物取引業者登録を確認,https://etsuran2.mlit.go.jp/TAKKEN/takkenKensaku.do?CMD=selectPage&caller=TK&choice=1&rdoSelect=1&rdoSelectJoken=1&rdoSelectSort=1&sortValue=1&dispCount=50&licenseNoKbn=14&pageCount=3&pageListNo1=3&pageListNo2=3,2026-08-03,公的登録確認・公式サイト要確認,A,免許行政庁: 神奈川県; 免許番号: 第002811号; 自動追加日: 2026-08-03,,,,,,
RE-MLIT-14-00000024,浅間建設 株式会社,関東,神奈川県,要確認,神奈川県,要確認,要確認,要確認,要確認,要確認,要確認,要確認,要確認,国土交通省の企業情報検索システムで宅地建物取引業者登録を確認,https://etsuran2.mlit.go.jp/TAKKEN/takkenKensaku.do?CMD=selectPage&caller=TK&choice=1&rdoSelect=1&rdoSelectJoken=1&rdoSelectSort=1&sortValue=1&dispCount=50&licenseNoKbn=14&pageCount=1&pageListNo1=1&pageListNo2=1,2026-07-21,公的登録確認・公式サイト要確認,A,免許行政庁: 神奈川県; 免許番号: 第000024号; 自動追加日: 2026-07-21,,,,,,
RE-MLIT-14-00000066,相澤土地 株式会社,関東,神奈川県,要確認,神奈川県,要確認,要確認,要確認,要確認,要確認,要確認,要確認,要確認,国土交通省の企業情報検索システムで宅地建物取引業者登録を確認,https://etsuran2.mlit.go.jp/TAKKEN/takkenKensaku.do?CMD=selectPage&caller=TK&choice=1&rdoSelect=1&rdoSelectJoken=1&rdoSelectSort=1&sortValue=1&dispCount=50&licenseNoKbn=14&pageCount=1&pageListNo1=1&pageListNo2=1,2026-07-21,公的登録確認・公式サイト要確認,A,免許行政庁: 神奈川県; 免許番号: 第000066号; 自動追加日: 2026-07-21,,,,,,
RE-MLIT-14-00001880,第一商事 株式会社,関東,神奈川県,要確認,神奈川県,要確認,要確認,要確認,要確認,要確認,要確認,要確認,要確認,国土交通省の企業情報検索システムで宅地建物取引業者登録を確認,https://etsuran2.mlit.go.jp/TAKKEN/takkenKensaku.do?CMD=selectPage&caller=TK&choice=1&rdoSelect=1&rdoSelectJoken=1&rdoSelectSort=1&sortValue=1&dispCount=50&licenseNoKbn=14&pageCount=2&pageListNo1=2&pageListNo2=2,2026-07-27,公的登録確認・公式サイト要確認,A,免許行政庁: 神奈川県; 免許番号: 第001880号; 自動追加日: 2026-07-27,,,,,,
RE-MLIT-14-00000198,親和商事 有限会社,関東,神奈川県,要確認,神奈川県,要確認,要確認,要確認,要確認,要確認,要確認,要確認,要確認,国土交通省の企業情報検索システムで宅地建物取引業者登録を確認,https://etsuran2.mlit.go.jp/TAKKEN/takkenKensaku.do?CMD=selectPage&caller=TK&choice=1&rdoSelect=1&rdoSelectJoken=1&rdoSelectSort=1&sortValue=1&dispCount=50&licenseNoKbn=14&pageCount=1&pageListNo1=1&pageListNo2=1,2026-07-21,公的登録確認・公式サイト要確認,A,免許行政庁: 神奈川県; 免許番号: 第000198号; 自動追加日: 2026-07-21,,,,,,
RE-MLIT-10-00000114,上信電鉄株式会社,関東,群馬県,要確認,群馬県,要確認,要確認,要確認,要確認,要確認,要確認,要確認,要確認,国土交通省の企業情報検索システムで宅地建物取引業者登録を確認,https://etsuran2.mlit.go.jp/TAKKEN/takkenKensaku.do?CMD=selectPage&caller=TK&choice=1&rdoSelect=1&rdoSelectJoken=1&rdoSelectSort=1&sortValue=1&dispCount=50&licenseNoKbn=10&pageCount=1&pageListNo1=1&pageListNo2=1,2026-07-25,公的登録確認・公式サイト要確認,A,免許行政庁: 群馬県; 免許番号: 第000114号; 自動追加日: 2026-07-25,,,,,,
RE-MLIT-10-00001995,上原建設株式会社,関東,群馬県,要確認,群馬県,要確認,要確認,要確認,要確認,要確認,要確認,要確認,要確認,国土交通省の企業情報検索システムで宅地建物取引業者登録を確認,https://etsuran2.mlit.go.jp/TAKKEN/takkenKensaku.do?CMD=selectPage&caller=TK&choice=1&rdoSelect=1&rdoSelectJoken=1&rdoSelectSort=1&sortValue=1&dispCount=50&licenseNoKbn=10&pageCount=3&pageListNo1=3&pageListNo2=3,2026-08-07,公的登録確認・公式サイト要確認,A,免許行政庁: 群馬県; 免許番号: 第001995号; 自動追加日: 2026-08-07,宅地建物取引業者,,,,,
RE-MLIT-10-00001246,五料不動産,関東,群馬県,要確認,群馬県,要確認,要確認,要確認,要確認,要確認,要確認,要確認,要確認,国土交通省の企業情報検索システムで宅地建物取引業者登録を確認,https://etsuran2.mlit.go.jp/TAKKEN/takkenKensaku.do?CMD=selectPage&caller=TK&choice=1&rdoSelect=1&rdoSelectJoken=1&rdoSelectSort=1&sortValue=1&dispCount=50&licenseNoKbn=10&pageCount=2&pageListNo1=2&pageListNo2=2,2026-08-01,公的登録確認・公式サイト要確認,A,免許行政庁: 群馬県; 免許番号: 第001246号; 自動追加日: 2026-08-01,,,,,,
RE-MLIT-10-00001228,吾妻開発株式会社,関東,群馬県,要確認,群馬県,要確認,要確認,要確認,要確認,要確認,要確認,要確認,要確認,国土交通省の企業情報検索システムで宅地建物取引業者登録を確認,https://etsuran2.mlit.go.jp/TAKKEN/takkenKensaku.do?CMD=selectPage&caller=TK&choice=1&rdoSelect=1&rdoSelectJoken=1&rdoSelectSort=1&sortValue=1&dispCount=50&licenseNoKbn=10&pageCount=2&pageListNo1=2&pageListNo2=2,2026-08-01,公的登録確認・公式サイト要確認,A,免許行政庁: 群馬県; 免許番号: 第001228号; 自動追加日: 2026-08-01,,,,,,
RE-MLIT-10-00001285,大誠不動産商事有限会社,関東,群馬県,要確認,群馬県,要確認,要確認,要確認,要確認,要確認,要確認,要確認,要確認,国土交通省の企業情報検索システムで宅地建物取引業者登録を確認,https://etsuran2.mlit.go.jp/TAKKEN/takkenKensaku.do?CMD=selectPage&caller=TK&choice=1&rdoSelect=1&rdoSelectJoken=1&rdoSelectSort=1&sortValue=1&dispCount=50&licenseNoKbn=10&pageCount=2&pageListNo1=2&pageListNo2=2,2026-08-01,公的登録確認・公式サイト要確認,A,免許行政庁: 群馬県; 免許番号: 第001285号; 自動追加日: 2026-08-01,,,,,,
RE-MLIT-10-00000292,小林工業株式会社,関東,群馬県,要確認,群馬県,要確認,要確認,要確認,要確認,要確認,要確認,要確認,要確認,国土交通省の企業情報検索システムで宅地建物取引業者登録を確認,https://etsuran2.mlit.go.jp/TAKKEN/takkenKensaku.do?CMD=selectPage&caller=TK&choice=1&rdoSelect=1&rdoSelectJoken=1&rdoSelectSort=1&sortValue=1&dispCount=50&licenseNoKbn=10&pageCount=1&pageListNo1=1&pageListNo2=1,2026-07-25,公的登録確認・公式サイト要確認,A,免許行政庁: 群馬県; 免許番号: 第000292号; 自動追加日: 2026-07-25,,,,,,
RE-MLIT-10-00001354,小此木不動産建設有限会社,関東,群馬県,要確認,群馬県,要確認,要確認,要確認,要確認,要確認,要確認,要確認,要確認,国土交通省の企業情報検索システムで宅地建物取引業者登録を確認,https://etsuran2.mlit.go.jp/TAKKEN/takkenKensaku.do?CMD=selectPage&caller=TK&choice=1&rdoSelect=1&rdoSelectJoken=1&rdoSelectSort=1&sortValue=1&dispCount=50&licenseNoKbn=10&pageCount=2&pageListNo1=2&pageListNo2=2,2026-08-01,公的登録確認・公式サイト要確認,A,免許行政庁: 群馬県; 免許番号: 第001354号; 自動追加日: 2026-08-01,,,,,,
RE-MLIT-10-00001234,小野里工業株式会社,関東,群馬県,要確認,群馬県,要確認,要確認,要確認,要確認,要確認,要確認,要確認,要確認,国土交通省の企業情報検索システムで宅地建物取引業者登録を確認,https://etsuran2.mlit.go.jp/TAKKEN/takkenKensaku.do?CMD=selectPage&caller=TK&choice=1&rdoSelect=1&rdoSelectJoken=1&rdoSelectSort=1&sortValue=1&dispCount=50&licenseNoKbn=10&pageCount=2&pageListNo1=2&pageListNo2=2,2026-08-01,公的登録確認・公式サイト要確認,A,免許行政庁: 群馬県; 免許番号: 第001234号; 自動追加日: 2026-08-01,,,,,,
RE-MLIT-10-00001991,新創建設株式会社,関東,群馬県,要確認,群馬県,要確認,要確認,要確認,要確認,要確認,要確認,要確認,要確認,国土交通省の企業情報検索システムで宅地建物取引業者登録を確認,https://etsuran2.mlit.go.jp/TAKKEN/takkenKensaku.do?CMD=selectPage&caller=TK&choice=1&rdoSelect=1&rdoSelectJoken=1&rdoSelectSort=1&sortValue=1&dispCount=50&licenseNoKbn=10&pageCount=3&pageListNo1=3&pageListNo2=3,2026-08-07,公的登録確認・公式サイト要確認,A,免許行政庁: 群馬県; 免許番号: 第001991号; 自動追加日: 2026-08-07,宅地建物取引業者,,,,,
RE-MLIT-10-00002056,新和興業株式会社,関東,群馬県,要確認,群馬県,要確認,要確認,要確認,要確認,要確認,要確認,要確認,要確認,国土交通省の企業情報検索システムで宅地建物取引業者登録を確認,https://etsuran2.mlit.go.jp/TAKKEN/takkenKensaku.do?CMD=selectPage&caller=TK&choice=1&rdoSelect=1&rdoSelectJoken=1&rdoSelectSort=1&sortValue=1&dispCount=50&licenseNoKbn=10&pageCount=3&pageListNo1=3&pageListNo2=3,2026-08-07,公的登録確認・公式サイト要確認,A,免許行政庁: 群馬県; 免許番号: 第002056号; 自動追加日: 2026-08-07,宅地建物取引業者,,,,,
RE-MLIT-10-00001334,日聖産業株式会社,関東,群馬県,要確認,群馬県,要確認,要確認,要確認,要確認,要確認,要確認,要確認,要確認,国土交通省の企業情報検索システムで宅地建物取引業者登録を確認,https://etsuran2.mlit.go.jp/TAKKEN/takkenKensaku.do?CMD=selectPage&caller=TK&choice=1&rdoSelect=1&rdoSelectJoken=1&rdoSelectSort=1&sortValue=1&dispCount=50&licenseNoKbn=10&pageCount=2&pageListNo1=2&pageListNo2=2,2026-08-01,公的登録確認・公式サイト要確認,A,免許行政庁: 群馬県; 免許番号: 第001334号; 自動追加日: 2026-08-01,,,,,,
RE-MLIT-10-00000146,有限会社前橋不動産,関東,群馬県,要確認,群馬県,要確認,要確認,要確認,要確認,要確認,要確認,要確認,要確認,国土交通省の企業情報検索システムで宅地建物取引業者登録を確認,https://etsuran2.mlit.go.jp/TAKKEN/takkenKensaku.do?CMD=selectPage&caller=TK&choice=1&rdoSelect=1&rdoSelectJoken=1&rdoSelectSort=1&sortValue=1&dispCount=50&licenseNoKbn=10&pageCount=1&pageListNo1=1&pageListNo2=1,2026-07-25,公的登録確認・公式サイト要確認,A,免許行政庁: 群馬県; 免許番号: 第000146号; 自動追加日: 2026-07-25,,,,,,
RE-MLIT-10-00001358,有限会社吾妻不動産,関東,群馬県,要確認,群馬県,要確認,要確認,要確認,要確認,要確認,要確認,要確認,要確認,国土交通省の企業情報検索システムで宅地建物取引業者登録を確認,https://etsuran2.mlit.go.jp/TAKKEN/takkenKensaku.do?CMD=selectPage&caller=TK&choice=1&rdoSelect=1&rdoSelectJoken=1&rdoSelectSort=1&sortValue=1&dispCount=50&licenseNoKbn=10&pageCount=2&pageListNo1=2&pageListNo2=2,2026-08-01,公的登録確認・公式サイト要確認,A,免許行政庁: 群馬県; 免許番号: 第001358号; 自動追加日: 2026-08-01,,,,,,
RE-MLIT-10-00000098,有限会社田口不動産,関東,群馬県,要確認,群馬県,要確認,要確認,要確認,要確認,要確認,要確認,要確認,要確認,国土交通省の企業情報検索システムで宅地建物取引業者登録を確認,https://etsuran2.mlit.go.jp/TAKKEN/takkenKensaku.do?CMD=selectPage&caller=TK&choice=1&rdoSelect=1&rdoSelectJoken=1&rdoSelectSort=1&sortValue=1&dispCount=50&licenseNoKbn=10&pageCount=1&pageListNo1=1&pageListNo2=1,2026-07-25,公的登録確認・公式サイト要確認,A,免許行政庁: 群馬県; 免許番号: 第000098号; 自動追加日: 2026-07-25,,,,,,
RE-MLIT-10-00002024,朝日興業株式会社,関東,群馬県,要確認,群馬県,要確認,要確認,要確認,要確認,要確認,要確認,要確認,要確認,国土交通省の企業情報検索システムで宅地建物取引業者登録を確認,https://etsuran2.mlit.go.jp/TAKKEN/takkenKensaku.do?CMD=selectPage&caller=TK&choice=1&rdoSelect=1&rdoSelectJoken=1&rdoSelectSort=1&sortValue=1&dispCount=50&licenseNoKbn=10&pageCount=3&pageListNo1=3&pageListNo2=3,2026-08-07,公的登録確認・公式サイト要確認,A,免許行政庁: 群馬県; 免許番号: 第002024号; 自動追加日: 2026-08-07,宅地建物取引業者,,,,,
RE-MLIT-10-00000302,朝日開発興業株式会社,関東,群馬県,要確認,群馬県,要確認,要確認,要確認,要確認,要確認,要確認,要確認,要確認,国土交通省の企業情報検索システムで宅地建物取引業者登録を確認,https://etsuran2.mlit.go.jp/TAKKEN/takkenKensaku.do?CMD=selectPage&caller=TK&choice=1&rdoSelect=1&rdoSelectJoken=1&rdoSelectSort=1&sortValue=1&dispCount=50&licenseNoKbn=10&pageCount=1&pageListNo1=1&pageListNo2=1,2026-07-25,公的登録確認・公式サイト要確認,A,免許行政庁: 群馬県; 免許番号: 第000302号; 自動追加日: 2026-07-25,,,,,,
RE-MLIT-10-00000257,東神不動産株式会社,関東,群馬県,要確認,群馬県,要確認,要確認,要確認,要確認,要確認,要確認,要確認,要確認,国土交通省の企業情報検索システムで宅地建物取引業者登録を確認,https://etsuran2.mlit.go.jp/TAKKEN/takkenKensaku.do?CMD=selectPage&caller=TK&choice=1&rdoSelect=1&rdoSelectJoken=1&rdoSelectSort=1&sortValue=1&dispCount=50&licenseNoKbn=10&pageCount=1&pageListNo1=1&pageListNo2=1,2026-07-25,公的登録確認・公式サイト要確認,A,免許行政庁: 群馬県; 免許番号: 第000257号; 自動追加日: 2026-07-25,,,,,,
RE-MLIT-10-00002029,松浪建設株式会社,関東,群馬県,要確認,群馬県,要確認,要確認,要確認,要確認,要確認,要確認,要確認,要確認,国土交通省の企業情報検索システムで宅地建物取引業者登録を確認,https://etsuran2.mlit.go.jp/TAKKEN/takkenKensaku.do?CMD=selectPage&caller=TK&choice=1&rdoSelect=1&rdoSelectJoken=1&rdoSelectSort=1&sortValue=1&dispCount=50&licenseNoKbn=10&pageCount=3&pageListNo1=3&pageListNo2=3,2026-08-07,公的登録確認・公式サイト要確認,A,免許行政庁: 群馬県; 免許番号: 第002029号; 自動追加日: 2026-08-07,宅地建物取引業者,,,,,
RE-MLIT-10-00000038,株式会社ティーエムエフ,関東,群馬県,要確認,群馬県,要確認,要確認,要確認,要確認,要確認,要確認,要確認,要確認,国土交通省の企業情報検索システムで宅地建物取引業者登録を確認,https://etsuran2.mlit.go.jp/TAKKEN/takkenKensaku.do?CMD=selectPage&caller=TK&choice=1&rdoSelect=1&rdoSelectJoken=1&rdoSelectSort=1&sortValue=1&dispCount=50&licenseNoKbn=10&pageCount=1&pageListNo1=1&pageListNo2=1,2026-07-25,公的登録確認・公式サイト要確認,A,免許行政庁: 群馬県; 免許番号: 第000038号; 自動追加日: 2026-07-25,,,,,,
RE-MLIT-10-00002077,株式会社新久,関東,群馬県,要確認,群馬県,要確認,要確認,要確認,要確認,要確認,要確認,要確認,要確認,国土交通省の企業情報検索システムで宅地建物取引業者登録を確認,https://etsuran2.mlit.go.jp/TAKKEN/takkenKensaku.do?CMD=selectPage&caller=TK&choice=1&rdoSelect=1&rdoSelectJoken=1&rdoSelectSort=1&sortValue=1&dispCount=50&licenseNoKbn=10&pageCount=3&pageListNo1=3&pageListNo2=3,2026-08-07,公的登録確認・公式サイト要確認,A,免許行政庁: 群馬県; 免許番号: 第002077号; 自動追加日: 2026-08-07,宅地建物取引業者,,,,,
RE-MLIT-10-00002002,株式会社群馬住宅センター,関東,群馬県,要確認,群馬県,要確認,要確認,要確認,要確認,要確認,要確認,要確認,要確認,国土交通省の企業情報検索システムで宅地建物取引業者登録を確認,https://etsuran2.mlit.go.jp/TAKKEN/takkenKensaku.do?CMD=selectPage&caller=TK&choice=1&rdoSelect=1&rdoSelectJoken=1&rdoSelectSort=1&sortValue=1&dispCount=50&licenseNoKbn=10&pageCount=3&pageListNo1=3&pageListNo2=3,2026-08-07,公的登録確認・公式サイト要確認,A,免許行政庁: 群馬県; 免許番号: 第002002号; 自動追加日: 2026-08-07,宅地建物取引業者,,,,,
RE-MLIT-10-00001972,株式会社阿部工務店,関東,群馬県,要確認,群馬県,要確認,要確認,事業用,あり,https://www.koyou.pref.shizuoka.jp/employment/detail/9908,https://www.koyou.pref.shizuoka.jp/contact/,https://www.koyou.pref.shizuoka.jp/employment/detail/9908,0546247529,公式サイト自動確認（確信度中・80点）。問い合わせ導線あり。物上げ適性C（5点: 問い合わせ導線）,https://etsuran2.mlit.go.jp/TAKKEN/takkenKensaku.do?CMD=selectPage&caller=TK&choice=1&rdoSelect=1&rdoSelectJoken=1&rdoSelectSort=1&sortValue=1&dispCount=50&licenseNoKbn=10&pageCount=3&pageListNo1=3&pageListNo2=3 | https://www.koyou.pref.shizuoka.jp/employment/detail/9908 | https://www.koyou.pref.shizuoka.jp/contact/,2026-08-12,自動確認済み,C,免許行政庁: 群馬県; 免許番号: 第001972号; 自動追加日: 2026-08-07; 公式サイト自動確認日: 2026-08-12,宅地建物取引業者,要確認,中,80,5,問い合わせ導線
RE-MLIT-10-00001331,株式会社黒沢商事,関東,群馬県,要確認,群馬県,要確認,要確認,要確認,要確認,要確認,要確認,要確認,要確認,国土交通省の企業情報検索システムで宅地建物取引業者登録を確認,https://etsuran2.mlit.go.jp/TAKKEN/takkenKensaku.do?CMD=selectPage&caller=TK&choice=1&rdoSelect=1&rdoSelectJoken=1&rdoSelectSort=1&sortValue=1&dispCount=50&licenseNoKbn=10&pageCount=2&pageListNo1=2&pageListNo2=2,2026-08-01,公的登録確認・公式サイト要確認,A,免許行政庁: 群馬県; 免許番号: 第001331号; 自動追加日: 2026-08-01,,,,,,
RE-MLIT-10-00001355,橋本商事株式会社,関東,群馬県,要確認,群馬県,要確認,要確認,要確認,要確認,要確認,要確認,要確認,要確認,国土交通省の企業情報検索システムで宅地建物取引業者登録を確認,https://etsuran2.mlit.go.jp/TAKKEN/takkenKensaku.do?CMD=selectPage&caller=TK&choice=1&rdoSelect=1&rdoSelectJoken=1&rdoSelectSort=1&sortValue=1&dispCount=50&licenseNoKbn=10&pageCount=2&pageListNo1=2&pageListNo2=2,2026-08-01,公的登録確認・公式サイト要確認,A,免許行政庁: 群馬県; 免許番号: 第001355号; 自動追加日: 2026-08-01,,,,,,
RE-MLIT-10-00001977,浅間観光開発株式会社,関東,群馬県,要確認,群馬県,要確認,要確認,土地,要確認,https://kaisharesearch.com/company/detail/9070001023646/,要確認,https://kaisharesearch.com/company/detail/9070001023646/,要確認,公式サイト自動確認（確信度中・75点）,https://etsuran2.mlit.go.jp/TAKKEN/takkenKensaku.do?CMD=selectPage&caller=TK&choice=1&rdoSelect=1&rdoSelectJoken=1&rdoSelectSort=1&sortValue=1&dispCount=50&licenseNoKbn=10&pageCount=3&pageListNo1=3&pageListNo2=3 | https://kaisharesearch.com/company/detail/9070001023646/,2026-08-12,一部自動確認,C,免許行政庁: 群馬県; 免許番号: 第001977号; 自動追加日: 2026-08-07; 公式サイト自動確認日: 2026-08-12,宅地建物取引業者,要確認,中,75,0,
RE-MLIT-10-00000230,石橋建設工業株式会社 ※,関東,群馬県,要確認,群馬県,要確認,要確認,要確認,要確認,要確認,要確認,要確認,要確認,国土交通省の企業情報検索システムで宅地建物取引業者登録を確認,https://etsuran2.mlit.go.jp/TAKKEN/takkenKensaku.do?CMD=selectPage&caller=TK&choice=1&rdoSelect=1&rdoSelectJoken=1&rdoSelectSort=1&sortValue=1&dispCount=50&licenseNoKbn=10&pageCount=1&pageListNo1=1&pageListNo2=1,2026-07-25,公的登録確認・公式サイト要確認,A,免許行政庁: 群馬県; 免許番号: 第000230号; 自動追加日: 2026-07-25,,,,,,
RE-MLIT-10-00002100,秋山土地開発株式会社,関東,群馬県,要確認,群馬県,要確認,要確認,要確認,要確認,要確認,要確認,要確認,要確認,国土交通省の企業情報検索システムで宅地建物取引業者登録を確認,https://etsuran2.mlit.go.jp/TAKKEN/takkenKensaku.do?CMD=selectPage&caller=TK&choice=1&rdoSelect=1&rdoSelectJoken=1&rdoSelectSort=1&sortValue=1&dispCount=50&licenseNoKbn=10&pageCount=3&pageListNo1=3&pageListNo2=3,2026-08-07,公的登録確認・公式サイト要確認,A,免許行政庁: 群馬県; 免許番号: 第002100号; 自動追加日: 2026-08-07,宅地建物取引業者,,,,,
RE-MLIT-10-00000227,群馬不動産株式会社 ※,関東,群馬県,要確認,群馬県,要確認,要確認,要確認,要確認,要確認,要確認,要確認,要確認,国土交通省の企業情報検索システムで宅地建物取引業者登録を確認,https://etsuran2.mlit.go.jp/TAKKEN/takkenKensaku.do?CMD=selectPage&caller=TK&choice=1&rdoSelect=1&rdoSelectJoken=1&rdoSelectSort=1&sortValue=1&dispCount=50&licenseNoKbn=10&pageCount=1&pageListNo1=1&pageListNo2=1,2026-07-25,公的登録確認・公式サイト要確認,A,免許行政庁: 群馬県; 免許番号: 第000227号; 自動追加日: 2026-07-25,,,,,,
RE-MLIT-10-00001324,高前産業株式会社,関東,群馬県,要確認,群馬県,要確認,要確認,要確認,要確認,要確認,要確認,要確認,要確認,国土交通省の企業情報検索システムで宅地建物取引業者登録を確認,https://etsuran2.mlit.go.jp/TAKKEN/takkenKensaku.do?CMD=selectPage&caller=TK&choice=1&rdoSelect=1&rdoSelectJoken=1&rdoSelectSort=1&sortValue=1&dispCount=50&licenseNoKbn=10&pageCount=2&pageListNo1=2&pageListNo2=2,2026-08-01,公的登録確認・公式サイト要確認,A,免許行政庁: 群馬県; 免許番号: 第001324号; 自動追加日: 2026-08-01,,,,,,
RE-MLIT-10-00000075,鵜川興業株式会社,関東,群馬県,要確認,群馬県,要確認,要確認,要確認,要確認,要確認,要確認,要確認,要確認,国土交通省の企業情報検索システムで宅地建物取引業者登録を確認,https://etsuran2.mlit.go.jp/TAKKEN/takkenKensaku.do?CMD=selectPage&caller=TK&choice=1&rdoSelect=1&rdoSelectJoken=1&rdoSelectSort=1&sortValue=1&dispCount=50&licenseNoKbn=10&pageCount=1&pageListNo1=1&pageListNo2=1,2026-07-25,公的登録確認・公式サイト要確認,A,免許行政庁: 群馬県; 免許番号: 第000075号; 自動追加日: 2026-07-25,,,,,,
RE-MLIT-08-00001443,マルカン商事有限会社,関東,茨城県,要確認,茨城県,要確認,要確認,要確認,要確認,要確認,要確認,要確認,要確認,国土交通省の企業情報検索システムで宅地建物取引業者登録を確認,https://etsuran2.mlit.go.jp/TAKKEN/takkenKensaku.do?CMD=selectPage&caller=TK&choice=1&rdoSelect=1&rdoSelectJoken=1&rdoSelectSort=1&sortValue=1&dispCount=50&licenseNoKbn=08&pageCount=2&pageListNo1=2&pageListNo2=2,2026-07-30,公的登録確認・公式サイト要確認,A,免許行政庁: 茨城県; 免許番号: 第001443号; 自動追加日: 2026-07-30,,,,,,
RE-MLIT-08-00000204,一般財団法人笠間市開発公社,関東,茨城県,要確認,茨城県,要確認,要確認,要確認,要確認,要確認,要確認,要確認,要確認,国土交通省の企業情報検索システムで宅地建物取引業者登録を確認,https://etsuran2.mlit.go.jp/TAKKEN/takkenKensaku.do?CMD=selectPage&caller=TK&choice=1&rdoSelect=1&rdoSelectJoken=1&rdoSelectSort=1&sortValue=1&dispCount=50&licenseNoKbn=08&pageCount=1&pageListNo1=1&pageListNo2=1,2026-07-23,公的登録確認・公式サイト要確認,A,免許行政庁: 茨城県; 免許番号: 第000204号; 自動追加日: 2026-07-23,,,,,,
RE-MLIT-08-00002444,上野不動産,関東,茨城県,要確認,茨城県,要確認,要確認,要確認,要確認,要確認,要確認,要確認,要確認,国土交通省の企業情報検索システムで宅地建物取引業者登録を確認,https://etsuran2.mlit.go.jp/TAKKEN/takkenKensaku.do?CMD=selectPage&caller=TK&choice=1&rdoSelect=1&rdoSelectJoken=1&rdoSelectSort=1&sortValue=1&dispCount=50&licenseNoKbn=08&pageCount=3&pageListNo1=3&pageListNo2=3,2026-08-06,公的登録確認・公式サイト要確認,A,免許行政庁: 茨城県; 免許番号: 第002444号; 自動追加日: 2026-08-06,,,,,,
RE-MLIT-08-00000014,下館土地株式会社,関東,茨城県,要確認,茨城県,要確認,要確認,要確認,要確認,要確認,要確認,要確認,要確認,国土交通省の企業情報検索システムで宅地建物取引業者登録を確認,https://etsuran2.mlit.go.jp/TAKKEN/takkenKensaku.do?CMD=selectPage&caller=TK&choice=1&rdoSelect=1&rdoSelectJoken=1&rdoSelectSort=1&sortValue=1&dispCount=50&licenseNoKbn=08&pageCount=1&pageListNo1=1&pageListNo2=1,2026-07-23,公的登録確認・公式サイト要確認,A,免許行政庁: 茨城県; 免許番号: 第000014号; 自動追加日: 2026-07-23,,,,,,
RE-MLIT-08-00000167,公益財団法人茨城県開発公社,関東,茨城県,要確認,茨城県,要確認,要確認,要確認,要確認,要確認,要確認,要確認,要確認,国土交通省の企業情報検索システムで宅地建物取引業者登録を確認,https://etsuran2.mlit.go.jp/TAKKEN/takkenKensaku.do?CMD=selectPage&caller=TK&choice=1&rdoSelect=1&rdoSelectJoken=1&rdoSelectSort=1&sortValue=1&dispCount=50&licenseNoKbn=08&pageCount=1&pageListNo1=1&pageListNo2=1,2026-07-23,公的登録確認・公式サイト要確認,A,免許行政庁: 茨城県; 免許番号: 第000167号; 自動追加日: 2026-07-23,,,,,,
RE-MLIT-08-00002350,共立開発,関東,茨城県,要確認,茨城県,要確認,要確認,要確認,要確認,要確認,要確認,要確認,要確認,国土交通省の企業情報検索システムで宅地建物取引業者登録を確認,https://etsuran2.mlit.go.jp/TAKKEN/takkenKensaku.do?CMD=selectPage&caller=TK&choice=1&rdoSelect=1&rdoSelectJoken=1&rdoSelectSort=1&sortValue=1&dispCount=50&licenseNoKbn=08&pageCount=3&pageListNo1=3&pageListNo2=3,2026-08-06,公的登録確認・公式サイト要確認,A,免許行政庁: 茨城県; 免許番号: 第002350号; 自動追加日: 2026-08-06,,,,,,
RE-MLIT-08-00002407,冨岡ハウス有限会社,関東,茨城県,要確認,茨城県,要確認,要確認,要確認,あり,https://data-link-plus.com/jp/corporation/5050002042304,https://data-link-plus.com/jp/inquiry-form,https://data-link-plus.com/jp/corporation/5050002042304,0296-24-6897,公式サイト自動確認（確信度高・95点）。問い合わせ導線あり。物上げ適性C（5点: 問い合わせ導線）,https://etsuran2.mlit.go.jp/TAKKEN/takkenKensaku.do?CMD=selectPage&caller=TK&choice=1&rdoSelect=1&rdoSelectJoken=1&rdoSelectSort=1&sortValue=1&dispCount=50&licenseNoKbn=08&pageCount=3&pageListNo1=3&pageListNo2=3 | https://data-link-plus.com/jp/corporation/5050002042304 | https://data-link-plus.com/jp/inquiry-form,2026-08-10,自動確認済み,C,免許行政庁: 茨城県; 免許番号: 第002407号; 自動追加日: 2026-08-06; 公式サイト自動確認日: 2026-08-10,,要確認,高,95,5,問い合わせ導線
RE-MLIT-08-00002400,和宏株式会社,関東,茨城県,要確認,茨城県,要確認,要確認,要確認,要確認,要確認,要確認,要確認,要確認,国土交通省の企業情報検索システムで宅地建物取引業者登録を確認,https://etsuran2.mlit.go.jp/TAKKEN/takkenKensaku.do?CMD=selectPage&caller=TK&choice=1&rdoSelect=1&rdoSelectJoken=1&rdoSelectSort=1&sortValue=1&dispCount=50&licenseNoKbn=08&pageCount=3&pageListNo1=3&pageListNo2=3,2026-08-06,公的登録確認・公式サイト要確認,A,免許行政庁: 茨城県; 免許番号: 第002400号; 自動追加日: 2026-08-06,,,,,,
RE-MLIT-08-00001278,大みか不動産株式会社,関東,茨城県,要確認,茨城県,要確認,要確認,マンション・土地・賃貸管理,あり,https://omika.jp/company/,https://ouchi-hitachi.com/,https://omika.jp/company/,0294-53-5878,公式サイトを自動確認。問い合わせ導線あり,https://etsuran2.mlit.go.jp/TAKKEN/takkenKensaku.do?CMD=selectPage&caller=TK&choice=1&rdoSelect=1&rdoSelectJoken=1&rdoSelectSort=1&sortValue=1&dispCount=50&licenseNoKbn=08&pageCount=2&pageListNo1=2&pageListNo2=2 | https://omika.jp/company/ | https://ouchi-hitachi.com/,2026-08-02,自動確認済み,A,免許行政庁: 茨城県; 免許番号: 第001278号; 自動追加日: 2026-07-30; 公式サイト自動確認日: 2026-08-02,,,,,,
RE-MLIT-08-00000036,平和不動産株式会社,関東,茨城県,要確認,茨城県,要確認,要確認,要確認,要確認,要確認,要確認,要確認,要確認,国土交通省の企業情報検索システムで宅地建物取引業者登録を確認,https://etsuran2.mlit.go.jp/TAKKEN/takkenKensaku.do?CMD=selectPage&caller=TK&choice=1&rdoSelect=1&rdoSelectJoken=1&rdoSelectSort=1&sortValue=1&dispCount=50&licenseNoKbn=08&pageCount=1&pageListNo1=1&pageListNo2=1,2026-07-23,公的登録確認・公式サイト要確認,A,免許行政庁: 茨城県; 免許番号: 第000036号; 自動追加日: 2026-07-23,,,,,,
RE-MLIT-08-00001437,斉丸土地,関東,茨城県,要確認,茨城県,要確認,要確認,要確認,要確認,要確認,要確認,要確認,要確認,国土交通省の企業情報検索システムで宅地建物取引業者登録を確認,https://etsuran2.mlit.go.jp/TAKKEN/takkenKensaku.do?CMD=selectPage&caller=TK&choice=1&rdoSelect=1&rdoSelectJoken=1&rdoSelectSort=1&sortValue=1&dispCount=50&licenseNoKbn=08&pageCount=2&pageListNo1=2&pageListNo2=2,2026-07-30,公的登録確認・公式サイト要確認,A,免許行政庁: 茨城県; 免許番号: 第001437号; 自動追加日: 2026-07-30,,,,,,
RE-MLIT-08-00002441,有限会社丸栄ホーム,関東,茨城県,要確認,茨城県,要確認,要確認,要確認,要確認,https://estate.sesh.jp/corp/detail/120292,要確認,https://estate.sesh.jp/corp/detail/120292,要確認,公式サイト自動確認（確信度中・75点）,https://etsuran2.mlit.go.jp/TAKKEN/takkenKensaku.do?CMD=selectPage&caller=TK&choice=1&rdoSelect=1&rdoSelectJoken=1&rdoSelectSort=1&sortValue=1&dispCount=50&licenseNoKbn=08&pageCount=3&pageListNo1=3&pageListNo2=3 | https://estate.sesh.jp/corp/detail/120292,2026-08-10,一部自動確認,C,免許行政庁: 茨城県; 免許番号: 第002441号; 自動追加日: 2026-08-06; 公式サイト自動確認日: 2026-08-10,,要確認,中,75,0,
RE-MLIT-08-00000106,有限会社岩田不動産,関東,茨城県,要確認,茨城県,要確認,要確認,要確認,要確認,要確認,要確認,要確認,要確認,国土交通省の企業情報検索システムで宅地建物取引業者登録を確認,https://etsuran2.mlit.go.jp/TAKKEN/takkenKensaku.do?CMD=selectPage&caller=TK&choice=1&rdoSelect=1&rdoSelectJoken=1&rdoSelectSort=1&sortValue=1&dispCount=50&licenseNoKbn=08&pageCount=1&pageListNo1=1&pageListNo2=1,2026-07-23,公的登録確認・公式サイト要確認,A,免許行政庁: 茨城県; 免許番号: 第000106号; 自動追加日: 2026-07-23,,,,,,
RE-MLIT-08-00002415,有限会社日商,関東,茨城県,要確認,茨城県,要確認,要確認,要確認,あり,https://nissyou-hoken.co.jp/,https://nissyou-hoken.co.jp/contact/,https://nissyou-hoken.co.jp/,0225-93-4293,公式サイト自動確認（確信度高・95点）。問い合わせ導線あり。物上げ適性C（5点: 問い合わせ導線）,https://etsuran2.mlit.go.jp/TAKKEN/takkenKensaku.do?CMD=selectPage&caller=TK&choice=1&rdoSelect=1&rdoSelectJoken=1&rdoSelectSort=1&sortValue=1&dispCount=50&licenseNoKbn=08&pageCount=3&pageListNo1=3&pageListNo2=3 | https://nissyou-hoken.co.jp/ | https://nissyou-hoken.co.jp/contact/,2026-08-10,自動確認済み,C,免許行政庁: 茨城県; 免許番号: 第002415号; 自動追加日: 2026-08-06; 公式サイト自動確認日: 2026-08-10,,要確認,高,95,5,問い合わせ導線
RE-MLIT-08-00001391,有限会社東栄,関東,茨城県,要確認,茨城県,要確認,要確認,要確認,要確認,要確認,要確認,要確認,要確認,国土交通省の企業情報検索システムで宅地建物取引業者登録を確認,https://etsuran2.mlit.go.jp/TAKKEN/takkenKensaku.do?CMD=selectPage&caller=TK&choice=1&rdoSelect=1&rdoSelectJoken=1&rdoSelectSort=1&sortValue=1&dispCount=50&licenseNoKbn=08&pageCount=2&pageListNo1=2&pageListNo2=2,2026-07-30,公的登録確認・公式サイト要確認,A,免許行政庁: 茨城県; 免許番号: 第001391号; 自動追加日: 2026-07-30,,,,,,
RE-MLIT-08-00000058,有限会社栄進,関東,茨城県,要確認,茨城県,要確認,要確認,要確認,要確認,要確認,要確認,要確認,要確認,国土交通省の企業情報検索システムで宅地建物取引業者登録を確認,https://etsuran2.mlit.go.jp/TAKKEN/takkenKensaku.do?CMD=selectPage&caller=TK&choice=1&rdoSelect=1&rdoSelectJoken=1&rdoSelectSort=1&sortValue=1&dispCount=50&licenseNoKbn=08&pageCount=1&pageListNo1=1&pageListNo2=1,2026-07-23,公的登録確認・公式サイト要確認,A,免許行政庁: 茨城県; 免許番号: 第000058号; 自動追加日: 2026-07-23,,,,,,
RE-MLIT-08-00002423,有限会社秀栄産業,関東,茨城県,要確認,茨城県,要確認,要確認,要確認,要確認,要確認,要確認,要確認,要確認,国土交通省の企業情報検索システムで宅地建物取引業者登録を確認,https://etsuran2.mlit.go.jp/TAKKEN/takkenKensaku.do?CMD=selectPage&caller=TK&choice=1&rdoSelect=1&rdoSelectJoken=1&rdoSelectSort=1&sortValue=1&dispCount=50&licenseNoKbn=08&pageCount=3&pageListNo1=3&pageListNo2=3,2026-08-06,公的登録確認・公式サイト要確認,A,免許行政庁: 茨城県; 免許番号: 第002423号; 自動追加日: 2026-08-06,,,,,,
RE-MLIT-08-00000021,有限会社高橋商事,関東,茨城県,要確認,茨城県,要確認,要確認,要確認,要確認,要確認,要確認,要確認,要確認,国土交通省の企業情報検索システムで宅地建物取引業者登録を確認,https://etsuran2.mlit.go.jp/TAKKEN/takkenKensaku.do?CMD=selectPage&caller=TK&choice=1&rdoSelect=1&rdoSelectJoken=1&rdoSelectSort=1&sortValue=1&dispCount=50&licenseNoKbn=08&pageCount=1&pageListNo1=1&pageListNo2=1,2026-07-23,公的登録確認・公式サイト要確認,A,免許行政庁: 茨城県; 免許番号: 第000021号; 自動追加日: 2026-07-23,,,,,,
RE-MLIT-08-00002375,株式会社マイホーム,関東,茨城県,要確認,茨城県,要確認,要確認,要確認,要確認,要確認,要確認,要確認,要確認,国土交通省の企業情報検索システムで宅地建物取引業者登録を確認,https://etsuran2.mlit.go.jp/TAKKEN/takkenKensaku.do?CMD=selectPage&caller=TK&choice=1&rdoSelect=1&rdoSelectJoken=1&rdoSelectSort=1&sortValue=1&dispCount=50&licenseNoKbn=08&pageCount=3&pageListNo1=3&pageListNo2=3,2026-08-06,公的登録確認・公式サイト要確認,A,免許行政庁: 茨城県; 免許番号: 第002375号; 自動追加日: 2026-08-06,,,,,,
RE-MLIT-08-00001345,株式会社中野商事,関東,茨城県,要確認,茨城県,要確認,要確認,要確認,要確認,要確認,要確認,要確認,要確認,国土交通省の企業情報検索システムで宅地建物取引業者登録を確認,https://etsuran2.mlit.go.jp/TAKKEN/takkenKensaku.do?CMD=selectPage&caller=TK&choice=1&rdoSelect=1&rdoSelectJoken=1&rdoSelectSort=1&sortValue=1&dispCount=50&licenseNoKbn=08&pageCount=2&pageListNo1=2&pageListNo2=2,2026-07-30,公的登録確認・公式サイト要確認,A,免許行政庁: 茨城県; 免許番号: 第001345号; 自動追加日: 2026-07-30,,,,,,
RE-MLIT-08-00001306,株式会社新栄土地,関東,茨城県,要確認,茨城県,要確認,要確認,要確認,要確認,要確認,要確認,要確認,要確認,国土交通省の企業情報検索システムで宅地建物取引業者登録を確認,https://etsuran2.mlit.go.jp/TAKKEN/takkenKensaku.do?CMD=selectPage&caller=TK&choice=1&rdoSelect=1&rdoSelectJoken=1&rdoSelectSort=1&sortValue=1&dispCount=50&licenseNoKbn=08&pageCount=2&pageListNo1=2&pageListNo2=2,2026-07-30,公的登録確認・公式サイト要確認,A,免許行政庁: 茨城県; 免許番号: 第001306号; 自動追加日: 2026-07-30,,,,,,
RE-MLIT-08-00001321,株式会社水戸地産,関東,茨城県,要確認,茨城県,要確認,要確認,要確認,要確認,要確認,要確認,要確認,要確認,国土交通省の企業情報検索システムで宅地建物取引業者登録を確認,https://etsuran2.mlit.go.jp/TAKKEN/takkenKensaku.do?CMD=selectPage&caller=TK&choice=1&rdoSelect=1&rdoSelectJoken=1&rdoSelectSort=1&sortValue=1&dispCount=50&licenseNoKbn=08&pageCount=2&pageListNo1=2&pageListNo2=2,2026-07-30,公的登録確認・公式サイト要確認,A,免許行政庁: 茨城県; 免許番号: 第001321号; 自動追加日: 2026-07-30,,,,,,
RE-MLIT-08-00002403,株式会社茨城サービスエンジニアリング,関東,茨城県,要確認,茨城県,要確認,要確認,要確認,あり,https://www.ibaraki-service.jp/company/,https://www.ibaraki-service.jp/contact_jobseeker/,https://www.ibaraki-service.jp/company/,0294-53-3864,公式サイト自動確認（確信度中・75点）。問い合わせ導線あり。物上げ適性C（5点: 問い合わせ導線）,https://etsuran2.mlit.go.jp/TAKKEN/takkenKensaku.do?CMD=selectPage&caller=TK&choice=1&rdoSelect=1&rdoSelectJoken=1&rdoSelectSort=1&sortValue=1&dispCount=50&licenseNoKbn=08&pageCount=3&pageListNo1=3&pageListNo2=3 | https://www.ibaraki-service.jp/company/ | https://www.ibaraki-service.jp/contact_jobseeker/,2026-08-10,自動確認済み,C,免許行政庁: 茨城県; 免許番号: 第002403号; 自動追加日: 2026-08-06; 公式サイト自動確認日: 2026-08-10,,要確認,中,75,5,問い合わせ導線
RE-MLIT-08-00001262,株式会社赤尾杉,関東,茨城県,要確認,茨城県,要確認,要確認,要確認,要確認,要確認,要確認,要確認,要確認,国土交通省の企業情報検索システムで宅地建物取引業者登録を確認,https://etsuran2.mlit.go.jp/TAKKEN/takkenKensaku.do?CMD=selectPage&caller=TK&choice=1&rdoSelect=1&rdoSelectJoken=1&rdoSelectSort=1&sortValue=1&dispCount=50&licenseNoKbn=08&pageCount=2&pageListNo1=2&pageListNo2=2,2026-07-30,公的登録確認・公式サイト要確認,A,免許行政庁: 茨城県; 免許番号: 第001262号; 自動追加日: 2026-07-30,,,,,,
RE-MLIT-08-00002396,株式会社那珂ハウジング,関東,茨城県,要確認,茨城県,要確認,要確認,要確認,要確認,要確認,要確認,要確認,要確認,国土交通省の企業情報検索システムで宅地建物取引業者登録を確認,https://etsuran2.mlit.go.jp/TAKKEN/takkenKensaku.do?CMD=selectPage&caller=TK&choice=1&rdoSelect=1&rdoSelectJoken=1&rdoSelectSort=1&sortValue=1&dispCount=50&licenseNoKbn=08&pageCount=3&pageListNo1=3&pageListNo2=3,2026-08-06,公的登録確認・公式サイト要確認,A,免許行政庁: 茨城県; 免許番号: 第002396号; 自動追加日: 2026-08-06,,,,,,
RE-MLIT-08-00000110,株式会社野口物産,関東,茨城県,要確認,茨城県,要確認,要確認,要確認,要確認,要確認,要確認,要確認,要確認,国土交通省の企業情報検索システムで宅地建物取引業者登録を確認,https://etsuran2.mlit.go.jp/TAKKEN/takkenKensaku.do?CMD=selectPage&caller=TK&choice=1&rdoSelect=1&rdoSelectJoken=1&rdoSelectSort=1&sortValue=1&dispCount=50&licenseNoKbn=08&pageCount=1&pageListNo1=1&pageListNo2=1,2026-07-23,公的登録確認・公式サイト要確認,A,免許行政庁: 茨城県; 免許番号: 第000110号; 自動追加日: 2026-07-23,,,,,,
RE-MLIT-08-00001434,池田林業株式会社,関東,茨城県,要確認,茨城県,要確認,要確認,要確認,要確認,要確認,要確認,要確認,要確認,国土交通省の企業情報検索システムで宅地建物取引業者登録を確認,https://etsuran2.mlit.go.jp/TAKKEN/takkenKensaku.do?CMD=selectPage&caller=TK&choice=1&rdoSelect=1&rdoSelectJoken=1&rdoSelectSort=1&sortValue=1&dispCount=50&licenseNoKbn=08&pageCount=2&pageListNo1=2&pageListNo2=2,2026-07-30,公的登録確認・公式サイト要確認,A,免許行政庁: 茨城県; 免許番号: 第001434号; 自動追加日: 2026-07-30,,,,,,
RE-MLIT-08-00001302,荒沢不動産,関東,茨城県,要確認,茨城県,要確認,要確認,要確認,要確認,要確認,要確認,要確認,要確認,国土交通省の企業情報検索システムで宅地建物取引業者登録を確認,https://etsuran2.mlit.go.jp/TAKKEN/takkenKensaku.do?CMD=selectPage&caller=TK&choice=1&rdoSelect=1&rdoSelectJoken=1&rdoSelectSort=1&sortValue=1&dispCount=50&licenseNoKbn=08&pageCount=2&pageListNo1=2&pageListNo2=2,2026-07-30,公的登録確認・公式サイト要確認,A,免許行政庁: 茨城県; 免許番号: 第001302号; 自動追加日: 2026-07-30,,,,,,
RE-MLIT-08-00000109,関友商事株式会社,関東,茨城県,要確認,茨城県,要確認,要確認,要確認,要確認,要確認,要確認,要確認,要確認,国土交通省の企業情報検索システムで宅地建物取引業者登録を確認,https://etsuran2.mlit.go.jp/TAKKEN/takkenKensaku.do?CMD=selectPage&caller=TK&choice=1&rdoSelect=1&rdoSelectJoken=1&rdoSelectSort=1&sortValue=1&dispCount=50&licenseNoKbn=08&pageCount=1&pageListNo1=1&pageListNo2=1,2026-07-23,公的登録確認・公式サイト要確認,A,免許行政庁: 茨城県; 免許番号: 第000109号; 自動追加日: 2026-07-23,,,,,,
RE-MLIT-08-00000203,関東鉄道株式会社,関東,茨城県,要確認,茨城県,要確認,要確認,土地・事業用,あり,https://www.kantetsu.co.jp/realestate/,https://www.kantetsu.co.jp/contact,https://www.kantetsu.co.jp/realestate/,要確認,公式サイトを自動確認。問い合わせ導線あり,https://etsuran2.mlit.go.jp/TAKKEN/takkenKensaku.do?CMD=selectPage&caller=TK&choice=1&rdoSelect=1&rdoSelectJoken=1&rdoSelectSort=1&sortValue=1&dispCount=50&licenseNoKbn=08&pageCount=1&pageListNo1=1&pageListNo2=1 | https://www.kantetsu.co.jp/realestate/ | https://www.kantetsu.co.jp/contact,2026-07-25,自動確認済み,A,免許行政庁: 茨城県; 免許番号: 第000203号; 自動追加日: 2026-07-23; 公式サイト自動確認日: 2026-07-25,,,,,,
