候補ID,免許行政庁,免許番号,会社名,都道府県,発見日,発見元URL,状態,試行回数,最終試行日,公式URL候補,メモ
MLIT-14-00001872,神奈川県,001872,株式会社 大和商事,神奈川県,2026-07-27,https://etsuran2.mlit.go.jp/TAKKEN/takkenKensaku.do?CMD=selectPage&caller=TK&choice=1&rdoSelect=1&rdoSelectJoken=1&rdoSelectSort=1&sortValue=1&dispCount=50&licenseNoKbn=14&pageCount=2&pageListNo1=2&pageListNo2=2,マスター未登録,1,2026-07-30,,国土交通省公開検索から自動発見
MLIT-13-00000001,東京都,000001,株式会社 三富不動産,東京都,2026-07-16,https://etsuran2.mlit.go.jp/TAKKEN/takkenKensaku.do?CMD=selectPage&caller=TK&choice=1&rdoSelect=1&rdoSelectJoken=1&rdoSelectSort=1&sortValue=1&dispCount=50&licenseNoKbn=13&pageCount=1&pageListNo1=1&pageListNo2=1,公式サイト未特定・再試行,1,2026-07-16,,国土交通省公開検索から自動発見
MLIT-13-00000044,東京都,000044,栗城建設興業 株式会社,東京都,2026-07-16,https://etsuran2.mlit.go.jp/TAKKEN/takkenKensaku.do?CMD=selectPage&caller=TK&choice=1&rdoSelect=1&rdoSelectJoken=1&rdoSelectSort=1&sortValue=1&dispCount=50&licenseNoKbn=13&pageCount=1&pageListNo1=1&pageListNo2=1,公式サイト未特定・再試行,1,2026-07-16,,国土交通省公開検索から自動発見
MLIT-13-00000060,東京都,000060,株式会社 長岡建設,東京都,2026-07-16,https://etsuran2.mlit.go.jp/TAKKEN/takkenKensaku.do?CMD=selectPage&caller=TK&choice=1&rdoSelect=1&rdoSelectJoken=1&rdoSelectSort=1&sortValue=1&dispCount=50&licenseNoKbn=13&pageCount=1&pageListNo1=1&pageListNo2=1,公式サイト未特定・再試行,1,2026-07-16,,国土交通省公開検索から自動発見
MLIT-13-00000093,東京都,000093,株式会社 伊藤商会,東京都,2026-07-16,https://etsuran2.mlit.go.jp/TAKKEN/takkenKensaku.do?CMD=selectPage&caller=TK&choice=1&rdoSelect=1&rdoSelectJoken=1&rdoSelectSort=1&sortValue=1&dispCount=50&licenseNoKbn=13&pageCount=1&pageListNo1=1&pageListNo2=1,公式サイト未特定・再試行,1,2026-07-16,,国土交通省公開検索から自動発見
MLIT-13-00000098,東京都,000098,株式会社 三和不動産鑑定事務所,東京都,2026-07-16,https://etsuran2.mlit.go.jp/TAKKEN/takkenKensaku.do?CMD=selectPage&caller=TK&choice=1&rdoSelect=1&rdoSelectJoken=1&rdoSelectSort=1&sortValue=1&dispCount=50&licenseNoKbn=13&pageCount=1&pageListNo1=1&pageListNo2=1,公式サイト未特定・再試行,1,2026-07-16,,国土交通省公開検索から自動発見
MLIT-13-00000114,東京都,000114,レイモンド不動産 株式会社,東京都,2026-07-16,https://etsuran2.mlit.go.jp/TAKKEN/takkenKensaku.do?CMD=selectPage&caller=TK&choice=1&rdoSelect=1&rdoSelectJoken=1&rdoSelectSort=1&sortValue=1&dispCount=50&licenseNoKbn=13&pageCount=1&pageListNo1=1&pageListNo2=1,公式サイト未特定・再試行,1,2026-07-16,,国土交通省公開検索から自動発見
MLIT-13-00000164,東京都,000164,株式会社 なかやま不動産,東京都,2026-07-16,https://etsuran2.mlit.go.jp/TAKKEN/takkenKensaku.do?CMD=selectPage&caller=TK&choice=1&rdoSelect=1&rdoSelectJoken=1&rdoSelectSort=1&sortValue=1&dispCount=50&licenseNoKbn=13&pageCount=1&pageListNo1=1&pageListNo2=1,公式サイト未特定・再試行,1,2026-07-16,,国土交通省公開検索から自動発見
MLIT-13-00000170,東京都,000170,有限会社 マルミ商事,東京都,2026-07-16,https://etsuran2.mlit.go.jp/TAKKEN/takkenKensaku.do?CMD=selectPage&caller=TK&choice=1&rdoSelect=1&rdoSelectJoken=1&rdoSelectSort=1&sortValue=1&dispCount=50&licenseNoKbn=13&pageCount=1&pageListNo1=1&pageListNo2=1,公式サイト未特定・再試行,1,2026-07-16,,国土交通省公開検索から自動発見
MLIT-13-00000212,東京都,000212,日本不動産 株式会社,東京都,2026-07-16,https://etsuran2.mlit.go.jp/TAKKEN/takkenKensaku.do?CMD=selectPage&caller=TK&choice=1&rdoSelect=1&rdoSelectJoken=1&rdoSelectSort=1&sortValue=1&dispCount=50&licenseNoKbn=13&pageCount=1&pageListNo1=1&pageListNo2=1,公式サイト未特定・再試行,1,2026-07-21,,国土交通省公開検索から自動発見
MLIT-13-00000218,東京都,000218,西武建設 株式会社,東京都,2026-07-16,https://etsuran2.mlit.go.jp/TAKKEN/takkenKensaku.do?CMD=selectPage&caller=TK&choice=1&rdoSelect=1&rdoSelectJoken=1&rdoSelectSort=1&sortValue=1&dispCount=50&licenseNoKbn=13&pageCount=1&pageListNo1=1&pageListNo2=1,公式サイト未特定・再試行,1,2026-07-21,,国土交通省公開検索から自動発見
MLIT-11-00000001,埼玉県,000001,武藏野土地株式会社,埼玉県,2026-07-21,https://etsuran2.mlit.go.jp/TAKKEN/takkenKensaku.do?CMD=selectPage&caller=TK&choice=1&rdoSelect=1&rdoSelectJoken=1&rdoSelectSort=1&sortValue=1&dispCount=50&licenseNoKbn=11&pageCount=1&pageListNo1=1&pageListNo2=1,公式サイト未特定・再試行,1,2026-07-21,,国土交通省公開検索から自動発見
MLIT-11-00000003,埼玉県,000003,福岡土地有限会社,埼玉県,2026-07-21,https://etsuran2.mlit.go.jp/TAKKEN/takkenKensaku.do?CMD=selectPage&caller=TK&choice=1&rdoSelect=1&rdoSelectJoken=1&rdoSelectSort=1&sortValue=1&dispCount=50&licenseNoKbn=11&pageCount=1&pageListNo1=1&pageListNo2=1,公式サイト未特定・再試行,1,2026-07-21,,国土交通省公開検索から自動発見
MLIT-11-00000030,埼玉県,000030,近藤不動産株式会社,埼玉県,2026-07-21,https://etsuran2.mlit.go.jp/TAKKEN/takkenKensaku.do?CMD=selectPage&caller=TK&choice=1&rdoSelect=1&rdoSelectJoken=1&rdoSelectSort=1&sortValue=1&dispCount=50&licenseNoKbn=11&pageCount=1&pageListNo1=1&pageListNo2=1,公式サイト未特定・再試行,1,2026-07-21,,国土交通省公開検索から自動発見
MLIT-11-00000047,埼玉県,000047,株式会社石井不動産,埼玉県,2026-07-21,https://etsuran2.mlit.go.jp/TAKKEN/takkenKensaku.do?CMD=selectPage&caller=TK&choice=1&rdoSelect=1&rdoSelectJoken=1&rdoSelectSort=1&sortValue=1&dispCount=50&licenseNoKbn=11&pageCount=1&pageListNo1=1&pageListNo2=1,公式サイト未特定・再試行,1,2026-07-21,,国土交通省公開検索から自動発見
MLIT-11-00000060,埼玉県,000060,ＫＭ不動産株式会社,埼玉県,2026-07-21,https://etsuran2.mlit.go.jp/TAKKEN/takkenKensaku.do?CMD=selectPage&caller=TK&choice=1&rdoSelect=1&rdoSelectJoken=1&rdoSelectSort=1&sortValue=1&dispCount=50&licenseNoKbn=11&pageCount=1&pageListNo1=1&pageListNo2=1,公式サイト未特定・再試行,1,2026-07-21,,国土交通省公開検索から自動発見
MLIT-11-00000079,埼玉県,000079,株式会社三井商事,埼玉県,2026-07-21,https://etsuran2.mlit.go.jp/TAKKEN/takkenKensaku.do?CMD=selectPage&caller=TK&choice=1&rdoSelect=1&rdoSelectJoken=1&rdoSelectSort=1&sortValue=1&dispCount=50&licenseNoKbn=11&pageCount=1&pageListNo1=1&pageListNo2=1,公式サイト未特定・再試行,1,2026-07-21,,国土交通省公開検索から自動発見
MLIT-11-00000101,埼玉県,000101,有限会社旭商事,埼玉県,2026-07-21,https://etsuran2.mlit.go.jp/TAKKEN/takkenKensaku.do?CMD=selectPage&caller=TK&choice=1&rdoSelect=1&rdoSelectJoken=1&rdoSelectSort=1&sortValue=1&dispCount=50&licenseNoKbn=11&pageCount=1&pageListNo1=1&pageListNo2=1,公式サイト未特定・再試行,1,2026-07-21,,国土交通省公開検索から自動発見
MLIT-11-00000122,埼玉県,000122,三幸土地建物株式会社,埼玉県,2026-07-21,https://etsuran2.mlit.go.jp/TAKKEN/takkenKensaku.do?CMD=selectPage&caller=TK&choice=1&rdoSelect=1&rdoSelectJoken=1&rdoSelectSort=1&sortValue=1&dispCount=50&licenseNoKbn=11&pageCount=1&pageListNo1=1&pageListNo2=1,公式サイト未特定・再試行,1,2026-07-21,,国土交通省公開検索から自動発見
MLIT-11-00000126,埼玉県,000126,株式会社日和商事,埼玉県,2026-07-21,https://etsuran2.mlit.go.jp/TAKKEN/takkenKensaku.do?CMD=selectPage&caller=TK&choice=1&rdoSelect=1&rdoSelectJoken=1&rdoSelectSort=1&sortValue=1&dispCount=50&licenseNoKbn=11&pageCount=1&pageListNo1=1&pageListNo2=1,公式サイト未特定・再試行,1,2026-07-22,,国土交通省公開検索から自動発見
MLIT-14-00000013,神奈川県,000013,株式会社 大谷商事,神奈川県,2026-07-21,https://etsuran2.mlit.go.jp/TAKKEN/takkenKensaku.do?CMD=selectPage&caller=TK&choice=1&rdoSelect=1&rdoSelectJoken=1&rdoSelectSort=1&sortValue=1&dispCount=50&licenseNoKbn=14&pageCount=1&pageListNo1=1&pageListNo2=1,公式サイト未特定・再試行,1,2026-07-21,,国土交通省公開検索から自動発見
MLIT-14-00000024,神奈川県,000024,浅間建設 株式会社,神奈川県,2026-07-21,https://etsuran2.mlit.go.jp/TAKKEN/takkenKensaku.do?CMD=selectPage&caller=TK&choice=1&rdoSelect=1&rdoSelectJoken=1&rdoSelectSort=1&sortValue=1&dispCount=50&licenseNoKbn=14&pageCount=1&pageListNo1=1&pageListNo2=1,公式サイト未特定・再試行,1,2026-07-21,,国土交通省公開検索から自動発見
MLIT-14-00000060,神奈川県,000060,東横不動産 株式会社,神奈川県,2026-07-21,https://etsuran2.mlit.go.jp/TAKKEN/takkenKensaku.do?CMD=selectPage&caller=TK&choice=1&rdoSelect=1&rdoSelectJoken=1&rdoSelectSort=1&sortValue=1&dispCount=50&licenseNoKbn=14&pageCount=1&pageListNo1=1&pageListNo2=1,公式サイト未特定・再試行,1,2026-07-21,,国土交通省公開検索から自動発見
MLIT-14-00000066,神奈川県,000066,相澤土地 株式会社,神奈川県,2026-07-21,https://etsuran2.mlit.go.jp/TAKKEN/takkenKensaku.do?CMD=selectPage&caller=TK&choice=1&rdoSelect=1&rdoSelectJoken=1&rdoSelectSort=1&sortValue=1&dispCount=50&licenseNoKbn=14&pageCount=1&pageListNo1=1&pageListNo2=1,公式サイト未特定・再試行,1,2026-07-21,,国土交通省公開検索から自動発見
MLIT-14-00000071,神奈川県,000071,東栄商事 株式会社,神奈川県,2026-07-21,https://etsuran2.mlit.go.jp/TAKKEN/takkenKensaku.do?CMD=selectPage&caller=TK&choice=1&rdoSelect=1&rdoSelectJoken=1&rdoSelectSort=1&sortValue=1&dispCount=50&licenseNoKbn=14&pageCount=1&pageListNo1=1&pageListNo2=1,公式サイト未特定・再試行,1,2026-07-21,,国土交通省公開検索から自動発見
MLIT-14-00000162,神奈川県,000162,有限会社 濱屋,神奈川県,2026-07-21,https://etsuran2.mlit.go.jp/TAKKEN/takkenKensaku.do?CMD=selectPage&caller=TK&choice=1&rdoSelect=1&rdoSelectJoken=1&rdoSelectSort=1&sortValue=1&dispCount=50&licenseNoKbn=14&pageCount=1&pageListNo1=1&pageListNo2=1,公式サイト未特定・再試行,1,2026-07-21,,国土交通省公開検索から自動発見
MLIT-14-00000181,神奈川県,000181,大栄興業 株式会社,神奈川県,2026-07-21,https://etsuran2.mlit.go.jp/TAKKEN/takkenKensaku.do?CMD=selectPage&caller=TK&choice=1&rdoSelect=1&rdoSelectJoken=1&rdoSelectSort=1&sortValue=1&dispCount=50&licenseNoKbn=14&pageCount=1&pageListNo1=1&pageListNo2=1,公式サイト未特定・再試行,1,2026-07-22,,国土交通省公開検索から自動発見
MLIT-14-00000198,神奈川県,000198,親和商事 有限会社,神奈川県,2026-07-21,https://etsuran2.mlit.go.jp/TAKKEN/takkenKensaku.do?CMD=selectPage&caller=TK&choice=1&rdoSelect=1&rdoSelectJoken=1&rdoSelectSort=1&sortValue=1&dispCount=50&licenseNoKbn=14&pageCount=1&pageListNo1=1&pageListNo2=1,公式サイト未特定・再試行,1,2026-07-22,,国土交通省公開検索から自動発見
MLIT-14-00000260,神奈川県,000260,有限会社 協和商事,神奈川県,2026-07-21,https://etsuran2.mlit.go.jp/TAKKEN/takkenKensaku.do?CMD=selectPage&caller=TK&choice=1&rdoSelect=1&rdoSelectJoken=1&rdoSelectSort=1&sortValue=1&dispCount=50&licenseNoKbn=14&pageCount=1&pageListNo1=1&pageListNo2=1,公式サイト未特定・再試行,1,2026-07-22,,国土交通省公開検索から自動発見
MLIT-14-00000365,神奈川県,000365,有限会社 小沢建設商事,神奈川県,2026-07-21,https://etsuran2.mlit.go.jp/TAKKEN/takkenKensaku.do?CMD=selectPage&caller=TK&choice=1&rdoSelect=1&rdoSelectJoken=1&rdoSelectSort=1&sortValue=1&dispCount=50&licenseNoKbn=14&pageCount=1&pageListNo1=1&pageListNo2=1,公式サイト未特定・再試行,1,2026-07-22,,国土交通省公開検索から自動発見
MLIT-12-00000001,千葉県,000001,千葉復興株式会社,千葉県,2026-07-22,https://etsuran2.mlit.go.jp/TAKKEN/takkenKensaku.do?CMD=selectPage&caller=TK&choice=1&rdoSelect=1&rdoSelectJoken=1&rdoSelectSort=1&sortValue=1&dispCount=50&licenseNoKbn=12&pageCount=1&pageListNo1=1&pageListNo2=1,公式サイト未特定・再試行,1,2026-07-22,,国土交通省公開検索から自動発見
MLIT-12-00000119,千葉県,000119,北葉開発株式会社,千葉県,2026-07-22,https://etsuran2.mlit.go.jp/TAKKEN/takkenKensaku.do?CMD=selectPage&caller=TK&choice=1&rdoSelect=1&rdoSelectJoken=1&rdoSelectSort=1&sortValue=1&dispCount=50&licenseNoKbn=12&pageCount=1&pageListNo1=1&pageListNo2=1,公式サイト未特定・再試行,1,2026-07-22,,国土交通省公開検索から自動発見
MLIT-12-00000234,千葉県,000234,有限会社川崎不動産,千葉県,2026-07-22,https://etsuran2.mlit.go.jp/TAKKEN/takkenKensaku.do?CMD=selectPage&caller=TK&choice=1&rdoSelect=1&rdoSelectJoken=1&rdoSelectSort=1&sortValue=1&dispCount=50&licenseNoKbn=12&pageCount=1&pageListNo1=1&pageListNo2=1,公式サイト未特定・再試行,1,2026-07-23,,国土交通省公開検索から自動発見
MLIT-12-00000271,千葉県,000271,丸正商事株式会社,千葉県,2026-07-22,https://etsuran2.mlit.go.jp/TAKKEN/takkenKensaku.do?CMD=selectPage&caller=TK&choice=1&rdoSelect=1&rdoSelectJoken=1&rdoSelectSort=1&sortValue=1&dispCount=50&licenseNoKbn=12&pageCount=1&pageListNo1=1&pageListNo2=1,公式サイト未特定・再試行,1,2026-07-23,,国土交通省公開検索から自動発見
MLIT-12-00000283,千葉県,000283,ミドリ不動産株式会社,千葉県,2026-07-22,https://etsuran2.mlit.go.jp/TAKKEN/takkenKensaku.do?CMD=selectPage&caller=TK&choice=1&rdoSelect=1&rdoSelectJoken=1&rdoSelectSort=1&sortValue=1&dispCount=50&licenseNoKbn=12&pageCount=1&pageListNo1=1&pageListNo2=1,公式サイト未特定・再試行,1,2026-07-23,,国土交通省公開検索から自動発見
MLIT-12-00000286,千葉県,000286,株式会社富士見地所,千葉県,2026-07-22,https://etsuran2.mlit.go.jp/TAKKEN/takkenKensaku.do?CMD=selectPage&caller=TK&choice=1&rdoSelect=1&rdoSelectJoken=1&rdoSelectSort=1&sortValue=1&dispCount=50&licenseNoKbn=12&pageCount=1&pageListNo1=1&pageListNo2=1,公式サイト未特定・再試行,1,2026-07-23,,国土交通省公開検索から自動発見
MLIT-12-00000292,千葉県,000292,常南土地株式会社,千葉県,2026-07-22,https://etsuran2.mlit.go.jp/TAKKEN/takkenKensaku.do?CMD=selectPage&caller=TK&choice=1&rdoSelect=1&rdoSelectJoken=1&rdoSelectSort=1&sortValue=1&dispCount=50&licenseNoKbn=12&pageCount=1&pageListNo1=1&pageListNo2=1,公式サイト未特定・再試行,1,2026-07-23,,国土交通省公開検索から自動発見
MLIT-12-00000298,千葉県,000298,日東不動産株式会社,千葉県,2026-07-22,https://etsuran2.mlit.go.jp/TAKKEN/takkenKensaku.do?CMD=selectPage&caller=TK&choice=1&rdoSelect=1&rdoSelectJoken=1&rdoSelectSort=1&sortValue=1&dispCount=50&licenseNoKbn=12&pageCount=1&pageListNo1=1&pageListNo2=1,公式サイト未特定・再試行,1,2026-07-23,,国土交通省公開検索から自動発見
MLIT-08-00000014,茨城県,000014,下館土地株式会社,茨城県,2026-07-23,https://etsuran2.mlit.go.jp/TAKKEN/takkenKensaku.do?CMD=selectPage&caller=TK&choice=1&rdoSelect=1&rdoSelectJoken=1&rdoSelectSort=1&sortValue=1&dispCount=50&licenseNoKbn=08&pageCount=1&pageListNo1=1&pageListNo2=1,公式サイト未特定・再試行,1,2026-07-24,,国土交通省公開検索から自動発見
MLIT-08-00000021,茨城県,000021,有限会社高橋商事,茨城県,2026-07-23,https://etsuran2.mlit.go.jp/TAKKEN/takkenKensaku.do?CMD=selectPage&caller=TK&choice=1&rdoSelect=1&rdoSelectJoken=1&rdoSelectSort=1&sortValue=1&dispCount=50&licenseNoKbn=08&pageCount=1&pageListNo1=1&pageListNo2=1,公式サイト未特定・再試行,1,2026-07-24,,国土交通省公開検索から自動発見
MLIT-08-00000036,茨城県,000036,平和不動産株式会社,茨城県,2026-07-23,https://etsuran2.mlit.go.jp/TAKKEN/takkenKensaku.do?CMD=selectPage&caller=TK&choice=1&rdoSelect=1&rdoSelectJoken=1&rdoSelectSort=1&sortValue=1&dispCount=50&licenseNoKbn=08&pageCount=1&pageListNo1=1&pageListNo2=1,公式サイト未特定・再試行,1,2026-07-24,,国土交通省公開検索から自動発見
MLIT-08-00000058,茨城県,000058,有限会社栄進,茨城県,2026-07-23,https://etsuran2.mlit.go.jp/TAKKEN/takkenKensaku.do?CMD=selectPage&caller=TK&choice=1&rdoSelect=1&rdoSelectJoken=1&rdoSelectSort=1&sortValue=1&dispCount=50&licenseNoKbn=08&pageCount=1&pageListNo1=1&pageListNo2=1,公式サイト未特定・再試行,1,2026-07-24,,国土交通省公開検索から自動発見
MLIT-08-00000106,茨城県,000106,有限会社岩田不動産,茨城県,2026-07-23,https://etsuran2.mlit.go.jp/TAKKEN/takkenKensaku.do?CMD=selectPage&caller=TK&choice=1&rdoSelect=1&rdoSelectJoken=1&rdoSelectSort=1&sortValue=1&dispCount=50&licenseNoKbn=08&pageCount=1&pageListNo1=1&pageListNo2=1,公式サイト未特定・再試行,1,2026-07-24,,国土交通省公開検索から自動発見
MLIT-08-00000109,茨城県,000109,関友商事株式会社,茨城県,2026-07-23,https://etsuran2.mlit.go.jp/TAKKEN/takkenKensaku.do?CMD=selectPage&caller=TK&choice=1&rdoSelect=1&rdoSelectJoken=1&rdoSelectSort=1&sortValue=1&dispCount=50&licenseNoKbn=08&pageCount=1&pageListNo1=1&pageListNo2=1,公式サイト未特定・再試行,1,2026-07-24,,国土交通省公開検索から自動発見
MLIT-08-00000110,茨城県,000110,株式会社野口物産,茨城県,2026-07-23,https://etsuran2.mlit.go.jp/TAKKEN/takkenKensaku.do?CMD=selectPage&caller=TK&choice=1&rdoSelect=1&rdoSelectJoken=1&rdoSelectSort=1&sortValue=1&dispCount=50&licenseNoKbn=08&pageCount=1&pageListNo1=1&pageListNo2=1,公式サイト未特定・再試行,1,2026-07-24,,国土交通省公開検索から自動発見
MLIT-08-00000167,茨城県,000167,公益財団法人茨城県開発公社,茨城県,2026-07-23,https://etsuran2.mlit.go.jp/TAKKEN/takkenKensaku.do?CMD=selectPage&caller=TK&choice=1&rdoSelect=1&rdoSelectJoken=1&rdoSelectSort=1&sortValue=1&dispCount=50&licenseNoKbn=08&pageCount=1&pageListNo1=1&pageListNo2=1,公式サイト未特定・再試行,1,2026-07-24,,国土交通省公開検索から自動発見
MLIT-08-00000204,茨城県,000204,一般財団法人笠間市開発公社,茨城県,2026-07-23,https://etsuran2.mlit.go.jp/TAKKEN/takkenKensaku.do?CMD=selectPage&caller=TK&choice=1&rdoSelect=1&rdoSelectJoken=1&rdoSelectSort=1&sortValue=1&dispCount=50&licenseNoKbn=08&pageCount=1&pageListNo1=1&pageListNo2=1,公式サイト未特定・再試行,1,2026-07-25,,国土交通省公開検索から自動発見
MLIT-09-00000002,栃木県,000002,丸栃不動産倉庫 株式会社,栃木県,2026-07-24,https://etsuran2.mlit.go.jp/TAKKEN/takkenKensaku.do?CMD=selectPage&caller=TK&choice=1&rdoSelect=1&rdoSelectJoken=1&rdoSelectSort=1&sortValue=1&dispCount=50&licenseNoKbn=09&pageCount=1&pageListNo1=1&pageListNo2=1,公式サイト未特定・再試行,1,2026-07-25,,国土交通省公開検索から自動発見
MLIT-09-00000022,栃木県,000022,有限会社 カワシマ不動産,栃木県,2026-07-24,https://etsuran2.mlit.go.jp/TAKKEN/takkenKensaku.do?CMD=selectPage&caller=TK&choice=1&rdoSelect=1&rdoSelectJoken=1&rdoSelectSort=1&sortValue=1&dispCount=50&licenseNoKbn=09&pageCount=1&pageListNo1=1&pageListNo2=1,公式サイト未特定・再試行,1,2026-07-25,,国土交通省公開検索から自動発見
MLIT-09-00000054,栃木県,000054,昭和商事 株式会社,栃木県,2026-07-24,https://etsuran2.mlit.go.jp/TAKKEN/takkenKensaku.do?CMD=selectPage&caller=TK&choice=1&rdoSelect=1&rdoSelectJoken=1&rdoSelectSort=1&sortValue=1&dispCount=50&licenseNoKbn=09&pageCount=1&pageListNo1=1&pageListNo2=1,公式サイト未特定・再試行,1,2026-07-25,,国土交通省公開検索から自動発見
MLIT-09-00000062,栃木県,000062,小金井不動産 株式会社,栃木県,2026-07-24,https://etsuran2.mlit.go.jp/TAKKEN/takkenKensaku.do?CMD=selectPage&caller=TK&choice=1&rdoSelect=1&rdoSelectJoken=1&rdoSelectSort=1&sortValue=1&dispCount=50&licenseNoKbn=09&pageCount=1&pageListNo1=1&pageListNo2=1,公式サイト未特定・再試行,1,2026-07-25,,国土交通省公開検索から自動発見
MLIT-09-00000064,栃木県,000064,前田不動産 株式会社,栃木県,2026-07-24,https://etsuran2.mlit.go.jp/TAKKEN/takkenKensaku.do?CMD=selectPage&caller=TK&choice=1&rdoSelect=1&rdoSelectJoken=1&rdoSelectSort=1&sortValue=1&dispCount=50&licenseNoKbn=09&pageCount=1&pageListNo1=1&pageListNo2=1,公式サイト未特定・再試行,1,2026-07-25,,国土交通省公開検索から自動発見
MLIT-09-00000108,栃木県,000108,協立不動産 株式会社,栃木県,2026-07-24,https://etsuran2.mlit.go.jp/TAKKEN/takkenKensaku.do?CMD=selectPage&caller=TK&choice=1&rdoSelect=1&rdoSelectJoken=1&rdoSelectSort=1&sortValue=1&dispCount=50&licenseNoKbn=09&pageCount=1&pageListNo1=1&pageListNo2=1,公式サイト未特定・再試行,1,2026-07-25,,国土交通省公開検索から自動発見
MLIT-09-00000117,栃木県,000117,株式会社 万建設興業,栃木県,2026-07-24,https://etsuran2.mlit.go.jp/TAKKEN/takkenKensaku.do?CMD=selectPage&caller=TK&choice=1&rdoSelect=1&rdoSelectJoken=1&rdoSelectSort=1&sortValue=1&dispCount=50&licenseNoKbn=09&pageCount=1&pageListNo1=1&pageListNo2=1,公式サイト未特定・再試行,1,2026-07-26,,国土交通省公開検索から自動発見
MLIT-09-00000159,栃木県,000159,大国不動産 株式会社,栃木県,2026-07-24,https://etsuran2.mlit.go.jp/TAKKEN/takkenKensaku.do?CMD=selectPage&caller=TK&choice=1&rdoSelect=1&rdoSelectJoken=1&rdoSelectSort=1&sortValue=1&dispCount=50&licenseNoKbn=09&pageCount=1&pageListNo1=1&pageListNo2=1,公式サイト未特定・再試行,1,2026-07-26,,国土交通省公開検索から自動発見
MLIT-09-00000168,栃木県,000168,小山土地建物 株式会社,栃木県,2026-07-24,https://etsuran2.mlit.go.jp/TAKKEN/takkenKensaku.do?CMD=selectPage&caller=TK&choice=1&rdoSelect=1&rdoSelectJoken=1&rdoSelectSort=1&sortValue=1&dispCount=50&licenseNoKbn=09&pageCount=1&pageListNo1=1&pageListNo2=1,公式サイト未特定・再試行,1,2026-07-26,,国土交通省公開検索から自動発見
MLIT-09-00000182,栃木県,000182,有限会社 東栄不動産,栃木県,2026-07-24,https://etsuran2.mlit.go.jp/TAKKEN/takkenKensaku.do?CMD=selectPage&caller=TK&choice=1&rdoSelect=1&rdoSelectJoken=1&rdoSelectSort=1&sortValue=1&dispCount=50&licenseNoKbn=09&pageCount=1&pageListNo1=1&pageListNo2=1,公式サイト未特定・再試行,1,2026-07-26,,国土交通省公開検索から自動発見
MLIT-10-00000038,群馬県,000038,株式会社ティーエムエフ,群馬県,2026-07-25,https://etsuran2.mlit.go.jp/TAKKEN/takkenKensaku.do?CMD=selectPage&caller=TK&choice=1&rdoSelect=1&rdoSelectJoken=1&rdoSelectSort=1&sortValue=1&dispCount=50&licenseNoKbn=10&pageCount=1&pageListNo1=1&pageListNo2=1,公式サイト未特定・再試行,1,2026-07-26,,国土交通省公開検索から自動発見
MLIT-10-00000075,群馬県,000075,鵜川興業株式会社,群馬県,2026-07-25,https://etsuran2.mlit.go.jp/TAKKEN/takkenKensaku.do?CMD=selectPage&caller=TK&choice=1&rdoSelect=1&rdoSelectJoken=1&rdoSelectSort=1&sortValue=1&dispCount=50&licenseNoKbn=10&pageCount=1&pageListNo1=1&pageListNo2=1,公式サイト未特定・再試行,1,2026-07-26,,国土交通省公開検索から自動発見
MLIT-10-00000098,群馬県,000098,有限会社田口不動産,群馬県,2026-07-25,https://etsuran2.mlit.go.jp/TAKKEN/takkenKensaku.do?CMD=selectPage&caller=TK&choice=1&rdoSelect=1&rdoSelectJoken=1&rdoSelectSort=1&sortValue=1&dispCount=50&licenseNoKbn=10&pageCount=1&pageListNo1=1&pageListNo2=1,公式サイト未特定・再試行,1,2026-07-26,,国土交通省公開検索から自動発見
MLIT-10-00000114,群馬県,000114,上信電鉄株式会社,群馬県,2026-07-25,https://etsuran2.mlit.go.jp/TAKKEN/takkenKensaku.do?CMD=selectPage&caller=TK&choice=1&rdoSelect=1&rdoSelectJoken=1&rdoSelectSort=1&sortValue=1&dispCount=50&licenseNoKbn=10&pageCount=1&pageListNo1=1&pageListNo2=1,公式サイト未特定・再試行,1,2026-07-26,,国土交通省公開検索から自動発見
MLIT-10-00000146,群馬県,000146,有限会社前橋不動産,群馬県,2026-07-25,https://etsuran2.mlit.go.jp/TAKKEN/takkenKensaku.do?CMD=selectPage&caller=TK&choice=1&rdoSelect=1&rdoSelectJoken=1&rdoSelectSort=1&sortValue=1&dispCount=50&licenseNoKbn=10&pageCount=1&pageListNo1=1&pageListNo2=1,公式サイト未特定・再試行,1,2026-07-27,,国土交通省公開検索から自動発見
MLIT-10-00000227,群馬県,000227,群馬不動産株式会社 ※,群馬県,2026-07-25,https://etsuran2.mlit.go.jp/TAKKEN/takkenKensaku.do?CMD=selectPage&caller=TK&choice=1&rdoSelect=1&rdoSelectJoken=1&rdoSelectSort=1&sortValue=1&dispCount=50&licenseNoKbn=10&pageCount=1&pageListNo1=1&pageListNo2=1,公式サイト未特定・再試行,1,2026-07-27,,国土交通省公開検索から自動発見
MLIT-10-00000230,群馬県,000230,石橋建設工業株式会社 ※,群馬県,2026-07-25,https://etsuran2.mlit.go.jp/TAKKEN/takkenKensaku.do?CMD=selectPage&caller=TK&choice=1&rdoSelect=1&rdoSelectJoken=1&rdoSelectSort=1&sortValue=1&dispCount=50&licenseNoKbn=10&pageCount=1&pageListNo1=1&pageListNo2=1,公式サイト未特定・再試行,1,2026-07-27,,国土交通省公開検索から自動発見
MLIT-10-00000257,群馬県,000257,東神不動産株式会社,群馬県,2026-07-25,https://etsuran2.mlit.go.jp/TAKKEN/takkenKensaku.do?CMD=selectPage&caller=TK&choice=1&rdoSelect=1&rdoSelectJoken=1&rdoSelectSort=1&sortValue=1&dispCount=50&licenseNoKbn=10&pageCount=1&pageListNo1=1&pageListNo2=1,公式サイト未特定・再試行,1,2026-07-27,,国土交通省公開検索から自動発見
MLIT-10-00000292,群馬県,000292,小林工業株式会社,群馬県,2026-07-25,https://etsuran2.mlit.go.jp/TAKKEN/takkenKensaku.do?CMD=selectPage&caller=TK&choice=1&rdoSelect=1&rdoSelectJoken=1&rdoSelectSort=1&sortValue=1&dispCount=50&licenseNoKbn=10&pageCount=1&pageListNo1=1&pageListNo2=1,公式サイト未特定・再試行,1,2026-07-27,,国土交通省公開検索から自動発見
MLIT-10-00000302,群馬県,000302,朝日開発興業株式会社,群馬県,2026-07-25,https://etsuran2.mlit.go.jp/TAKKEN/takkenKensaku.do?CMD=selectPage&caller=TK&choice=1&rdoSelect=1&rdoSelectJoken=1&rdoSelectSort=1&sortValue=1&dispCount=50&licenseNoKbn=10&pageCount=1&pageListNo1=1&pageListNo2=1,公式サイト未特定・再試行,1,2026-07-27,,国土交通省公開検索から自動発見
MLIT-13-00001001,東京都,001001,日興建設 株式会社,東京都,2026-07-26,https://etsuran2.mlit.go.jp/TAKKEN/takkenKensaku.do?CMD=selectPage&caller=TK&choice=1&rdoSelect=1&rdoSelectJoken=1&rdoSelectSort=1&sortValue=1&dispCount=50&licenseNoKbn=13&pageCount=2&pageListNo1=2&pageListNo2=2,公式サイト未特定・再試行,1,2026-07-27,,国土交通省公開検索から自動発見
MLIT-13-00001002,東京都,001002,朝日商事 株式会社,東京都,2026-07-26,https://etsuran2.mlit.go.jp/TAKKEN/takkenKensaku.do?CMD=selectPage&caller=TK&choice=1&rdoSelect=1&rdoSelectJoken=1&rdoSelectSort=1&sortValue=1&dispCount=50&licenseNoKbn=13&pageCount=2&pageListNo1=2&pageListNo2=2,公式サイト未特定・再試行,1,2026-07-27,,国土交通省公開検索から自動発見
MLIT-13-00001006,東京都,001006,株式会社 山口,東京都,2026-07-26,https://etsuran2.mlit.go.jp/TAKKEN/takkenKensaku.do?CMD=selectPage&caller=TK&choice=1&rdoSelect=1&rdoSelectJoken=1&rdoSelectSort=1&sortValue=1&dispCount=50&licenseNoKbn=13&pageCount=2&pageListNo1=2&pageListNo2=2,公式サイト未特定・再試行,1,2026-07-28,,国土交通省公開検索から自動発見
MLIT-13-00001077,東京都,001077,有限会社 山商事,東京都,2026-07-26,https://etsuran2.mlit.go.jp/TAKKEN/takkenKensaku.do?CMD=selectPage&caller=TK&choice=1&rdoSelect=1&rdoSelectJoken=1&rdoSelectSort=1&sortValue=1&dispCount=50&licenseNoKbn=13&pageCount=2&pageListNo1=2&pageListNo2=2,公式サイト未特定・再試行,1,2026-07-28,,国土交通省公開検索から自動発見
MLIT-13-00001083,東京都,001083,日本建設 株式会社,東京都,2026-07-26,https://etsuran2.mlit.go.jp/TAKKEN/takkenKensaku.do?CMD=selectPage&caller=TK&choice=1&rdoSelect=1&rdoSelectJoken=1&rdoSelectSort=1&sortValue=1&dispCount=50&licenseNoKbn=13&pageCount=2&pageListNo1=2&pageListNo2=2,公式サイト未特定・再試行,1,2026-07-28,,国土交通省公開検索から自動発見
MLIT-13-00001084,東京都,001084,福田企業 株式会社,東京都,2026-07-26,https://etsuran2.mlit.go.jp/TAKKEN/takkenKensaku.do?CMD=selectPage&caller=TK&choice=1&rdoSelect=1&rdoSelectJoken=1&rdoSelectSort=1&sortValue=1&dispCount=50&licenseNoKbn=13&pageCount=2&pageListNo1=2&pageListNo2=2,公式サイト未特定・再試行,1,2026-07-28,,国土交通省公開検索から自動発見
MLIT-13-00001085,東京都,001085,互興商事 株式会社,東京都,2026-07-26,https://etsuran2.mlit.go.jp/TAKKEN/takkenKensaku.do?CMD=selectPage&caller=TK&choice=1&rdoSelect=1&rdoSelectJoken=1&rdoSelectSort=1&sortValue=1&dispCount=50&licenseNoKbn=13&pageCount=2&pageListNo1=2&pageListNo2=2,公式サイト未特定・再試行,1,2026-07-28,,国土交通省公開検索から自動発見
MLIT-13-00001141,東京都,001141,株式会社 電話住宅相談所,東京都,2026-07-26,https://etsuran2.mlit.go.jp/TAKKEN/takkenKensaku.do?CMD=selectPage&caller=TK&choice=1&rdoSelect=1&rdoSelectJoken=1&rdoSelectSort=1&sortValue=1&dispCount=50&licenseNoKbn=13&pageCount=2&pageListNo1=2&pageListNo2=2,公式サイト未特定・再試行,1,2026-07-28,,国土交通省公開検索から自動発見
MLIT-13-00001157,東京都,001157,町ビルディング 株式会社,東京都,2026-07-26,https://etsuran2.mlit.go.jp/TAKKEN/takkenKensaku.do?CMD=selectPage&caller=TK&choice=1&rdoSelect=1&rdoSelectJoken=1&rdoSelectSort=1&sortValue=1&dispCount=50&licenseNoKbn=13&pageCount=2&pageListNo1=2&pageListNo2=2,公式サイト未特定・再試行,1,2026-07-28,,国土交通省公開検索から自動発見
MLIT-14-00001608,神奈川県,001608,川崎北部開発 株式会社,神奈川県,2026-07-27,https://etsuran2.mlit.go.jp/TAKKEN/takkenKensaku.do?CMD=selectPage&caller=TK&choice=1&rdoSelect=1&rdoSelectJoken=1&rdoSelectSort=1&sortValue=1&dispCount=50&licenseNoKbn=14&pageCount=2&pageListNo1=2&pageListNo2=2,公式サイト未特定・再試行,1,2026-07-29,,国土交通省公開検索から自動発見
MLIT-14-00001610,神奈川県,001610,有限会社 柏菱,神奈川県,2026-07-27,https://etsuran2.mlit.go.jp/TAKKEN/takkenKensaku.do?CMD=selectPage&caller=TK&choice=1&rdoSelect=1&rdoSelectJoken=1&rdoSelectSort=1&sortValue=1&dispCount=50&licenseNoKbn=14&pageCount=2&pageListNo1=2&pageListNo2=2,公式サイト未特定・再試行,1,2026-07-29,,国土交通省公開検索から自動発見
MLIT-14-00001691,神奈川県,001691,一般財団法人 伊勢原市事業公社,神奈川県,2026-07-27,https://etsuran2.mlit.go.jp/TAKKEN/takkenKensaku.do?CMD=selectPage&caller=TK&choice=1&rdoSelect=1&rdoSelectJoken=1&rdoSelectSort=1&sortValue=1&dispCount=50&licenseNoKbn=14&pageCount=2&pageListNo1=2&pageListNo2=2,公式サイト未特定・再試行,1,2026-07-29,,国土交通省公開検索から自動発見
MLIT-14-00001724,神奈川県,001724,末広土地建物 株式会社,神奈川県,2026-07-27,https://etsuran2.mlit.go.jp/TAKKEN/takkenKensaku.do?CMD=selectPage&caller=TK&choice=1&rdoSelect=1&rdoSelectJoken=1&rdoSelectSort=1&sortValue=1&dispCount=50&licenseNoKbn=14&pageCount=2&pageListNo1=2&pageListNo2=2,公式サイト未特定・再試行,1,2026-07-29,,国土交通省公開検索から自動発見
MLIT-14-00001737,神奈川県,001737,丸万不動産 有限会社,神奈川県,2026-07-27,https://etsuran2.mlit.go.jp/TAKKEN/takkenKensaku.do?CMD=selectPage&caller=TK&choice=1&rdoSelect=1&rdoSelectJoken=1&rdoSelectSort=1&sortValue=1&dispCount=50&licenseNoKbn=14&pageCount=2&pageListNo1=2&pageListNo2=2,公式サイト未特定・再試行,1,2026-07-29,,国土交通省公開検索から自動発見
MLIT-14-00001740,神奈川県,001740,大和商事 株式会社,神奈川県,2026-07-27,https://etsuran2.mlit.go.jp/TAKKEN/takkenKensaku.do?CMD=selectPage&caller=TK&choice=1&rdoSelect=1&rdoSelectJoken=1&rdoSelectSort=1&sortValue=1&dispCount=50&licenseNoKbn=14&pageCount=2&pageListNo1=2&pageListNo2=2,公式サイト未特定・再試行,1,2026-07-29,,国土交通省公開検索から自動発見
MLIT-14-00001771,神奈川県,001771,株式会社 日建,神奈川県,2026-07-27,https://etsuran2.mlit.go.jp/TAKKEN/takkenKensaku.do?CMD=selectPage&caller=TK&choice=1&rdoSelect=1&rdoSelectJoken=1&rdoSelectSort=1&sortValue=1&dispCount=50&licenseNoKbn=14&pageCount=2&pageListNo1=2&pageListNo2=2,公式サイト未特定・再試行,1,2026-07-29,,国土交通省公開検索から自動発見
MLIT-14-00001851,神奈川県,001851,有限会社 吉浜不動産,神奈川県,2026-07-27,https://etsuran2.mlit.go.jp/TAKKEN/takkenKensaku.do?CMD=selectPage&caller=TK&choice=1&rdoSelect=1&rdoSelectJoken=1&rdoSelectSort=1&sortValue=1&dispCount=50&licenseNoKbn=14&pageCount=2&pageListNo1=2&pageListNo2=2,公式サイト未特定・再試行,1,2026-07-29,,国土交通省公開検索から自動発見
MLIT-14-00001852,神奈川県,001852,オーナーズ商事 有限会社,神奈川県,2026-07-27,https://etsuran2.mlit.go.jp/TAKKEN/takkenKensaku.do?CMD=selectPage&caller=TK&choice=1&rdoSelect=1&rdoSelectJoken=1&rdoSelectSort=1&sortValue=1&dispCount=50&licenseNoKbn=14&pageCount=2&pageListNo1=2&pageListNo2=2,公式サイト未特定・再試行,1,2026-07-30,,国土交通省公開検索から自動発見
MLIT-14-00001880,神奈川県,001880,第一商事 株式会社,神奈川県,2026-07-27,https://etsuran2.mlit.go.jp/TAKKEN/takkenKensaku.do?CMD=selectPage&caller=TK&choice=1&rdoSelect=1&rdoSelectJoken=1&rdoSelectSort=1&sortValue=1&dispCount=50&licenseNoKbn=14&pageCount=2&pageListNo1=2&pageListNo2=2,公式サイト未特定・再試行,1,2026-07-30,,国土交通省公開検索から自動発見
MLIT-11-00001486,埼玉県,001486,秋場不動産株式会社,埼玉県,2026-07-28,https://etsuran2.mlit.go.jp/TAKKEN/takkenKensaku.do?CMD=selectPage&caller=TK&choice=1&rdoSelect=1&rdoSelectJoken=1&rdoSelectSort=1&sortValue=1&dispCount=50&licenseNoKbn=11&pageCount=2&pageListNo1=2&pageListNo2=2,公式サイト未特定・再試行,1,2026-07-30,,国土交通省公開検索から自動発見
MLIT-11-00001488,埼玉県,001488,株式会社小野田土地建物,埼玉県,2026-07-28,https://etsuran2.mlit.go.jp/TAKKEN/takkenKensaku.do?CMD=selectPage&caller=TK&choice=1&rdoSelect=1&rdoSelectJoken=1&rdoSelectSort=1&sortValue=1&dispCount=50&licenseNoKbn=11&pageCount=2&pageListNo1=2&pageListNo2=2,公式サイト未特定・再試行,1,2026-07-30,,国土交通省公開検索から自動発見
MLIT-11-00001522,埼玉県,001522,株式会社開新社,埼玉県,2026-07-28,https://etsuran2.mlit.go.jp/TAKKEN/takkenKensaku.do?CMD=selectPage&caller=TK&choice=1&rdoSelect=1&rdoSelectJoken=1&rdoSelectSort=1&sortValue=1&dispCount=50&licenseNoKbn=11&pageCount=2&pageListNo1=2&pageListNo2=2,公式サイト未特定・再試行,1,2026-07-30,,国土交通省公開検索から自動発見
MLIT-11-00001550,埼玉県,001550,株式会社井上不動産,埼玉県,2026-07-28,https://etsuran2.mlit.go.jp/TAKKEN/takkenKensaku.do?CMD=selectPage&caller=TK&choice=1&rdoSelect=1&rdoSelectJoken=1&rdoSelectSort=1&sortValue=1&dispCount=50&licenseNoKbn=11&pageCount=2&pageListNo1=2&pageListNo2=2,公式サイト未特定・再試行,1,2026-07-30,,国土交通省公開検索から自動発見
MLIT-11-00001672,埼玉県,001672,富貴不動産株式会社,埼玉県,2026-07-28,https://etsuran2.mlit.go.jp/TAKKEN/takkenKensaku.do?CMD=selectPage&caller=TK&choice=1&rdoSelect=1&rdoSelectJoken=1&rdoSelectSort=1&sortValue=1&dispCount=50&licenseNoKbn=11&pageCount=2&pageListNo1=2&pageListNo2=2,公式サイト未特定・再試行,1,2026-07-30,,国土交通省公開検索から自動発見
MLIT-11-00001809,埼玉県,001809,有限会社太田不動産,埼玉県,2026-07-28,https://etsuran2.mlit.go.jp/TAKKEN/takkenKensaku.do?CMD=selectPage&caller=TK&choice=1&rdoSelect=1&rdoSelectJoken=1&rdoSelectSort=1&sortValue=1&dispCount=50&licenseNoKbn=11&pageCount=2&pageListNo1=2&pageListNo2=2,公式サイト未特定・再試行,1,2026-07-31,,国土交通省公開検索から自動発見
MLIT-11-00001828,埼玉県,001828,有限会社武蔵野商事,埼玉県,2026-07-28,https://etsuran2.mlit.go.jp/TAKKEN/takkenKensaku.do?CMD=selectPage&caller=TK&choice=1&rdoSelect=1&rdoSelectJoken=1&rdoSelectSort=1&sortValue=1&dispCount=50&licenseNoKbn=11&pageCount=2&pageListNo1=2&pageListNo2=2,公式サイト未特定・再試行,1,2026-07-31,,国土交通省公開検索から自動発見
MLIT-11-00001846,埼玉県,001846,横田建設株式会社,埼玉県,2026-07-28,https://etsuran2.mlit.go.jp/TAKKEN/takkenKensaku.do?CMD=selectPage&caller=TK&choice=1&rdoSelect=1&rdoSelectJoken=1&rdoSelectSort=1&sortValue=1&dispCount=50&licenseNoKbn=11&pageCount=2&pageListNo1=2&pageListNo2=2,公式サイト未特定・再試行,1,2026-07-31,,国土交通省公開検索から自動発見
MLIT-11-00001853,埼玉県,001853,株式会社大陽不動産,埼玉県,2026-07-28,https://etsuran2.mlit.go.jp/TAKKEN/takkenKensaku.do?CMD=selectPage&caller=TK&choice=1&rdoSelect=1&rdoSelectJoken=1&rdoSelectSort=1&sortValue=1&dispCount=50&licenseNoKbn=11&pageCount=2&pageListNo1=2&pageListNo2=2,公式サイト未特定・再試行,1,2026-07-31,,国土交通省公開検索から自動発見
MLIT-12-00001683,千葉県,001683,結城建設株式会社,千葉県,2026-07-29,https://etsuran2.mlit.go.jp/TAKKEN/takkenKensaku.do?CMD=selectPage&caller=TK&choice=1&rdoSelect=1&rdoSelectJoken=1&rdoSelectSort=1&sortValue=1&dispCount=50&licenseNoKbn=12&pageCount=2&pageListNo1=2&pageListNo2=2,公式サイト未特定・再試行,1,2026-07-31,,国土交通省公開検索から自動発見
MLIT-12-00001703,千葉県,001703,有限会社岡田不動産,千葉県,2026-07-29,https://etsuran2.mlit.go.jp/TAKKEN/takkenKensaku.do?CMD=selectPage&caller=TK&choice=1&rdoSelect=1&rdoSelectJoken=1&rdoSelectSort=1&sortValue=1&dispCount=50&licenseNoKbn=12&pageCount=2&pageListNo1=2&pageListNo2=2,公式サイト未特定・再試行,1,2026-07-31,,国土交通省公開検索から自動発見
MLIT-12-00001744,千葉県,001744,印南興業株式会社,千葉県,2026-07-29,https://etsuran2.mlit.go.jp/TAKKEN/takkenKensaku.do?CMD=selectPage&caller=TK&choice=1&rdoSelect=1&rdoSelectJoken=1&rdoSelectSort=1&sortValue=1&dispCount=50&licenseNoKbn=12&pageCount=2&pageListNo1=2&pageListNo2=2,公式サイト未特定・再試行,1,2026-07-31,,国土交通省公開検索から自動発見
MLIT-12-00001746,千葉県,001746,山田不動産株式会社,千葉県,2026-07-29,https://etsuran2.mlit.go.jp/TAKKEN/takkenKensaku.do?CMD=selectPage&caller=TK&choice=1&rdoSelect=1&rdoSelectJoken=1&rdoSelectSort=1&sortValue=1&dispCount=50&licenseNoKbn=12&pageCount=2&pageListNo1=2&pageListNo2=2,公式サイト未特定・再試行,1,2026-08-01,,国土交通省公開検索から自動発見
MLIT-12-00001790,千葉県,001790,大英建設株式会社,千葉県,2026-07-29,https://etsuran2.mlit.go.jp/TAKKEN/takkenKensaku.do?CMD=selectPage&caller=TK&choice=1&rdoSelect=1&rdoSelectJoken=1&rdoSelectSort=1&sortValue=1&dispCount=50&licenseNoKbn=12&pageCount=2&pageListNo1=2&pageListNo2=2,公式サイト未特定・再試行,1,2026-08-01,,国土交通省公開検索から自動発見
MLIT-12-00001794,千葉県,001794,正直不動産株式会社,千葉県,2026-07-29,https://etsuran2.mlit.go.jp/TAKKEN/takkenKensaku.do?CMD=selectPage&caller=TK&choice=1&rdoSelect=1&rdoSelectJoken=1&rdoSelectSort=1&sortValue=1&dispCount=50&licenseNoKbn=12&pageCount=2&pageListNo1=2&pageListNo2=2,公式サイト未特定・再試行,1,2026-08-01,,国土交通省公開検索から自動発見
MLIT-12-00001796,千葉県,001796,有限会社牧野産業,千葉県,2026-07-29,https://etsuran2.mlit.go.jp/TAKKEN/takkenKensaku.do?CMD=selectPage&caller=TK&choice=1&rdoSelect=1&rdoSelectJoken=1&rdoSelectSort=1&sortValue=1&dispCount=50&licenseNoKbn=12&pageCount=2&pageListNo1=2&pageListNo2=2,公式サイト未特定・再試行,1,2026-08-01,,国土交通省公開検索から自動発見
MLIT-12-00001799,千葉県,001799,有限会社植松商事,千葉県,2026-07-29,https://etsuran2.mlit.go.jp/TAKKEN/takkenKensaku.do?CMD=selectPage&caller=TK&choice=1&rdoSelect=1&rdoSelectJoken=1&rdoSelectSort=1&sortValue=1&dispCount=50&licenseNoKbn=12&pageCount=2&pageListNo1=2&pageListNo2=2,公式サイト未特定・再試行,1,2026-08-01,,国土交通省公開検索から自動発見
MLIT-12-00001809,千葉県,001809,株式会社冨商事,千葉県,2026-07-29,https://etsuran2.mlit.go.jp/TAKKEN/takkenKensaku.do?CMD=selectPage&caller=TK&choice=1&rdoSelect=1&rdoSelectJoken=1&rdoSelectSort=1&sortValue=1&dispCount=50&licenseNoKbn=12&pageCount=2&pageListNo1=2&pageListNo2=2,公式サイト未特定・再試行,1,2026-08-01,,国土交通省公開検索から自動発見
MLIT-08-00001262,茨城県,001262,株式会社赤尾杉,茨城県,2026-07-30,https://etsuran2.mlit.go.jp/TAKKEN/takkenKensaku.do?CMD=selectPage&caller=TK&choice=1&rdoSelect=1&rdoSelectJoken=1&rdoSelectSort=1&sortValue=1&dispCount=50&licenseNoKbn=08&pageCount=2&pageListNo1=2&pageListNo2=2,公式サイト未特定・再試行,1,2026-08-01,,国土交通省公開検索から自動発見
MLIT-08-00001302,茨城県,001302,荒沢不動産,茨城県,2026-07-30,https://etsuran2.mlit.go.jp/TAKKEN/takkenKensaku.do?CMD=selectPage&caller=TK&choice=1&rdoSelect=1&rdoSelectJoken=1&rdoSelectSort=1&sortValue=1&dispCount=50&licenseNoKbn=08&pageCount=2&pageListNo1=2&pageListNo2=2,公式サイト未特定・再試行,1,2026-08-02,,国土交通省公開検索から自動発見
MLIT-08-00001306,茨城県,001306,株式会社新栄土地,茨城県,2026-07-30,https://etsuran2.mlit.go.jp/TAKKEN/takkenKensaku.do?CMD=selectPage&caller=TK&choice=1&rdoSelect=1&rdoSelectJoken=1&rdoSelectSort=1&sortValue=1&dispCount=50&licenseNoKbn=08&pageCount=2&pageListNo1=2&pageListNo2=2,公式サイト未特定・再試行,1,2026-08-02,,国土交通省公開検索から自動発見
MLIT-08-00001321,茨城県,001321,株式会社水戸地産,茨城県,2026-07-30,https://etsuran2.mlit.go.jp/TAKKEN/takkenKensaku.do?CMD=selectPage&caller=TK&choice=1&rdoSelect=1&rdoSelectJoken=1&rdoSelectSort=1&sortValue=1&dispCount=50&licenseNoKbn=08&pageCount=2&pageListNo1=2&pageListNo2=2,公式サイト未特定・再試行,1,2026-08-02,,国土交通省公開検索から自動発見
MLIT-08-00001345,茨城県,001345,株式会社中野商事,茨城県,2026-07-30,https://etsuran2.mlit.go.jp/TAKKEN/takkenKensaku.do?CMD=selectPage&caller=TK&choice=1&rdoSelect=1&rdoSelectJoken=1&rdoSelectSort=1&sortValue=1&dispCount=50&licenseNoKbn=08&pageCount=2&pageListNo1=2&pageListNo2=2,公式サイト未特定・再試行,1,2026-08-02,,国土交通省公開検索から自動発見
MLIT-08-00001391,茨城県,001391,有限会社東栄,茨城県,2026-07-30,https://etsuran2.mlit.go.jp/TAKKEN/takkenKensaku.do?CMD=selectPage&caller=TK&choice=1&rdoSelect=1&rdoSelectJoken=1&rdoSelectSort=1&sortValue=1&dispCount=50&licenseNoKbn=08&pageCount=2&pageListNo1=2&pageListNo2=2,公式サイト未特定・再試行,1,2026-08-02,,国土交通省公開検索から自動発見
MLIT-08-00001434,茨城県,001434,池田林業株式会社,茨城県,2026-07-30,https://etsuran2.mlit.go.jp/TAKKEN/takkenKensaku.do?CMD=selectPage&caller=TK&choice=1&rdoSelect=1&rdoSelectJoken=1&rdoSelectSort=1&sortValue=1&dispCount=50&licenseNoKbn=08&pageCount=2&pageListNo1=2&pageListNo2=2,公式サイト未特定・再試行,1,2026-08-02,,国土交通省公開検索から自動発見
MLIT-08-00001437,茨城県,001437,斉丸土地,茨城県,2026-07-30,https://etsuran2.mlit.go.jp/TAKKEN/takkenKensaku.do?CMD=selectPage&caller=TK&choice=1&rdoSelect=1&rdoSelectJoken=1&rdoSelectSort=1&sortValue=1&dispCount=50&licenseNoKbn=08&pageCount=2&pageListNo1=2&pageListNo2=2,公式サイト未特定・再試行,1,2026-08-02,,国土交通省公開検索から自動発見
MLIT-08-00001443,茨城県,001443,マルカン商事有限会社,茨城県,2026-07-30,https://etsuran2.mlit.go.jp/TAKKEN/takkenKensaku.do?CMD=selectPage&caller=TK&choice=1&rdoSelect=1&rdoSelectJoken=1&rdoSelectSort=1&sortValue=1&dispCount=50&licenseNoKbn=08&pageCount=2&pageListNo1=2&pageListNo2=2,公式サイト未特定・再試行,1,2026-08-03,,国土交通省公開検索から自動発見
MLIT-09-00000883,栃木県,000883,株式会社 むぎくら,栃木県,2026-07-31,https://etsuran2.mlit.go.jp/TAKKEN/takkenKensaku.do?CMD=selectPage&caller=TK&choice=1&rdoSelect=1&rdoSelectJoken=1&rdoSelectSort=1&sortValue=1&dispCount=50&licenseNoKbn=09&pageCount=2&pageListNo1=2&pageListNo2=2,公式サイト未特定・再試行,1,2026-08-03,,国土交通省公開検索から自動発見
MLIT-09-00000903,栃木県,000903,株式会社 大竹不動産,栃木県,2026-07-31,https://etsuran2.mlit.go.jp/TAKKEN/takkenKensaku.do?CMD=selectPage&caller=TK&choice=1&rdoSelect=1&rdoSelectJoken=1&rdoSelectSort=1&sortValue=1&dispCount=50&licenseNoKbn=09&pageCount=2&pageListNo1=2&pageListNo2=2,公式サイト未特定・再試行,1,2026-08-03,,国土交通省公開検索から自動発見
MLIT-09-00000905,栃木県,000905,万不動産 株式会社,栃木県,2026-07-31,https://etsuran2.mlit.go.jp/TAKKEN/takkenKensaku.do?CMD=selectPage&caller=TK&choice=1&rdoSelect=1&rdoSelectJoken=1&rdoSelectSort=1&sortValue=1&dispCount=50&licenseNoKbn=09&pageCount=2&pageListNo1=2&pageListNo2=2,公式サイト未特定・再試行,1,2026-08-03,,国土交通省公開検索から自動発見
MLIT-09-00000916,栃木県,000916,株式会社 西崎,栃木県,2026-07-31,https://etsuran2.mlit.go.jp/TAKKEN/takkenKensaku.do?CMD=selectPage&caller=TK&choice=1&rdoSelect=1&rdoSelectJoken=1&rdoSelectSort=1&sortValue=1&dispCount=50&licenseNoKbn=09&pageCount=2&pageListNo1=2&pageListNo2=2,公式サイト未特定・再試行,1,2026-08-03,,国土交通省公開検索から自動発見
MLIT-09-00000919,栃木県,000919,八汐土地開発 株式会社,栃木県,2026-07-31,https://etsuran2.mlit.go.jp/TAKKEN/takkenKensaku.do?CMD=selectPage&caller=TK&choice=1&rdoSelect=1&rdoSelectJoken=1&rdoSelectSort=1&sortValue=1&dispCount=50&licenseNoKbn=09&pageCount=2&pageListNo1=2&pageListNo2=2,公式サイト未特定・再試行,1,2026-08-03,,国土交通省公開検索から自動発見
MLIT-09-00000949,栃木県,000949,株式会社 大那商事,栃木県,2026-07-31,https://etsuran2.mlit.go.jp/TAKKEN/takkenKensaku.do?CMD=selectPage&caller=TK&choice=1&rdoSelect=1&rdoSelectJoken=1&rdoSelectSort=1&sortValue=1&dispCount=50&licenseNoKbn=09&pageCount=2&pageListNo1=2&pageListNo2=2,公式サイト未特定・再試行,1,2026-08-03,,国土交通省公開検索から自動発見
MLIT-09-00000976,栃木県,000976,東照商事 株式会社,栃木県,2026-07-31,https://etsuran2.mlit.go.jp/TAKKEN/takkenKensaku.do?CMD=selectPage&caller=TK&choice=1&rdoSelect=1&rdoSelectJoken=1&rdoSelectSort=1&sortValue=1&dispCount=50&licenseNoKbn=09&pageCount=2&pageListNo1=2&pageListNo2=2,公式サイト未特定・再試行,1,2026-08-03,,国土交通省公開検索から自動発見
MLIT-09-00000984,栃木県,000984,関東地所 株式会社,栃木県,2026-07-31,https://etsuran2.mlit.go.jp/TAKKEN/takkenKensaku.do?CMD=selectPage&caller=TK&choice=1&rdoSelect=1&rdoSelectJoken=1&rdoSelectSort=1&sortValue=1&dispCount=50&licenseNoKbn=09&pageCount=2&pageListNo1=2&pageListNo2=2,公式サイト未特定・再試行,1,2026-08-04,,国土交通省公開検索から自動発見
MLIT-09-00001009,栃木県,001009,有限会社 大福不動産,栃木県,2026-07-31,https://etsuran2.mlit.go.jp/TAKKEN/takkenKensaku.do?CMD=selectPage&caller=TK&choice=1&rdoSelect=1&rdoSelectJoken=1&rdoSelectSort=1&sortValue=1&dispCount=50&licenseNoKbn=09&pageCount=2&pageListNo1=2&pageListNo2=2,公式サイト未特定・再試行,1,2026-08-04,,国土交通省公開検索から自動発見
MLIT-09-00001050,栃木県,001050,有限会社 栃信総業,栃木県,2026-07-31,https://etsuran2.mlit.go.jp/TAKKEN/takkenKensaku.do?CMD=selectPage&caller=TK&choice=1&rdoSelect=1&rdoSelectJoken=1&rdoSelectSort=1&sortValue=1&dispCount=50&licenseNoKbn=09&pageCount=2&pageListNo1=2&pageListNo2=2,公式サイト未特定・再試行,1,2026-08-04,,国土交通省公開検索から自動発見
MLIT-10-00001228,群馬県,001228,吾妻開発株式会社,群馬県,2026-08-01,https://etsuran2.mlit.go.jp/TAKKEN/takkenKensaku.do?CMD=selectPage&caller=TK&choice=1&rdoSelect=1&rdoSelectJoken=1&rdoSelectSort=1&sortValue=1&dispCount=50&licenseNoKbn=10&pageCount=2&pageListNo1=2&pageListNo2=2,公式サイト未特定・再試行,1,2026-08-04,,国土交通省公開検索から自動発見
MLIT-10-00001234,群馬県,001234,小野里工業株式会社,群馬県,2026-08-01,https://etsuran2.mlit.go.jp/TAKKEN/takkenKensaku.do?CMD=selectPage&caller=TK&choice=1&rdoSelect=1&rdoSelectJoken=1&rdoSelectSort=1&sortValue=1&dispCount=50&licenseNoKbn=10&pageCount=2&pageListNo1=2&pageListNo2=2,公式サイト未特定・再試行,1,2026-08-04,,国土交通省公開検索から自動発見
MLIT-10-00001246,群馬県,001246,五料不動産,群馬県,2026-08-01,https://etsuran2.mlit.go.jp/TAKKEN/takkenKensaku.do?CMD=selectPage&caller=TK&choice=1&rdoSelect=1&rdoSelectJoken=1&rdoSelectSort=1&sortValue=1&dispCount=50&licenseNoKbn=10&pageCount=2&pageListNo1=2&pageListNo2=2,公式サイト未特定・再試行,1,2026-08-04,,国土交通省公開検索から自動発見
MLIT-10-00001285,群馬県,001285,大誠不動産商事有限会社,群馬県,2026-08-01,https://etsuran2.mlit.go.jp/TAKKEN/takkenKensaku.do?CMD=selectPage&caller=TK&choice=1&rdoSelect=1&rdoSelectJoken=1&rdoSelectSort=1&sortValue=1&dispCount=50&licenseNoKbn=10&pageCount=2&pageListNo1=2&pageListNo2=2,公式サイト未特定・再試行,1,2026-08-04,,国土交通省公開検索から自動発見
MLIT-10-00001324,群馬県,001324,高前産業株式会社,群馬県,2026-08-01,https://etsuran2.mlit.go.jp/TAKKEN/takkenKensaku.do?CMD=selectPage&caller=TK&choice=1&rdoSelect=1&rdoSelectJoken=1&rdoSelectSort=1&sortValue=1&dispCount=50&licenseNoKbn=10&pageCount=2&pageListNo1=2&pageListNo2=2,公式サイト未特定・再試行,1,2026-08-04,,国土交通省公開検索から自動発見
MLIT-10-00001331,群馬県,001331,株式会社黒沢商事,群馬県,2026-08-01,https://etsuran2.mlit.go.jp/TAKKEN/takkenKensaku.do?CMD=selectPage&caller=TK&choice=1&rdoSelect=1&rdoSelectJoken=1&rdoSelectSort=1&sortValue=1&dispCount=50&licenseNoKbn=10&pageCount=2&pageListNo1=2&pageListNo2=2,公式サイト未特定・再試行,1,2026-08-05,,国土交通省公開検索から自動発見
MLIT-10-00001334,群馬県,001334,日聖産業株式会社,群馬県,2026-08-01,https://etsuran2.mlit.go.jp/TAKKEN/takkenKensaku.do?CMD=selectPage&caller=TK&choice=1&rdoSelect=1&rdoSelectJoken=1&rdoSelectSort=1&sortValue=1&dispCount=50&licenseNoKbn=10&pageCount=2&pageListNo1=2&pageListNo2=2,公式サイト未特定・再試行,1,2026-08-05,,国土交通省公開検索から自動発見
MLIT-10-00001354,群馬県,001354,小此木不動産建設有限会社,群馬県,2026-08-01,https://etsuran2.mlit.go.jp/TAKKEN/takkenKensaku.do?CMD=selectPage&caller=TK&choice=1&rdoSelect=1&rdoSelectJoken=1&rdoSelectSort=1&sortValue=1&dispCount=50&licenseNoKbn=10&pageCount=2&pageListNo1=2&pageListNo2=2,公式サイト未特定・再試行,1,2026-08-05,,国土交通省公開検索から自動発見
MLIT-10-00001355,群馬県,001355,橋本商事株式会社,群馬県,2026-08-01,https://etsuran2.mlit.go.jp/TAKKEN/takkenKensaku.do?CMD=selectPage&caller=TK&choice=1&rdoSelect=1&rdoSelectJoken=1&rdoSelectSort=1&sortValue=1&dispCount=50&licenseNoKbn=10&pageCount=2&pageListNo1=2&pageListNo2=2,公式サイト未特定・再試行,1,2026-08-05,,国土交通省公開検索から自動発見
MLIT-10-00001358,群馬県,001358,有限会社吾妻不動産,群馬県,2026-08-01,https://etsuran2.mlit.go.jp/TAKKEN/takkenKensaku.do?CMD=selectPage&caller=TK&choice=1&rdoSelect=1&rdoSelectJoken=1&rdoSelectSort=1&sortValue=1&dispCount=50&licenseNoKbn=10&pageCount=2&pageListNo1=2&pageListNo2=2,公式サイト未特定・再試行,1,2026-08-05,,国土交通省公開検索から自動発見
MLIT-13-00002509,東京都,002509,銀座土地建物 株式会社,東京都,2026-08-02,https://etsuran2.mlit.go.jp/TAKKEN/takkenKensaku.do?CMD=selectPage&caller=TK&choice=1&rdoSelect=1&rdoSelectJoken=1&rdoSelectSort=1&sortValue=1&dispCount=50&licenseNoKbn=13&pageCount=3&pageListNo1=3&pageListNo2=3,公式サイト未特定・再試行,1,2026-08-05,,国土交通省公開検索から自動発見
MLIT-13-00002518,東京都,002518,興國不動産 株式会社,東京都,2026-08-02,https://etsuran2.mlit.go.jp/TAKKEN/takkenKensaku.do?CMD=selectPage&caller=TK&choice=1&rdoSelect=1&rdoSelectJoken=1&rdoSelectSort=1&sortValue=1&dispCount=50&licenseNoKbn=13&pageCount=3&pageListNo1=3&pageListNo2=3,公式サイト未特定・再試行,1,2026-08-05,,国土交通省公開検索から自動発見
MLIT-13-00002520,東京都,002520,三栄商事 株式会社,東京都,2026-08-02,https://etsuran2.mlit.go.jp/TAKKEN/takkenKensaku.do?CMD=selectPage&caller=TK&choice=1&rdoSelect=1&rdoSelectJoken=1&rdoSelectSort=1&sortValue=1&dispCount=50&licenseNoKbn=13&pageCount=3&pageListNo1=3&pageListNo2=3,公式サイト未特定・再試行,1,2026-08-05,,国土交通省公開検索から自動発見
MLIT-13-00002521,東京都,002521,株式会社 城西地主不動産部,東京都,2026-08-02,https://etsuran2.mlit.go.jp/TAKKEN/takkenKensaku.do?CMD=selectPage&caller=TK&choice=1&rdoSelect=1&rdoSelectJoken=1&rdoSelectSort=1&sortValue=1&dispCount=50&licenseNoKbn=13&pageCount=3&pageListNo1=3&pageListNo2=3,公式サイト未特定・再試行,1,2026-08-06,,国土交通省公開検索から自動発見
MLIT-13-00002612,東京都,002612,株式会社 カントー・エステート,東京都,2026-08-02,https://etsuran2.mlit.go.jp/TAKKEN/takkenKensaku.do?CMD=selectPage&caller=TK&choice=1&rdoSelect=1&rdoSelectJoken=1&rdoSelectSort=1&sortValue=1&dispCount=50&licenseNoKbn=13&pageCount=3&pageListNo1=3&pageListNo2=3,公式サイト未特定・再試行,1,2026-08-06,,国土交通省公開検索から自動発見
MLIT-13-00002622,東京都,002622,東新産業 株式会社,東京都,2026-08-02,https://etsuran2.mlit.go.jp/TAKKEN/takkenKensaku.do?CMD=selectPage&caller=TK&choice=1&rdoSelect=1&rdoSelectJoken=1&rdoSelectSort=1&sortValue=1&dispCount=50&licenseNoKbn=13&pageCount=3&pageListNo1=3&pageListNo2=3,公式サイト未特定・再試行,1,2026-08-06,,国土交通省公開検索から自動発見
MLIT-13-00002647,東京都,002647,瀧島商事 株式会社,東京都,2026-08-02,https://etsuran2.mlit.go.jp/TAKKEN/takkenKensaku.do?CMD=selectPage&caller=TK&choice=1&rdoSelect=1&rdoSelectJoken=1&rdoSelectSort=1&sortValue=1&dispCount=50&licenseNoKbn=13&pageCount=3&pageListNo1=3&pageListNo2=3,公式サイト未特定・再試行,1,2026-08-06,,国土交通省公開検索から自動発見
MLIT-13-00002662,東京都,002662,秀鳳土地 株式会社,東京都,2026-08-02,https://etsuran2.mlit.go.jp/TAKKEN/takkenKensaku.do?CMD=selectPage&caller=TK&choice=1&rdoSelect=1&rdoSelectJoken=1&rdoSelectSort=1&sortValue=1&dispCount=50&licenseNoKbn=13&pageCount=3&pageListNo1=3&pageListNo2=3,公式サイト未特定・再試行,1,2026-08-06,,国土交通省公開検索から自動発見
MLIT-13-00002664,東京都,002664,有限会社 二子玉川不動産,東京都,2026-08-02,https://etsuran2.mlit.go.jp/TAKKEN/takkenKensaku.do?CMD=selectPage&caller=TK&choice=1&rdoSelect=1&rdoSelectJoken=1&rdoSelectSort=1&sortValue=1&dispCount=50&licenseNoKbn=13&pageCount=3&pageListNo1=3&pageListNo2=3,公式サイト未特定・再試行,1,2026-08-06,,国土交通省公開検索から自動発見
MLIT-13-00002667,東京都,002667,株式会社 しんあい土地,東京都,2026-08-02,https://etsuran2.mlit.go.jp/TAKKEN/takkenKensaku.do?CMD=selectPage&caller=TK&choice=1&rdoSelect=1&rdoSelectJoken=1&rdoSelectSort=1&sortValue=1&dispCount=50&licenseNoKbn=13&pageCount=3&pageListNo1=3&pageListNo2=3,公式サイト未特定・再試行,1,2026-08-06,,国土交通省公開検索から自動発見
MLIT-14-00002679,神奈川県,002679,株式会社 トーソー,神奈川県,2026-08-03,https://etsuran2.mlit.go.jp/TAKKEN/takkenKensaku.do?CMD=selectPage&caller=TK&choice=1&rdoSelect=1&rdoSelectJoken=1&rdoSelectSort=1&sortValue=1&dispCount=50&licenseNoKbn=14&pageCount=3&pageListNo1=3&pageListNo2=3,公式サイト未特定・再試行,1,2026-08-06,,国土交通省公開検索から自動発見
MLIT-14-00002692,神奈川県,002692,日比野不動産 株式会社,神奈川県,2026-08-03,https://etsuran2.mlit.go.jp/TAKKEN/takkenKensaku.do?CMD=selectPage&caller=TK&choice=1&rdoSelect=1&rdoSelectJoken=1&rdoSelectSort=1&sortValue=1&dispCount=50&licenseNoKbn=14&pageCount=3&pageListNo1=3&pageListNo2=3,公式サイト未特定・再試行,1,2026-08-06,,国土交通省公開検索から自動発見
MLIT-14-00002699,神奈川県,002699,有限会社 平不動産,神奈川県,2026-08-03,https://etsuran2.mlit.go.jp/TAKKEN/takkenKensaku.do?CMD=selectPage&caller=TK&choice=1&rdoSelect=1&rdoSelectJoken=1&rdoSelectSort=1&sortValue=1&dispCount=50&licenseNoKbn=14&pageCount=3&pageListNo1=3&pageListNo2=3,公式サイト未特定・再試行,1,2026-08-06,,国土交通省公開検索から自動発見
MLIT-14-00002701,神奈川県,002701,株式会社 嶋崎不動産,神奈川県,2026-08-03,https://etsuran2.mlit.go.jp/TAKKEN/takkenKensaku.do?CMD=selectPage&caller=TK&choice=1&rdoSelect=1&rdoSelectJoken=1&rdoSelectSort=1&sortValue=1&dispCount=50&licenseNoKbn=14&pageCount=3&pageListNo1=3&pageListNo2=3,公式サイト未特定・再試行,1,2026-08-06,,国土交通省公開検索から自動発見
MLIT-14-00002784,神奈川県,002784,有限会社 大倉商事,神奈川県,2026-08-03,https://etsuran2.mlit.go.jp/TAKKEN/takkenKensaku.do?CMD=selectPage&caller=TK&choice=1&rdoSelect=1&rdoSelectJoken=1&rdoSelectSort=1&sortValue=1&dispCount=50&licenseNoKbn=14&pageCount=3&pageListNo1=3&pageListNo2=3,公式サイト未特定・再試行,1,2026-08-06,,国土交通省公開検索から自動発見
MLIT-14-00002788,神奈川県,002788,株式会社 小川組,神奈川県,2026-08-03,https://etsuran2.mlit.go.jp/TAKKEN/takkenKensaku.do?CMD=selectPage&caller=TK&choice=1&rdoSelect=1&rdoSelectJoken=1&rdoSelectSort=1&sortValue=1&dispCount=50&licenseNoKbn=14&pageCount=3&pageListNo1=3&pageListNo2=3,公式サイト未特定・再試行,1,2026-08-06,,国土交通省公開検索から自動発見
MLIT-14-00002794,神奈川県,002794,三宝商事 株式会社,神奈川県,2026-08-03,https://etsuran2.mlit.go.jp/TAKKEN/takkenKensaku.do?CMD=selectPage&caller=TK&choice=1&rdoSelect=1&rdoSelectJoken=1&rdoSelectSort=1&sortValue=1&dispCount=50&licenseNoKbn=14&pageCount=3&pageListNo1=3&pageListNo2=3,公式サイト未特定・再試行,1,2026-08-06,,国土交通省公開検索から自動発見
MLIT-14-00002811,神奈川県,002811,沢野商亊 株式会社,神奈川県,2026-08-03,https://etsuran2.mlit.go.jp/TAKKEN/takkenKensaku.do?CMD=selectPage&caller=TK&choice=1&rdoSelect=1&rdoSelectJoken=1&rdoSelectSort=1&sortValue=1&dispCount=50&licenseNoKbn=14&pageCount=3&pageListNo1=3&pageListNo2=3,公式サイト未特定・再試行,1,2026-08-06,,国土交通省公開検索から自動発見
MLIT-14-00002826,神奈川県,002826,新見商事 有限会社,神奈川県,2026-08-03,https://etsuran2.mlit.go.jp/TAKKEN/takkenKensaku.do?CMD=selectPage&caller=TK&choice=1&rdoSelect=1&rdoSelectJoken=1&rdoSelectSort=1&sortValue=1&dispCount=50&licenseNoKbn=14&pageCount=3&pageListNo1=3&pageListNo2=3,公式サイト未特定・再試行,1,2026-08-07,,国土交通省公開検索から自動発見
MLIT-11-00002755,埼玉県,002755,有限会社東光商事,埼玉県,2026-08-04,https://etsuran2.mlit.go.jp/TAKKEN/takkenKensaku.do?CMD=selectPage&caller=TK&choice=1&rdoSelect=1&rdoSelectJoken=1&rdoSelectSort=1&sortValue=1&dispCount=50&licenseNoKbn=11&pageCount=3&pageListNo1=3&pageListNo2=3,公式サイト未特定・再試行,1,2026-08-07,,国土交通省公開検索から自動発見
MLIT-11-00002761,埼玉県,002761,有限会社越谷商事,埼玉県,2026-08-04,https://etsuran2.mlit.go.jp/TAKKEN/takkenKensaku.do?CMD=selectPage&caller=TK&choice=1&rdoSelect=1&rdoSelectJoken=1&rdoSelectSort=1&sortValue=1&dispCount=50&licenseNoKbn=11&pageCount=3&pageListNo1=3&pageListNo2=3,公式サイト未特定・再試行,1,2026-08-07,,国土交通省公開検索から自動発見
MLIT-11-00002765,埼玉県,002765,株式会社産経建設,埼玉県,2026-08-04,https://etsuran2.mlit.go.jp/TAKKEN/takkenKensaku.do?CMD=selectPage&caller=TK&choice=1&rdoSelect=1&rdoSelectJoken=1&rdoSelectSort=1&sortValue=1&dispCount=50&licenseNoKbn=11&pageCount=3&pageListNo1=3&pageListNo2=3,公式サイト未特定・再試行,1,2026-08-07,,国土交通省公開検索から自動発見
MLIT-11-00002848,埼玉県,002848,有限会社エステー商事,埼玉県,2026-08-04,https://etsuran2.mlit.go.jp/TAKKEN/takkenKensaku.do?CMD=selectPage&caller=TK&choice=1&rdoSelect=1&rdoSelectJoken=1&rdoSelectSort=1&sortValue=1&dispCount=50&licenseNoKbn=11&pageCount=3&pageListNo1=3&pageListNo2=3,公式サイト未特定・再試行,1,2026-08-07,,国土交通省公開検索から自動発見
MLIT-11-00002873,埼玉県,002873,かつみ開発,埼玉県,2026-08-04,https://etsuran2.mlit.go.jp/TAKKEN/takkenKensaku.do?CMD=selectPage&caller=TK&choice=1&rdoSelect=1&rdoSelectJoken=1&rdoSelectSort=1&sortValue=1&dispCount=50&licenseNoKbn=11&pageCount=3&pageListNo1=3&pageListNo2=3,公式サイト未特定・再試行,1,2026-08-07,,国土交通省公開検索から自動発見
MLIT-11-00002883,埼玉県,002883,秩父鉄道株式会社,埼玉県,2026-08-04,https://etsuran2.mlit.go.jp/TAKKEN/takkenKensaku.do?CMD=selectPage&caller=TK&choice=1&rdoSelect=1&rdoSelectJoken=1&rdoSelectSort=1&sortValue=1&dispCount=50&licenseNoKbn=11&pageCount=3&pageListNo1=3&pageListNo2=3,公式サイト未特定・再試行,1,2026-08-07,,国土交通省公開検索から自動発見
MLIT-11-00002884,埼玉県,002884,株式会社尾上商事,埼玉県,2026-08-04,https://etsuran2.mlit.go.jp/TAKKEN/takkenKensaku.do?CMD=selectPage&caller=TK&choice=1&rdoSelect=1&rdoSelectJoken=1&rdoSelectSort=1&sortValue=1&dispCount=50&licenseNoKbn=11&pageCount=3&pageListNo1=3&pageListNo2=3,公式サイト未特定・再試行,1,2026-08-07,,国土交通省公開検索から自動発見
MLIT-11-00002886,埼玉県,002886,株式会社大関建設,埼玉県,2026-08-04,https://etsuran2.mlit.go.jp/TAKKEN/takkenKensaku.do?CMD=selectPage&caller=TK&choice=1&rdoSelect=1&rdoSelectJoken=1&rdoSelectSort=1&sortValue=1&dispCount=50&licenseNoKbn=11&pageCount=3&pageListNo1=3&pageListNo2=3,公式サイト未特定・再試行,1,2026-08-08,,国土交通省公開検索から自動発見
MLIT-11-00002902,埼玉県,002902,株式会社柴川不動産,埼玉県,2026-08-04,https://etsuran2.mlit.go.jp/TAKKEN/takkenKensaku.do?CMD=selectPage&caller=TK&choice=1&rdoSelect=1&rdoSelectJoken=1&rdoSelectSort=1&sortValue=1&dispCount=50&licenseNoKbn=11&pageCount=3&pageListNo1=3&pageListNo2=3,公式サイト未特定・再試行,1,2026-08-08,,国土交通省公開検索から自動発見
MLIT-11-00002935,埼玉県,002935,神谷商事有限会社,埼玉県,2026-08-04,https://etsuran2.mlit.go.jp/TAKKEN/takkenKensaku.do?CMD=selectPage&caller=TK&choice=1&rdoSelect=1&rdoSelectJoken=1&rdoSelectSort=1&sortValue=1&dispCount=50&licenseNoKbn=11&pageCount=3&pageListNo1=3&pageListNo2=3,公式サイト未特定・再試行,1,2026-08-08,,国土交通省公開検索から自動発見
MLIT-12-00002554,千葉県,002554,六幸企業株式会社,千葉県,2026-08-05,https://etsuran2.mlit.go.jp/TAKKEN/takkenKensaku.do?CMD=selectPage&caller=TK&choice=1&rdoSelect=1&rdoSelectJoken=1&rdoSelectSort=1&sortValue=1&dispCount=50&licenseNoKbn=12&pageCount=3&pageListNo1=3&pageListNo2=3,公式サイト未特定・再試行,1,2026-08-08,,国土交通省公開検索から自動発見
MLIT-12-00002564,千葉県,002564,株式会社墨田地所,千葉県,2026-08-05,https://etsuran2.mlit.go.jp/TAKKEN/takkenKensaku.do?CMD=selectPage&caller=TK&choice=1&rdoSelect=1&rdoSelectJoken=1&rdoSelectSort=1&sortValue=1&dispCount=50&licenseNoKbn=12&pageCount=3&pageListNo1=3&pageListNo2=3,公式サイト未特定・再試行,1,2026-08-08,,国土交通省公開検索から自動発見
MLIT-12-00002577,千葉県,002577,有限会社大日総業,千葉県,2026-08-05,https://etsuran2.mlit.go.jp/TAKKEN/takkenKensaku.do?CMD=selectPage&caller=TK&choice=1&rdoSelect=1&rdoSelectJoken=1&rdoSelectSort=1&sortValue=1&dispCount=50&licenseNoKbn=12&pageCount=3&pageListNo1=3&pageListNo2=3,公式サイト未特定・再試行,1,2026-08-08,,国土交通省公開検索から自動発見
MLIT-12-00002578,千葉県,002578,株式会社もとゆき,千葉県,2026-08-05,https://etsuran2.mlit.go.jp/TAKKEN/takkenKensaku.do?CMD=selectPage&caller=TK&choice=1&rdoSelect=1&rdoSelectJoken=1&rdoSelectSort=1&sortValue=1&dispCount=50&licenseNoKbn=12&pageCount=3&pageListNo1=3&pageListNo2=3,公式サイト未特定・再試行,1,2026-08-08,,国土交通省公開検索から自動発見
MLIT-12-00002618,千葉県,002618,山水開発株式会社,千葉県,2026-08-05,https://etsuran2.mlit.go.jp/TAKKEN/takkenKensaku.do?CMD=selectPage&caller=TK&choice=1&rdoSelect=1&rdoSelectJoken=1&rdoSelectSort=1&sortValue=1&dispCount=50&licenseNoKbn=12&pageCount=3&pageListNo1=3&pageListNo2=3,公式サイト未特定・再試行,1,2026-08-08,,国土交通省公開検索から自動発見
MLIT-12-00002635,千葉県,002635,日都建設株式会社,千葉県,2026-08-05,https://etsuran2.mlit.go.jp/TAKKEN/takkenKensaku.do?CMD=selectPage&caller=TK&choice=1&rdoSelect=1&rdoSelectJoken=1&rdoSelectSort=1&sortValue=1&dispCount=50&licenseNoKbn=12&pageCount=3&pageListNo1=3&pageListNo2=3,公式サイト未特定・再試行,1,2026-08-09,,国土交通省公開検索から自動発見
MLIT-12-00002657,千葉県,002657,株式会社富里不動産,千葉県,2026-08-05,https://etsuran2.mlit.go.jp/TAKKEN/takkenKensaku.do?CMD=selectPage&caller=TK&choice=1&rdoSelect=1&rdoSelectJoken=1&rdoSelectSort=1&sortValue=1&dispCount=50&licenseNoKbn=12&pageCount=3&pageListNo1=3&pageListNo2=3,公式サイト未特定・再試行,1,2026-08-09,,国土交通省公開検索から自動発見
MLIT-12-00002658,千葉県,002658,株式会社千葉住宅サービス社,千葉県,2026-08-05,https://etsuran2.mlit.go.jp/TAKKEN/takkenKensaku.do?CMD=selectPage&caller=TK&choice=1&rdoSelect=1&rdoSelectJoken=1&rdoSelectSort=1&sortValue=1&dispCount=50&licenseNoKbn=12&pageCount=3&pageListNo1=3&pageListNo2=3,公式サイト未特定・再試行,1,2026-08-09,,国土交通省公開検索から自動発見
MLIT-08-00002350,茨城県,002350,共立開発,茨城県,2026-08-06,https://etsuran2.mlit.go.jp/TAKKEN/takkenKensaku.do?CMD=selectPage&caller=TK&choice=1&rdoSelect=1&rdoSelectJoken=1&rdoSelectSort=1&sortValue=1&dispCount=50&licenseNoKbn=08&pageCount=3&pageListNo1=3&pageListNo2=3,公式サイト未特定・再試行,1,2026-08-09,,国土交通省公開検索から自動発見
MLIT-08-00002375,茨城県,002375,株式会社マイホーム,茨城県,2026-08-06,https://etsuran2.mlit.go.jp/TAKKEN/takkenKensaku.do?CMD=selectPage&caller=TK&choice=1&rdoSelect=1&rdoSelectJoken=1&rdoSelectSort=1&sortValue=1&dispCount=50&licenseNoKbn=08&pageCount=3&pageListNo1=3&pageListNo2=3,公式サイト未特定・再試行,1,2026-08-09,,国土交通省公開検索から自動発見
MLIT-08-00002396,茨城県,002396,株式会社那珂ハウジング,茨城県,2026-08-06,https://etsuran2.mlit.go.jp/TAKKEN/takkenKensaku.do?CMD=selectPage&caller=TK&choice=1&rdoSelect=1&rdoSelectJoken=1&rdoSelectSort=1&sortValue=1&dispCount=50&licenseNoKbn=08&pageCount=3&pageListNo1=3&pageListNo2=3,公式サイト未特定・再試行,1,2026-08-09,,国土交通省公開検索から自動発見
MLIT-08-00002400,茨城県,002400,和宏株式会社,茨城県,2026-08-06,https://etsuran2.mlit.go.jp/TAKKEN/takkenKensaku.do?CMD=selectPage&caller=TK&choice=1&rdoSelect=1&rdoSelectJoken=1&rdoSelectSort=1&sortValue=1&dispCount=50&licenseNoKbn=08&pageCount=3&pageListNo1=3&pageListNo2=3,公式サイト未特定・再試行,1,2026-08-10,,国土交通省公開検索から自動発見
MLIT-08-00002423,茨城県,002423,有限会社秀栄産業,茨城県,2026-08-06,https://etsuran2.mlit.go.jp/TAKKEN/takkenKensaku.do?CMD=selectPage&caller=TK&choice=1&rdoSelect=1&rdoSelectJoken=1&rdoSelectSort=1&sortValue=1&dispCount=50&licenseNoKbn=08&pageCount=3&pageListNo1=3&pageListNo2=3,公式サイト未特定・再試行,1,2026-08-10,,国土交通省公開検索から自動発見
MLIT-08-00002444,茨城県,002444,上野不動産,茨城県,2026-08-06,https://etsuran2.mlit.go.jp/TAKKEN/takkenKensaku.do?CMD=selectPage&caller=TK&choice=1&rdoSelect=1&rdoSelectJoken=1&rdoSelectSort=1&sortValue=1&dispCount=50&licenseNoKbn=08&pageCount=3&pageListNo1=3&pageListNo2=3,公式サイト未特定・再試行,1,2026-08-10,,国土交通省公開検索から自動発見
MLIT-09-00001739,栃木県,001739,柿木産業 株式会社,栃木県,2026-08-06,https://etsuran2.mlit.go.jp/TAKKEN/takkenKensaku.do?CMD=selectPage&caller=TK&choice=1&rdoSelect=1&rdoSelectJoken=1&rdoSelectSort=1&sortValue=1&dispCount=50&licenseNoKbn=09&pageCount=3&pageListNo1=3&pageListNo2=3,公式サイト未特定・再試行,1,2026-08-10,,国土交通省公開検索から自動発見
MLIT-09-00001740,栃木県,001740,株式会社 小栗測量事務所,栃木県,2026-08-06,https://etsuran2.mlit.go.jp/TAKKEN/takkenKensaku.do?CMD=selectPage&caller=TK&choice=1&rdoSelect=1&rdoSelectJoken=1&rdoSelectSort=1&sortValue=1&dispCount=50&licenseNoKbn=09&pageCount=3&pageListNo1=3&pageListNo2=3,公式サイト未特定・再試行,1,2026-08-11,,国土交通省公開検索から自動発見
MLIT-09-00001757,栃木県,001757,住建 株式会社,栃木県,2026-08-06,https://etsuran2.mlit.go.jp/TAKKEN/takkenKensaku.do?CMD=selectPage&caller=TK&choice=1&rdoSelect=1&rdoSelectJoken=1&rdoSelectSort=1&sortValue=1&dispCount=50&licenseNoKbn=09&pageCount=3&pageListNo1=3&pageListNo2=3,公式サイト未特定・再試行,1,2026-08-11,,国土交通省公開検索から自動発見
MLIT-09-00001764,栃木県,001764,株式会社 三愛地所,栃木県,2026-08-06,https://etsuran2.mlit.go.jp/TAKKEN/takkenKensaku.do?CMD=selectPage&caller=TK&choice=1&rdoSelect=1&rdoSelectJoken=1&rdoSelectSort=1&sortValue=1&dispCount=50&licenseNoKbn=09&pageCount=3&pageListNo1=3&pageListNo2=3,公式サイト未特定・再試行,1,2026-08-11,,国土交通省公開検索から自動発見
MLIT-09-00001770,栃木県,001770,有限会社 坂本不動産,栃木県,2026-08-06,https://etsuran2.mlit.go.jp/TAKKEN/takkenKensaku.do?CMD=selectPage&caller=TK&choice=1&rdoSelect=1&rdoSelectJoken=1&rdoSelectSort=1&sortValue=1&dispCount=50&licenseNoKbn=09&pageCount=3&pageListNo1=3&pageListNo2=3,公式サイト未特定・再試行,1,2026-08-11,,国土交通省公開検索から自動発見
MLIT-09-00001772,栃木県,001772,北都不動産,栃木県,2026-08-06,https://etsuran2.mlit.go.jp/TAKKEN/takkenKensaku.do?CMD=selectPage&caller=TK&choice=1&rdoSelect=1&rdoSelectJoken=1&rdoSelectSort=1&sortValue=1&dispCount=50&licenseNoKbn=09&pageCount=3&pageListNo1=3&pageListNo2=3,公式サイト未特定・再試行,1,2026-08-11,,国土交通省公開検索から自動発見
MLIT-09-00001774,栃木県,001774,有限会社 ナスネット,栃木県,2026-08-06,https://etsuran2.mlit.go.jp/TAKKEN/takkenKensaku.do?CMD=selectPage&caller=TK&choice=1&rdoSelect=1&rdoSelectJoken=1&rdoSelectSort=1&sortValue=1&dispCount=50&licenseNoKbn=09&pageCount=3&pageListNo1=3&pageListNo2=3,公式サイト未特定・再試行,1,2026-08-11,,国土交通省公開検索から自動発見
MLIT-09-00001782,栃木県,001782,有限会社 岩岡商事,栃木県,2026-08-06,https://etsuran2.mlit.go.jp/TAKKEN/takkenKensaku.do?CMD=selectPage&caller=TK&choice=1&rdoSelect=1&rdoSelectJoken=1&rdoSelectSort=1&sortValue=1&dispCount=50&licenseNoKbn=09&pageCount=3&pageListNo1=3&pageListNo2=3,公式サイト未特定・再試行,1,2026-08-11,,国土交通省公開検索から自動発見
MLIT-09-00001786,栃木県,001786,ミユキ興業 株式会社,栃木県,2026-08-06,https://etsuran2.mlit.go.jp/TAKKEN/takkenKensaku.do?CMD=selectPage&caller=TK&choice=1&rdoSelect=1&rdoSelectJoken=1&rdoSelectSort=1&sortValue=1&dispCount=50&licenseNoKbn=09&pageCount=3&pageListNo1=3&pageListNo2=3,公式サイト未特定・再試行,1,2026-08-11,,国土交通省公開検索から自動発見
MLIT-10-00001991,群馬県,001991,新創建設株式会社,群馬県,2026-08-07,https://etsuran2.mlit.go.jp/TAKKEN/takkenKensaku.do?CMD=selectPage&caller=TK&choice=1&rdoSelect=1&rdoSelectJoken=1&rdoSelectSort=1&sortValue=1&dispCount=50&licenseNoKbn=10&pageCount=3&pageListNo1=3&pageListNo2=3,公式サイト未特定・再試行,1,2026-08-12,,国土交通省公開検索から自動発見
MLIT-10-00001995,群馬県,001995,上原建設株式会社,群馬県,2026-08-07,https://etsuran2.mlit.go.jp/TAKKEN/takkenKensaku.do?CMD=selectPage&caller=TK&choice=1&rdoSelect=1&rdoSelectJoken=1&rdoSelectSort=1&sortValue=1&dispCount=50&licenseNoKbn=10&pageCount=3&pageListNo1=3&pageListNo2=3,公式サイト未特定・再試行,1,2026-08-12,,国土交通省公開検索から自動発見
MLIT-10-00002002,群馬県,002002,株式会社群馬住宅センター,群馬県,2026-08-07,https://etsuran2.mlit.go.jp/TAKKEN/takkenKensaku.do?CMD=selectPage&caller=TK&choice=1&rdoSelect=1&rdoSelectJoken=1&rdoSelectSort=1&sortValue=1&dispCount=50&licenseNoKbn=10&pageCount=3&pageListNo1=3&pageListNo2=3,公式サイト未特定・再試行,1,2026-08-12,,国土交通省公開検索から自動発見
MLIT-10-00002024,群馬県,002024,朝日興業株式会社,群馬県,2026-08-07,https://etsuran2.mlit.go.jp/TAKKEN/takkenKensaku.do?CMD=selectPage&caller=TK&choice=1&rdoSelect=1&rdoSelectJoken=1&rdoSelectSort=1&sortValue=1&dispCount=50&licenseNoKbn=10&pageCount=3&pageListNo1=3&pageListNo2=3,公式サイト未特定・再試行,1,2026-08-12,,国土交通省公開検索から自動発見
MLIT-10-00002029,群馬県,002029,松浪建設株式会社,群馬県,2026-08-07,https://etsuran2.mlit.go.jp/TAKKEN/takkenKensaku.do?CMD=selectPage&caller=TK&choice=1&rdoSelect=1&rdoSelectJoken=1&rdoSelectSort=1&sortValue=1&dispCount=50&licenseNoKbn=10&pageCount=3&pageListNo1=3&pageListNo2=3,公式サイト未特定・再試行,1,2026-08-12,,国土交通省公開検索から自動発見
MLIT-10-00002056,群馬県,002056,新和興業株式会社,群馬県,2026-08-07,https://etsuran2.mlit.go.jp/TAKKEN/takkenKensaku.do?CMD=selectPage&caller=TK&choice=1&rdoSelect=1&rdoSelectJoken=1&rdoSelectSort=1&sortValue=1&dispCount=50&licenseNoKbn=10&pageCount=3&pageListNo1=3&pageListNo2=3,公式サイト未特定・再試行,1,2026-08-13,,国土交通省公開検索から自動発見
MLIT-10-00002077,群馬県,002077,株式会社新久,群馬県,2026-08-07,https://etsuran2.mlit.go.jp/TAKKEN/takkenKensaku.do?CMD=selectPage&caller=TK&choice=1&rdoSelect=1&rdoSelectJoken=1&rdoSelectSort=1&sortValue=1&dispCount=50&licenseNoKbn=10&pageCount=3&pageListNo1=3&pageListNo2=3,公式サイト未特定・再試行,1,2026-08-13,,国土交通省公開検索から自動発見
MLIT-10-00002100,群馬県,002100,秋山土地開発株式会社,群馬県,2026-08-07,https://etsuran2.mlit.go.jp/TAKKEN/takkenKensaku.do?CMD=selectPage&caller=TK&choice=1&rdoSelect=1&rdoSelectJoken=1&rdoSelectSort=1&sortValue=1&dispCount=50&licenseNoKbn=10&pageCount=3&pageListNo1=3&pageListNo2=3,公式サイト未特定・再試行,1,2026-08-13,,国土交通省公開検索から自動発見
MLIT-00-00000001,国土交通大臣,000001,三井住友建設株式会社,全国,2026-08-08,https://etsuran2.mlit.go.jp/TAKKEN/takkenKensaku.do?CMD=selectPage&caller=TK&choice=1&rdoSelect=1&rdoSelectJoken=1&rdoSelectSort=1&sortValue=1&dispCount=50&licenseNoKbn=00&pageCount=1&pageListNo1=1&pageListNo2=1,公式サイト未特定・再試行,1,2026-08-13,,国土交通省公開検索から自動発見
MLIT-00-00000002,国土交通大臣,000002,有限会社一水社不動産部,全国,2026-08-08,https://etsuran2.mlit.go.jp/TAKKEN/takkenKensaku.do?CMD=selectPage&caller=TK&choice=1&rdoSelect=1&rdoSelectJoken=1&rdoSelectSort=1&sortValue=1&dispCount=50&licenseNoKbn=00&pageCount=1&pageListNo1=1&pageListNo2=1,公式サイト未特定・再試行,1,2026-08-13,,国土交通省公開検索から自動発見
MLIT-00-00000006,国土交通大臣,000006,東京建物株式会社,全国,2026-08-08,https://etsuran2.mlit.go.jp/TAKKEN/takkenKensaku.do?CMD=selectPage&caller=TK&choice=1&rdoSelect=1&rdoSelectJoken=1&rdoSelectSort=1&sortValue=1&dispCount=50&licenseNoKbn=00&pageCount=1&pageListNo1=1&pageListNo2=1,公式サイト未特定・再試行,1,2026-08-13,,国土交通省公開検索から自動発見
MLIT-00-00000011,国土交通大臣,000011,三井不動産株式会社,全国,2026-08-08,https://etsuran2.mlit.go.jp/TAKKEN/takkenKensaku.do?CMD=selectPage&caller=TK&choice=1&rdoSelect=1&rdoSelectJoken=1&rdoSelectSort=1&sortValue=1&dispCount=50&licenseNoKbn=00&pageCount=1&pageListNo1=1&pageListNo2=1,公式サイト未特定・再試行,1,2026-08-13,,国土交通省公開検索から自動発見
MLIT-00-00000012,国土交通大臣,000012,神田土地建物株式会社,全国,2026-08-08,https://etsuran2.mlit.go.jp/TAKKEN/takkenKensaku.do?CMD=selectPage&caller=TK&choice=1&rdoSelect=1&rdoSelectJoken=1&rdoSelectSort=1&sortValue=1&dispCount=50&licenseNoKbn=00&pageCount=1&pageListNo1=1&pageListNo2=1,公式サイト未特定・再試行,1,2026-08-13,,国土交通省公開検索から自動発見
MLIT-00-00000015,国土交通大臣,000015,光正不動産株式会社,全国,2026-08-08,https://etsuran2.mlit.go.jp/TAKKEN/takkenKensaku.do?CMD=selectPage&caller=TK&choice=1&rdoSelect=1&rdoSelectJoken=1&rdoSelectSort=1&sortValue=1&dispCount=50&licenseNoKbn=00&pageCount=1&pageListNo1=1&pageListNo2=1,公式サイト未特定・再試行,1,2026-08-14,,国土交通省公開検索から自動発見
MLIT-00-00000022,国土交通大臣,000022,富士観光開発株式会社,全国,2026-08-08,https://etsuran2.mlit.go.jp/TAKKEN/takkenKensaku.do?CMD=selectPage&caller=TK&choice=1&rdoSelect=1&rdoSelectJoken=1&rdoSelectSort=1&sortValue=1&dispCount=50&licenseNoKbn=00&pageCount=1&pageListNo1=1&pageListNo2=1,公式サイト未特定・再試行,1,2026-08-14,,国土交通省公開検索から自動発見
MLIT-00-00000028,国土交通大臣,000028,東和地所建設株式会社,全国,2026-08-08,https://etsuran2.mlit.go.jp/TAKKEN/takkenKensaku.do?CMD=selectPage&caller=TK&choice=1&rdoSelect=1&rdoSelectJoken=1&rdoSelectSort=1&sortValue=1&dispCount=50&licenseNoKbn=00&pageCount=1&pageListNo1=1&pageListNo2=1,公式サイト未特定・再試行,1,2026-08-14,,国土交通省公開検索から自動発見
MLIT-00-00000035,国土交通大臣,000035,ホンダ開発株式会社,全国,2026-08-08,https://etsuran2.mlit.go.jp/TAKKEN/takkenKensaku.do?CMD=selectPage&caller=TK&choice=1&rdoSelect=1&rdoSelectJoken=1&rdoSelectSort=1&sortValue=1&dispCount=50&licenseNoKbn=00&pageCount=1&pageListNo1=1&pageListNo2=1,公式サイト未特定・再試行,1,2026-08-14,,国土交通省公開検索から自動発見
MLIT-01-00000014,北海道,000014,北海道特産農事株式会社,北海道,2026-08-09,https://etsuran2.mlit.go.jp/TAKKEN/takkenKensaku.do?CMD=selectPage&caller=TK&choice=1&rdoSelect=1&rdoSelectJoken=1&rdoSelectSort=1&sortValue=1&dispCount=50&licenseNoKbn=01&pageCount=1&pageListNo1=1&pageListNo2=1,公式サイト未特定・再試行,1,2026-08-14,,国土交通省公開検索から自動発見
MLIT-01-00000059,北海道,000059,株式会社伊藤組,北海道,2026-08-09,https://etsuran2.mlit.go.jp/TAKKEN/takkenKensaku.do?CMD=selectPage&caller=TK&choice=1&rdoSelect=1&rdoSelectJoken=1&rdoSelectSort=1&sortValue=1&dispCount=50&licenseNoKbn=01&pageCount=1&pageListNo1=1&pageListNo2=1,公式サイト未特定・再試行,1,2026-08-14,,国土交通省公開検索から自動発見
MLIT-01-00000064,北海道,000064,東京拓地株式会社,北海道,2026-08-09,https://etsuran2.mlit.go.jp/TAKKEN/takkenKensaku.do?CMD=selectPage&caller=TK&choice=1&rdoSelect=1&rdoSelectJoken=1&rdoSelectSort=1&sortValue=1&dispCount=50&licenseNoKbn=01&pageCount=1&pageListNo1=1&pageListNo2=1,公式サイト未特定・再試行,1,2026-08-14,,国土交通省公開検索から自動発見
MLIT-01-00000207,北海道,000207,株式会社 じょうてつ,北海道,2026-08-09,https://etsuran2.mlit.go.jp/TAKKEN/takkenKensaku.do?CMD=selectPage&caller=TK&choice=1&rdoSelect=1&rdoSelectJoken=1&rdoSelectSort=1&sortValue=1&dispCount=50&licenseNoKbn=01&pageCount=1&pageListNo1=1&pageListNo2=1,公式サイト未特定・再試行,1,2026-08-15,,国土交通省公開検索から自動発見
MLIT-01-00000230,北海道,000230,手稲不動産株式会社,北海道,2026-08-09,https://etsuran2.mlit.go.jp/TAKKEN/takkenKensaku.do?CMD=selectPage&caller=TK&choice=1&rdoSelect=1&rdoSelectJoken=1&rdoSelectSort=1&sortValue=1&dispCount=50&licenseNoKbn=01&pageCount=1&pageListNo1=1&pageListNo2=1,公式サイト未特定・再試行,1,2026-08-15,,国土交通省公開検索から自動発見
MLIT-01-00000237,北海道,000237,北海道勤労者住宅生活協同組合,北海道,2026-08-09,https://etsuran2.mlit.go.jp/TAKKEN/takkenKensaku.do?CMD=selectPage&caller=TK&choice=1&rdoSelect=1&rdoSelectJoken=1&rdoSelectSort=1&sortValue=1&dispCount=50&licenseNoKbn=01&pageCount=1&pageListNo1=1&pageListNo2=1,公式サイト未特定・再試行,1,2026-08-15,,国土交通省公開検索から自動発見
MLIT-01-00000252,北海道,000252,珊慶興産株式会社,北海道,2026-08-09,https://etsuran2.mlit.go.jp/TAKKEN/takkenKensaku.do?CMD=selectPage&caller=TK&choice=1&rdoSelect=1&rdoSelectJoken=1&rdoSelectSort=1&sortValue=1&dispCount=50&licenseNoKbn=01&pageCount=1&pageListNo1=1&pageListNo2=1,公式サイト未特定・再試行,1,2026-08-15,,国土交通省公開検索から自動発見
MLIT-04-00000053,宮城県,000053,今野不動産株式会社,宮城県,2026-08-10,https://etsuran2.mlit.go.jp/TAKKEN/takkenKensaku.do?CMD=selectPage&caller=TK&choice=1&rdoSelect=1&rdoSelectJoken=1&rdoSelectSort=1&sortValue=1&dispCount=50&licenseNoKbn=04&pageCount=1&pageListNo1=1&pageListNo2=1,公式サイト未特定・再試行,1,2026-08-15,,国土交通省公開検索から自動発見
MLIT-04-00000070,宮城県,000070,株式会社不動産交社,宮城県,2026-08-10,https://etsuran2.mlit.go.jp/TAKKEN/takkenKensaku.do?CMD=selectPage&caller=TK&choice=1&rdoSelect=1&rdoSelectJoken=1&rdoSelectSort=1&sortValue=1&dispCount=50&licenseNoKbn=04&pageCount=1&pageListNo1=1&pageListNo2=1,公式サイト未特定・再試行,1,2026-08-16,,国土交通省公開検索から自動発見
MLIT-04-00000080,宮城県,000080,八興土地株式会社,宮城県,2026-08-10,https://etsuran2.mlit.go.jp/TAKKEN/takkenKensaku.do?CMD=selectPage&caller=TK&choice=1&rdoSelect=1&rdoSelectJoken=1&rdoSelectSort=1&sortValue=1&dispCount=50&licenseNoKbn=04&pageCount=1&pageListNo1=1&pageListNo2=1,公式サイト未特定・再試行,1,2026-08-16,,国土交通省公開検索から自動発見
MLIT-04-00000085,宮城県,000085,青葉不動産鑑定株式会社,宮城県,2026-08-10,https://etsuran2.mlit.go.jp/TAKKEN/takkenKensaku.do?CMD=selectPage&caller=TK&choice=1&rdoSelect=1&rdoSelectJoken=1&rdoSelectSort=1&sortValue=1&dispCount=50&licenseNoKbn=04&pageCount=1&pageListNo1=1&pageListNo2=1,公式サイト未特定・再試行,1,2026-08-16,,国土交通省公開検索から自動発見
MLIT-04-00000106,宮城県,000106,株式会社建財社,宮城県,2026-08-10,https://etsuran2.mlit.go.jp/TAKKEN/takkenKensaku.do?CMD=selectPage&caller=TK&choice=1&rdoSelect=1&rdoSelectJoken=1&rdoSelectSort=1&sortValue=1&dispCount=50&licenseNoKbn=04&pageCount=1&pageListNo1=1&pageListNo2=1,公式サイト未特定・再試行,1,2026-08-16,,国土交通省公開検索から自動発見
MLIT-04-00000142,宮城県,000142,日本商事株式会社,宮城県,2026-08-10,https://etsuran2.mlit.go.jp/TAKKEN/takkenKensaku.do?CMD=selectPage&caller=TK&choice=1&rdoSelect=1&rdoSelectJoken=1&rdoSelectSort=1&sortValue=1&dispCount=50&licenseNoKbn=04&pageCount=1&pageListNo1=1&pageListNo2=1,公式サイト未特定・再試行,1,2026-08-16,,国土交通省公開検索から自動発見
MLIT-04-00000154,宮城県,000154,有限会社三陸不動産,宮城県,2026-08-10,https://etsuran2.mlit.go.jp/TAKKEN/takkenKensaku.do?CMD=selectPage&caller=TK&choice=1&rdoSelect=1&rdoSelectJoken=1&rdoSelectSort=1&sortValue=1&dispCount=50&licenseNoKbn=04&pageCount=1&pageListNo1=1&pageListNo2=1,公式サイト未特定・再試行,1,2026-08-16,,国土交通省公開検索から自動発見
MLIT-04-00000157,宮城県,000157,山村土地株式会社,宮城県,2026-08-10,https://etsuran2.mlit.go.jp/TAKKEN/takkenKensaku.do?CMD=selectPage&caller=TK&choice=1&rdoSelect=1&rdoSelectJoken=1&rdoSelectSort=1&sortValue=1&dispCount=50&licenseNoKbn=04&pageCount=1&pageListNo1=1&pageListNo2=1,公式サイト未特定・再試行,1,2026-08-16,,国土交通省公開検索から自動発見
MLIT-04-00000168,宮城県,000168,宝来産業株式会社 ※,宮城県,2026-08-10,https://etsuran2.mlit.go.jp/TAKKEN/takkenKensaku.do?CMD=selectPage&caller=TK&choice=1&rdoSelect=1&rdoSelectJoken=1&rdoSelectSort=1&sortValue=1&dispCount=50&licenseNoKbn=04&pageCount=1&pageListNo1=1&pageListNo2=1,公式サイト未特定・再試行,1,2026-08-16,,国土交通省公開検索から自動発見
MLIT-23-00000088,愛知県,000088,株式会社中京不動産,愛知県,2026-08-11,https://etsuran2.mlit.go.jp/TAKKEN/takkenKensaku.do?CMD=selectPage&caller=TK&choice=1&rdoSelect=1&rdoSelectJoken=1&rdoSelectSort=1&sortValue=1&dispCount=50&licenseNoKbn=23&pageCount=1&pageListNo1=1&pageListNo2=1,公式サイト未特定・再試行,1,2026-08-17,,国土交通省公開検索から自動発見
MLIT-23-00000099,愛知県,000099,丸星商事有限会社,愛知県,2026-08-11,https://etsuran2.mlit.go.jp/TAKKEN/takkenKensaku.do?CMD=selectPage&caller=TK&choice=1&rdoSelect=1&rdoSelectJoken=1&rdoSelectSort=1&sortValue=1&dispCount=50&licenseNoKbn=23&pageCount=1&pageListNo1=1&pageListNo2=1,公式サイト未特定・再試行,1,2026-08-17,,国土交通省公開検索から自動発見
MLIT-23-00000129,愛知県,000129,岡谷不動産株式会社,愛知県,2026-08-11,https://etsuran2.mlit.go.jp/TAKKEN/takkenKensaku.do?CMD=selectPage&caller=TK&choice=1&rdoSelect=1&rdoSelectJoken=1&rdoSelectSort=1&sortValue=1&dispCount=50&licenseNoKbn=23&pageCount=1&pageListNo1=1&pageListNo2=1,公式サイト未特定・再試行,1,2026-08-17,,国土交通省公開検索から自動発見
MLIT-23-00000182,愛知県,000182,東晃商事合資会社,愛知県,2026-08-11,https://etsuran2.mlit.go.jp/TAKKEN/takkenKensaku.do?CMD=selectPage&caller=TK&choice=1&rdoSelect=1&rdoSelectJoken=1&rdoSelectSort=1&sortValue=1&dispCount=50&licenseNoKbn=23&pageCount=1&pageListNo1=1&pageListNo2=1,公式サイト未特定・再試行,1,2026-08-17,,国土交通省公開検索から自動発見
MLIT-23-00000328,愛知県,000328,株式会社三栄商会,愛知県,2026-08-11,https://etsuran2.mlit.go.jp/TAKKEN/takkenKensaku.do?CMD=selectPage&caller=TK&choice=1&rdoSelect=1&rdoSelectJoken=1&rdoSelectSort=1&sortValue=1&dispCount=50&licenseNoKbn=23&pageCount=1&pageListNo1=1&pageListNo2=1,公式サイト未特定・再試行,1,2026-08-17,,国土交通省公開検索から自動発見
MLIT-23-00000598,愛知県,000598,東邦ガス不動産開発株式会社,愛知県,2026-08-11,https://etsuran2.mlit.go.jp/TAKKEN/takkenKensaku.do?CMD=selectPage&caller=TK&choice=1&rdoSelect=1&rdoSelectJoken=1&rdoSelectSort=1&sortValue=1&dispCount=50&licenseNoKbn=23&pageCount=1&pageListNo1=1&pageListNo2=1,公式サイト未特定・再試行,1,2026-08-17,,国土交通省公開検索から自動発見
MLIT-23-00000741,愛知県,000741,株式会社泉不動産,愛知県,2026-08-11,https://etsuran2.mlit.go.jp/TAKKEN/takkenKensaku.do?CMD=selectPage&caller=TK&choice=1&rdoSelect=1&rdoSelectJoken=1&rdoSelectSort=1&sortValue=1&dispCount=50&licenseNoKbn=23&pageCount=1&pageListNo1=1&pageListNo2=1,公式サイト未特定・再試行,1,2026-08-18,,国土交通省公開検索から自動発見
MLIT-23-00000819,愛知県,000819,小田井不動産株式会社,愛知県,2026-08-11,https://etsuran2.mlit.go.jp/TAKKEN/takkenKensaku.do?CMD=selectPage&caller=TK&choice=1&rdoSelect=1&rdoSelectJoken=1&rdoSelectSort=1&sortValue=1&dispCount=50&licenseNoKbn=23&pageCount=1&pageListNo1=1&pageListNo2=1,公式サイト未特定・再試行,1,2026-08-18,,国土交通省公開検索から自動発見
MLIT-23-00000828,愛知県,000828,大和商事株式会社,愛知県,2026-08-11,https://etsuran2.mlit.go.jp/TAKKEN/takkenKensaku.do?CMD=selectPage&caller=TK&choice=1&rdoSelect=1&rdoSelectJoken=1&rdoSelectSort=1&sortValue=1&dispCount=50&licenseNoKbn=23&pageCount=1&pageListNo1=1&pageListNo2=1,公式サイト未特定・再試行,1,2026-08-18,,国土交通省公開検索から自動発見
MLIT-27-00000001,大阪府,000001,株式会社シティフィールド,大阪府,2026-08-12,https://etsuran2.mlit.go.jp/TAKKEN/takkenKensaku.do?CMD=selectPage&caller=TK&choice=1&rdoSelect=1&rdoSelectJoken=1&rdoSelectSort=1&sortValue=1&dispCount=50&licenseNoKbn=27&pageCount=1&pageListNo1=1&pageListNo2=1,公式サイト未特定・再試行,1,2026-08-18,,国土交通省公開検索から自動発見
MLIT-27-00000038,大阪府,000038,株式会社タイコーハウジングコア,大阪府,2026-08-12,https://etsuran2.mlit.go.jp/TAKKEN/takkenKensaku.do?CMD=selectPage&caller=TK&choice=1&rdoSelect=1&rdoSelectJoken=1&rdoSelectSort=1&sortValue=1&dispCount=50&licenseNoKbn=27&pageCount=1&pageListNo1=1&pageListNo2=1,公式サイト未特定・再試行,1,2026-08-18,,国土交通省公開検索から自動発見
MLIT-27-00000049,大阪府,000049,萬成商事株式会社,大阪府,2026-08-12,https://etsuran2.mlit.go.jp/TAKKEN/takkenKensaku.do?CMD=selectPage&caller=TK&choice=1&rdoSelect=1&rdoSelectJoken=1&rdoSelectSort=1&sortValue=1&dispCount=50&licenseNoKbn=27&pageCount=1&pageListNo1=1&pageListNo2=1,公式サイト未特定・再試行,1,2026-08-18,,国土交通省公開検索から自動発見
MLIT-27-00000053,大阪府,000053,武村土地株式会社,大阪府,2026-08-12,https://etsuran2.mlit.go.jp/TAKKEN/takkenKensaku.do?CMD=selectPage&caller=TK&choice=1&rdoSelect=1&rdoSelectJoken=1&rdoSelectSort=1&sortValue=1&dispCount=50&licenseNoKbn=27&pageCount=1&pageListNo1=1&pageListNo2=1,公式サイト未特定・再試行,1,2026-08-18,,国土交通省公開検索から自動発見
MLIT-27-00000098,大阪府,000098,株式会社岸本工務店,大阪府,2026-08-12,https://etsuran2.mlit.go.jp/TAKKEN/takkenKensaku.do?CMD=selectPage&caller=TK&choice=1&rdoSelect=1&rdoSelectJoken=1&rdoSelectSort=1&sortValue=1&dispCount=50&licenseNoKbn=27&pageCount=1&pageListNo1=1&pageListNo2=1,公式サイト未特定・再試行,1,2026-08-18,,国土交通省公開検索から自動発見
MLIT-40-00000309,福岡県,000309,博多港開発株式会社 ※,福岡県,2026-08-13,https://etsuran2.mlit.go.jp/TAKKEN/takkenKensaku.do?CMD=selectPage&caller=TK&choice=1&rdoSelect=1&rdoSelectJoken=1&rdoSelectSort=1&sortValue=1&dispCount=50&licenseNoKbn=40&pageCount=1&pageListNo1=1&pageListNo2=1,公式サイト未特定・再試行,1,2026-08-19,,国土交通省公開検索から自動発見
MLIT-40-00000601,福岡県,000601,有限会社祝産業 ※,福岡県,2026-08-13,https://etsuran2.mlit.go.jp/TAKKEN/takkenKensaku.do?CMD=selectPage&caller=TK&choice=1&rdoSelect=1&rdoSelectJoken=1&rdoSelectSort=1&sortValue=1&dispCount=50&licenseNoKbn=40&pageCount=1&pageListNo1=1&pageListNo2=1,公式サイト未特定・再試行,1,2026-08-20,,国土交通省公開検索から自動発見
MLIT-40-00000672,福岡県,000672,協和商事株式会社,福岡県,2026-08-13,https://etsuran2.mlit.go.jp/TAKKEN/takkenKensaku.do?CMD=selectPage&caller=TK&choice=1&rdoSelect=1&rdoSelectJoken=1&rdoSelectSort=1&sortValue=1&dispCount=50&licenseNoKbn=40&pageCount=1&pageListNo1=1&pageListNo2=1,公式サイト未特定・再試行,1,2026-08-20,,国土交通省公開検索から自動発見
MLIT-40-00000999,福岡県,000999,千代田土地株式会社,福岡県,2026-08-13,https://etsuran2.mlit.go.jp/TAKKEN/takkenKensaku.do?CMD=selectPage&caller=TK&choice=1&rdoSelect=1&rdoSelectJoken=1&rdoSelectSort=1&sortValue=1&dispCount=50&licenseNoKbn=40&pageCount=1&pageListNo1=1&pageListNo2=1,公式サイト未特定・再試行,1,2026-08-20,,国土交通省公開検索から自動発見
MLIT-40-00001053,福岡県,001053,太陽地所株式会社,福岡県,2026-08-13,https://etsuran2.mlit.go.jp/TAKKEN/takkenKensaku.do?CMD=selectPage&caller=TK&choice=1&rdoSelect=1&rdoSelectJoken=1&rdoSelectSort=1&sortValue=1&dispCount=50&licenseNoKbn=40&pageCount=1&pageListNo1=1&pageListNo2=1,公式サイト未特定・再試行,1,2026-08-20,,国土交通省公開検索から自動発見
MLIT-40-00001133,福岡県,001133,中央不動産株式会社,福岡県,2026-08-13,https://etsuran2.mlit.go.jp/TAKKEN/takkenKensaku.do?CMD=selectPage&caller=TK&choice=1&rdoSelect=1&rdoSelectJoken=1&rdoSelectSort=1&sortValue=1&dispCount=50&licenseNoKbn=40&pageCount=1&pageListNo1=1&pageListNo2=1,公式サイト未特定・再試行,1,2026-08-20,,国土交通省公開検索から自動発見
MLIT-26-00000006,京都府,000006,丸美不動産株式会社,京都府,2026-08-14,https://etsuran2.mlit.go.jp/TAKKEN/takkenKensaku.do?CMD=selectPage&caller=TK&choice=1&rdoSelect=1&rdoSelectJoken=1&rdoSelectSort=1&sortValue=1&dispCount=50&licenseNoKbn=26&pageCount=1&pageListNo1=1&pageListNo2=1,公式サイト未特定・再試行,1,2026-08-20,,国土交通省公開検索から自動発見
MLIT-26-00000023,京都府,000023,有限会社田中良不動産,京都府,2026-08-14,https://etsuran2.mlit.go.jp/TAKKEN/takkenKensaku.do?CMD=selectPage&caller=TK&choice=1&rdoSelect=1&rdoSelectJoken=1&rdoSelectSort=1&sortValue=1&dispCount=50&licenseNoKbn=26&pageCount=1&pageListNo1=1&pageListNo2=1,公式サイト未特定・再試行,1,2026-08-21,,国土交通省公開検索から自動発見
MLIT-26-00000045,京都府,000045,株式会社加藤商店,京都府,2026-08-14,https://etsuran2.mlit.go.jp/TAKKEN/takkenKensaku.do?CMD=selectPage&caller=TK&choice=1&rdoSelect=1&rdoSelectJoken=1&rdoSelectSort=1&sortValue=1&dispCount=50&licenseNoKbn=26&pageCount=1&pageListNo1=1&pageListNo2=1,公式サイト未特定・再試行,1,2026-08-21,,国土交通省公開検索から自動発見
MLIT-26-00000186,京都府,000186,株式会社山三製材所,京都府,2026-08-14,https://etsuran2.mlit.go.jp/TAKKEN/takkenKensaku.do?CMD=selectPage&caller=TK&choice=1&rdoSelect=1&rdoSelectJoken=1&rdoSelectSort=1&sortValue=1&dispCount=50&licenseNoKbn=26&pageCount=1&pageListNo1=1&pageListNo2=1,公式サイト未特定・再試行,1,2026-08-21,,国土交通省公開検索から自動発見
MLIT-26-00000219,京都府,000219,栄住宅株式会社,京都府,2026-08-14,https://etsuran2.mlit.go.jp/TAKKEN/takkenKensaku.do?CMD=selectPage&caller=TK&choice=1&rdoSelect=1&rdoSelectJoken=1&rdoSelectSort=1&sortValue=1&dispCount=50&licenseNoKbn=26&pageCount=1&pageListNo1=1&pageListNo2=1,公式サイト未特定・再試行,1,2026-08-21,,国土交通省公開検索から自動発見
MLIT-26-00000223,京都府,000223,株式会社山中商事,京都府,2026-08-14,https://etsuran2.mlit.go.jp/TAKKEN/takkenKensaku.do?CMD=selectPage&caller=TK&choice=1&rdoSelect=1&rdoSelectJoken=1&rdoSelectSort=1&sortValue=1&dispCount=50&licenseNoKbn=26&pageCount=1&pageListNo1=1&pageListNo2=1,公式サイト未特定・再試行,1,2026-08-21,,国土交通省公開検索から自動発見
MLIT-26-00000235,京都府,000235,株式会社梅田不動産商事,京都府,2026-08-14,https://etsuran2.mlit.go.jp/TAKKEN/takkenKensaku.do?CMD=selectPage&caller=TK&choice=1&rdoSelect=1&rdoSelectJoken=1&rdoSelectSort=1&sortValue=1&dispCount=50&licenseNoKbn=26&pageCount=1&pageListNo1=1&pageListNo2=1,公式サイト未特定・再試行,1,2026-08-21,,国土交通省公開検索から自動発見
MLIT-26-00000268,京都府,000268,株式会社スミヤ,京都府,2026-08-14,https://etsuran2.mlit.go.jp/TAKKEN/takkenKensaku.do?CMD=selectPage&caller=TK&choice=1&rdoSelect=1&rdoSelectJoken=1&rdoSelectSort=1&sortValue=1&dispCount=50&licenseNoKbn=26&pageCount=1&pageListNo1=1&pageListNo2=1,公式サイト未特定・再試行,1,2026-08-21,,国土交通省公開検索から自動発見
MLIT-28-00000034,兵庫県,000034,明石神栄商事株式会社,兵庫県,2026-08-15,https://etsuran2.mlit.go.jp/TAKKEN/takkenKensaku.do?CMD=selectPage&caller=TK&choice=1&rdoSelect=1&rdoSelectJoken=1&rdoSelectSort=1&sortValue=1&dispCount=50&licenseNoKbn=28&pageCount=1&pageListNo1=1&pageListNo2=1,公式サイト未特定・再試行,1,2026-08-22,,国土交通省公開検索から自動発見
MLIT-28-00000040,兵庫県,000040,山陽電気鉄道株式会社,兵庫県,2026-08-15,https://etsuran2.mlit.go.jp/TAKKEN/takkenKensaku.do?CMD=selectPage&caller=TK&choice=1&rdoSelect=1&rdoSelectJoken=1&rdoSelectSort=1&sortValue=1&dispCount=50&licenseNoKbn=28&pageCount=1&pageListNo1=1&pageListNo2=1,公式サイト未特定・再試行,1,2026-08-22,,国土交通省公開検索から自動発見
MLIT-28-00000042,兵庫県,000042,三国商事株式会社,兵庫県,2026-08-15,https://etsuran2.mlit.go.jp/TAKKEN/takkenKensaku.do?CMD=selectPage&caller=TK&choice=1&rdoSelect=1&rdoSelectJoken=1&rdoSelectSort=1&sortValue=1&dispCount=50&licenseNoKbn=28&pageCount=1&pageListNo1=1&pageListNo2=1,公式サイト未特定・再試行,1,2026-08-22,,国土交通省公開検索から自動発見
MLIT-28-00000107,兵庫県,000107,神戸地所株式会社,兵庫県,2026-08-15,https://etsuran2.mlit.go.jp/TAKKEN/takkenKensaku.do?CMD=selectPage&caller=TK&choice=1&rdoSelect=1&rdoSelectJoken=1&rdoSelectSort=1&sortValue=1&dispCount=50&licenseNoKbn=28&pageCount=1&pageListNo1=1&pageListNo2=1,公式サイト未特定・再試行,1,2026-08-22,,国土交通省公開検索から自動発見
MLIT-28-00000111,兵庫県,000111,霞ケ丘不動産株式会社,兵庫県,2026-08-15,https://etsuran2.mlit.go.jp/TAKKEN/takkenKensaku.do?CMD=selectPage&caller=TK&choice=1&rdoSelect=1&rdoSelectJoken=1&rdoSelectSort=1&sortValue=1&dispCount=50&licenseNoKbn=28&pageCount=1&pageListNo1=1&pageListNo2=1,公式サイト未特定・再試行,1,2026-08-22,,国土交通省公開検索から自動発見
MLIT-28-00000292,兵庫県,000292,株式会社神戸商会,兵庫県,2026-08-15,https://etsuran2.mlit.go.jp/TAKKEN/takkenKensaku.do?CMD=selectPage&caller=TK&choice=1&rdoSelect=1&rdoSelectJoken=1&rdoSelectSort=1&sortValue=1&dispCount=50&licenseNoKbn=28&pageCount=1&pageListNo1=1&pageListNo2=1,公式サイト未特定・再試行,1,2026-08-22,,国土交通省公開検索から自動発見
MLIT-28-00000457,兵庫県,000457,株式会社貝塚工務店,兵庫県,2026-08-15,https://etsuran2.mlit.go.jp/TAKKEN/takkenKensaku.do?CMD=selectPage&caller=TK&choice=1&rdoSelect=1&rdoSelectJoken=1&rdoSelectSort=1&sortValue=1&dispCount=50&licenseNoKbn=28&pageCount=1&pageListNo1=1&pageListNo2=1,公式サイト未特定・再試行,1,2026-08-22,,国土交通省公開検索から自動発見
MLIT-28-00000699,兵庫県,000699,中建不動産株式会社,兵庫県,2026-08-15,https://etsuran2.mlit.go.jp/TAKKEN/takkenKensaku.do?CMD=selectPage&caller=TK&choice=1&rdoSelect=1&rdoSelectJoken=1&rdoSelectSort=1&sortValue=1&dispCount=50&licenseNoKbn=28&pageCount=1&pageListNo1=1&pageListNo2=1,公式サイト未特定・再試行,1,2026-08-23,,国土交通省公開検索から自動発見
MLIT-34-00000028,広島県,000028,株式会社小林秀商店,広島県,2026-08-16,https://etsuran2.mlit.go.jp/TAKKEN/takkenKensaku.do?CMD=selectPage&caller=TK&choice=1&rdoSelect=1&rdoSelectJoken=1&rdoSelectSort=1&sortValue=1&dispCount=50&licenseNoKbn=34&pageCount=1&pageListNo1=1&pageListNo2=1,公式サイト未特定・再試行,1,2026-08-23,,国土交通省公開検索から自動発見
MLIT-34-00000050,広島県,000050,東亜林業株式会社,広島県,2026-08-16,https://etsuran2.mlit.go.jp/TAKKEN/takkenKensaku.do?CMD=selectPage&caller=TK&choice=1&rdoSelect=1&rdoSelectJoken=1&rdoSelectSort=1&sortValue=1&dispCount=50&licenseNoKbn=34&pageCount=1&pageListNo1=1&pageListNo2=1,公式サイト未特定・再試行,1,2026-08-23,,国土交通省公開検索から自動発見
MLIT-34-00000073,広島県,000073,新日本住建株式会社,広島県,2026-08-16,https://etsuran2.mlit.go.jp/TAKKEN/takkenKensaku.do?CMD=selectPage&caller=TK&choice=1&rdoSelect=1&rdoSelectJoken=1&rdoSelectSort=1&sortValue=1&dispCount=50&licenseNoKbn=34&pageCount=1&pageListNo1=1&pageListNo2=1,公式サイト未特定・再試行,1,2026-08-23,,国土交通省公開検索から自動発見
MLIT-34-00000134,広島県,000134,青山建設株式会社,広島県,2026-08-16,https://etsuran2.mlit.go.jp/TAKKEN/takkenKensaku.do?CMD=selectPage&caller=TK&choice=1&rdoSelect=1&rdoSelectJoken=1&rdoSelectSort=1&sortValue=1&dispCount=50&licenseNoKbn=34&pageCount=1&pageListNo1=1&pageListNo2=1,公式サイト未特定・再試行,1,2026-08-23,,国土交通省公開検索から自動発見
MLIT-34-00000462,広島県,000462,株式会社有正不動産 ※,広島県,2026-08-16,https://etsuran2.mlit.go.jp/TAKKEN/takkenKensaku.do?CMD=selectPage&caller=TK&choice=1&rdoSelect=1&rdoSelectJoken=1&rdoSelectSort=1&sortValue=1&dispCount=50&licenseNoKbn=34&pageCount=1&pageListNo1=1&pageListNo2=1,公式サイト未特定・再試行,1,2026-08-24,,国土交通省公開検索から自動発見
MLIT-47-00000078,沖縄県,000078,沖縄協栄産業 株式会社,沖縄県,2026-08-17,https://etsuran2.mlit.go.jp/TAKKEN/takkenKensaku.do?CMD=selectPage&caller=TK&choice=1&rdoSelect=1&rdoSelectJoken=1&rdoSelectSort=1&sortValue=1&dispCount=50&licenseNoKbn=47&pageCount=1&pageListNo1=1&pageListNo2=1,公式サイト未特定・再試行,1,2026-08-24,,国土交通省公開検索から自動発見
MLIT-47-00000122,沖縄県,000122,有限会社 南西リアルティ,沖縄県,2026-08-17,https://etsuran2.mlit.go.jp/TAKKEN/takkenKensaku.do?CMD=selectPage&caller=TK&choice=1&rdoSelect=1&rdoSelectJoken=1&rdoSelectSort=1&sortValue=1&dispCount=50&licenseNoKbn=47&pageCount=1&pageListNo1=1&pageListNo2=1,公式サイト未特定・再試行,1,2026-08-24,,国土交通省公開検索から自動発見
MLIT-47-00000199,沖縄県,000199,株式会社 スリーハート,沖縄県,2026-08-17,https://etsuran2.mlit.go.jp/TAKKEN/takkenKensaku.do?CMD=selectPage&caller=TK&choice=1&rdoSelect=1&rdoSelectJoken=1&rdoSelectSort=1&sortValue=1&dispCount=50&licenseNoKbn=47&pageCount=1&pageListNo1=1&pageListNo2=1,公式サイト未特定・再試行,1,2026-08-24,,国土交通省公開検索から自動発見
MLIT-47-00000217,沖縄県,000217,安田住宅 株式会社,沖縄県,2026-08-17,https://etsuran2.mlit.go.jp/TAKKEN/takkenKensaku.do?CMD=selectPage&caller=TK&choice=1&rdoSelect=1&rdoSelectJoken=1&rdoSelectSort=1&sortValue=1&dispCount=50&licenseNoKbn=47&pageCount=1&pageListNo1=1&pageListNo2=1,公式サイト未特定・再試行,1,2026-08-25,,国土交通省公開検索から自動発見
MLIT-47-00000221,沖縄県,000221,株式会社 千代正不動産,沖縄県,2026-08-17,https://etsuran2.mlit.go.jp/TAKKEN/takkenKensaku.do?CMD=selectPage&caller=TK&choice=1&rdoSelect=1&rdoSelectJoken=1&rdoSelectSort=1&sortValue=1&dispCount=50&licenseNoKbn=47&pageCount=1&pageListNo1=1&pageListNo2=1,公式サイト未特定・再試行,1,2026-08-25,,国土交通省公開検索から自動発見
MLIT-47-00000244,沖縄県,000244,株式会社 國場組,沖縄県,2026-08-17,https://etsuran2.mlit.go.jp/TAKKEN/takkenKensaku.do?CMD=selectPage&caller=TK&choice=1&rdoSelect=1&rdoSelectJoken=1&rdoSelectSort=1&sortValue=1&dispCount=50&licenseNoKbn=47&pageCount=1&pageListNo1=1&pageListNo2=1,公式サイト未特定・再試行,1,2026-08-25,,国土交通省公開検索から自動発見
MLIT-47-00000273,沖縄県,000273,新拓不動産,沖縄県,2026-08-17,https://etsuran2.mlit.go.jp/TAKKEN/takkenKensaku.do?CMD=selectPage&caller=TK&choice=1&rdoSelect=1&rdoSelectJoken=1&rdoSelectSort=1&sortValue=1&dispCount=50&licenseNoKbn=47&pageCount=1&pageListNo1=1&pageListNo2=1,公式サイト未特定・再試行,1,2026-08-25,,国土交通省公開検索から自動発見
MLIT-47-00000275,沖縄県,000275,合資会社たばた商事,沖縄県,2026-08-17,https://etsuran2.mlit.go.jp/TAKKEN/takkenKensaku.do?CMD=selectPage&caller=TK&choice=1&rdoSelect=1&rdoSelectJoken=1&rdoSelectSort=1&sortValue=1&dispCount=50&licenseNoKbn=47&pageCount=1&pageListNo1=1&pageListNo2=1,公式サイト未特定・再試行,1,2026-08-25,,国土交通省公開検索から自動発見
MLIT-47-00000289,沖縄県,000289,前田商事,沖縄県,2026-08-17,https://etsuran2.mlit.go.jp/TAKKEN/takkenKensaku.do?CMD=selectPage&caller=TK&choice=1&rdoSelect=1&rdoSelectJoken=1&rdoSelectSort=1&sortValue=1&dispCount=50&licenseNoKbn=47&pageCount=1&pageListNo1=1&pageListNo2=1,公式サイト未特定・再試行,1,2026-08-25,,国土交通省公開検索から自動発見
MLIT-47-00000374,沖縄県,000374,合名会社 総合センター,沖縄県,2026-08-17,https://etsuran2.mlit.go.jp/TAKKEN/takkenKensaku.do?CMD=selectPage&caller=TK&choice=1&rdoSelect=1&rdoSelectJoken=1&rdoSelectSort=1&sortValue=1&dispCount=50&licenseNoKbn=47&pageCount=1&pageListNo1=1&pageListNo2=1,公式サイト未特定・再試行,1,2026-08-25,,国土交通省公開検索から自動発見
MLIT-02-00000100,青森県,000100,長成不動産株式会社,青森県,2026-08-18,https://etsuran2.mlit.go.jp/TAKKEN/takkenKensaku.do?CMD=selectPage&caller=TK&choice=1&rdoSelect=1&rdoSelectJoken=1&rdoSelectSort=1&sortValue=1&dispCount=50&licenseNoKbn=02&pageCount=1&pageListNo1=1&pageListNo2=1,公式サイト未特定・再試行,1,2026-08-25,,国土交通省公開検索から自動発見
MLIT-02-00000402,青森県,000402,東信商事株式会社,青森県,2026-08-18,https://etsuran2.mlit.go.jp/TAKKEN/takkenKensaku.do?CMD=selectPage&caller=TK&choice=1&rdoSelect=1&rdoSelectJoken=1&rdoSelectSort=1&sortValue=1&dispCount=50&licenseNoKbn=02&pageCount=1&pageListNo1=1&pageListNo2=1,公式サイト未特定・再試行,1,2026-08-26,,国土交通省公開検索から自動発見
MLIT-02-00000501,青森県,000501,株式会社鹿内組,青森県,2026-08-18,https://etsuran2.mlit.go.jp/TAKKEN/takkenKensaku.do?CMD=selectPage&caller=TK&choice=1&rdoSelect=1&rdoSelectJoken=1&rdoSelectSort=1&sortValue=1&dispCount=50&licenseNoKbn=02&pageCount=1&pageListNo1=1&pageListNo2=1,公式サイト未特定・再試行,1,2026-08-26,,国土交通省公開検索から自動発見
MLIT-02-00000533,青森県,000533,南不動産有限会社,青森県,2026-08-18,https://etsuran2.mlit.go.jp/TAKKEN/takkenKensaku.do?CMD=selectPage&caller=TK&choice=1&rdoSelect=1&rdoSelectJoken=1&rdoSelectSort=1&sortValue=1&dispCount=50&licenseNoKbn=02&pageCount=1&pageListNo1=1&pageListNo2=1,公式サイト未特定・再試行,1,2026-08-26,,国土交通省公開検索から自動発見
MLIT-02-00000567,青森県,000567,株式会社千代田不動産,青森県,2026-08-18,https://etsuran2.mlit.go.jp/TAKKEN/takkenKensaku.do?CMD=selectPage&caller=TK&choice=1&rdoSelect=1&rdoSelectJoken=1&rdoSelectSort=1&sortValue=1&dispCount=50&licenseNoKbn=02&pageCount=1&pageListNo1=1&pageListNo2=1,公式サイト未特定・再試行,1,2026-08-26,,国土交通省公開検索から自動発見
MLIT-02-00000582,青森県,000582,有限会社南商事,青森県,2026-08-18,https://etsuran2.mlit.go.jp/TAKKEN/takkenKensaku.do?CMD=selectPage&caller=TK&choice=1&rdoSelect=1&rdoSelectJoken=1&rdoSelectSort=1&sortValue=1&dispCount=50&licenseNoKbn=02&pageCount=1&pageListNo1=1&pageListNo2=1,公式サイト未特定・再試行,1,2026-08-26,,国土交通省公開検索から自動発見
MLIT-02-00000586,青森県,000586,三和興業株式会社,青森県,2026-08-18,https://etsuran2.mlit.go.jp/TAKKEN/takkenKensaku.do?CMD=selectPage&caller=TK&choice=1&rdoSelect=1&rdoSelectJoken=1&rdoSelectSort=1&sortValue=1&dispCount=50&licenseNoKbn=02&pageCount=1&pageListNo1=1&pageListNo2=1,公式サイト未特定・再試行,1,2026-08-26,,国土交通省公開検索から自動発見
MLIT-02-00000851,青森県,000851,株式会社サンエフ,青森県,2026-08-18,https://etsuran2.mlit.go.jp/TAKKEN/takkenKensaku.do?CMD=selectPage&caller=TK&choice=1&rdoSelect=1&rdoSelectJoken=1&rdoSelectSort=1&sortValue=1&dispCount=50&licenseNoKbn=02&pageCount=1&pageListNo1=1&pageListNo2=1,公式サイト未特定・再試行,1,2026-08-26,,国土交通省公開検索から自動発見
MLIT-02-00000902,青森県,000902,株式会社青森建設工業社,青森県,2026-08-18,https://etsuran2.mlit.go.jp/TAKKEN/takkenKensaku.do?CMD=selectPage&caller=TK&choice=1&rdoSelect=1&rdoSelectJoken=1&rdoSelectSort=1&sortValue=1&dispCount=50&licenseNoKbn=02&pageCount=1&pageListNo1=1&pageListNo2=1,公式サイト未特定・再試行,1,2026-08-27,,国土交通省公開検索から自動発見
MLIT-03-00001005,岩手県,001005,有限会社太成不動産,岩手県,2026-08-19,https://etsuran2.mlit.go.jp/TAKKEN/takkenKensaku.do?CMD=selectPage&caller=TK&choice=1&rdoSelect=1&rdoSelectJoken=1&rdoSelectSort=1&sortValue=1&dispCount=50&licenseNoKbn=03&pageCount=1&pageListNo1=1&pageListNo2=1,公式サイト未特定・再試行,1,2026-08-27,,国土交通省公開検索から自動発見
MLIT-03-00001009,岩手県,001009,菱和産業株式会社,岩手県,2026-08-19,https://etsuran2.mlit.go.jp/TAKKEN/takkenKensaku.do?CMD=selectPage&caller=TK&choice=1&rdoSelect=1&rdoSelectJoken=1&rdoSelectSort=1&sortValue=1&dispCount=50&licenseNoKbn=03&pageCount=1&pageListNo1=1&pageListNo2=1,公式サイト未特定・再試行,1,2026-08-27,,国土交通省公開検索から自動発見
MLIT-03-00001010,岩手県,001010,高幸不動産有限会社,岩手県,2026-08-19,https://etsuran2.mlit.go.jp/TAKKEN/takkenKensaku.do?CMD=selectPage&caller=TK&choice=1&rdoSelect=1&rdoSelectJoken=1&rdoSelectSort=1&sortValue=1&dispCount=50&licenseNoKbn=03&pageCount=1&pageListNo1=1&pageListNo2=1,公式サイト未特定・再試行,1,2026-08-27,,国土交通省公開検索から自動発見
MLIT-03-00001024,岩手県,001024,株式会社タキムラ,岩手県,2026-08-19,https://etsuran2.mlit.go.jp/TAKKEN/takkenKensaku.do?CMD=selectPage&caller=TK&choice=1&rdoSelect=1&rdoSelectJoken=1&rdoSelectSort=1&sortValue=1&dispCount=50&licenseNoKbn=03&pageCount=1&pageListNo1=1&pageListNo2=1,公式サイト未特定・再試行,1,2026-08-27,,国土交通省公開検索から自動発見
MLIT-03-00001027,岩手県,001027,陸中建設株式会社,岩手県,2026-08-19,https://etsuran2.mlit.go.jp/TAKKEN/takkenKensaku.do?CMD=selectPage&caller=TK&choice=1&rdoSelect=1&rdoSelectJoken=1&rdoSelectSort=1&sortValue=1&dispCount=50&licenseNoKbn=03&pageCount=1&pageListNo1=1&pageListNo2=1,公式サイト未特定・再試行,1,2026-08-27,,国土交通省公開検索から自動発見
MLIT-03-00001029,岩手県,001029,株式会社大一土地,岩手県,2026-08-19,https://etsuran2.mlit.go.jp/TAKKEN/takkenKensaku.do?CMD=selectPage&caller=TK&choice=1&rdoSelect=1&rdoSelectJoken=1&rdoSelectSort=1&sortValue=1&dispCount=50&licenseNoKbn=03&pageCount=1&pageListNo1=1&pageListNo2=1,公式サイト未特定・再試行,1,2026-08-27,,国土交通省公開検索から自動発見
MLIT-03-00001043,岩手県,001043,有限会社アップランドエステート,岩手県,2026-08-19,https://etsuran2.mlit.go.jp/TAKKEN/takkenKensaku.do?CMD=selectPage&caller=TK&choice=1&rdoSelect=1&rdoSelectJoken=1&rdoSelectSort=1&sortValue=1&dispCount=50&licenseNoKbn=03&pageCount=1&pageListNo1=1&pageListNo2=1,公式サイト未特定・再試行,1,2026-08-27,,国土交通省公開検索から自動発見
MLIT-03-00001049,岩手県,001049,株式会社北上土地,岩手県,2026-08-19,https://etsuran2.mlit.go.jp/TAKKEN/takkenKensaku.do?CMD=selectPage&caller=TK&choice=1&rdoSelect=1&rdoSelectJoken=1&rdoSelectSort=1&sortValue=1&dispCount=50&licenseNoKbn=03&pageCount=1&pageListNo1=1&pageListNo2=1,公式サイト未特定・再試行,1,2026-08-28,,国土交通省公開検索から自動発見
MLIT-03-00001063,岩手県,001063,館坂土地,岩手県,2026-08-19,https://etsuran2.mlit.go.jp/TAKKEN/takkenKensaku.do?CMD=selectPage&caller=TK&choice=1&rdoSelect=1&rdoSelectJoken=1&rdoSelectSort=1&sortValue=1&dispCount=50&licenseNoKbn=03&pageCount=1&pageListNo1=1&pageListNo2=1,公式サイト未特定・再試行,1,2026-08-28,,国土交通省公開検索から自動発見
MLIT-05-00000025,秋田県,000025,秋田共立株式会社,秋田県,2026-08-20,https://etsuran2.mlit.go.jp/TAKKEN/takkenKensaku.do?CMD=selectPage&caller=TK&choice=1&rdoSelect=1&rdoSelectJoken=1&rdoSelectSort=1&sortValue=1&dispCount=50&licenseNoKbn=05&pageCount=1&pageListNo1=1&pageListNo2=1,公式サイト未特定・再試行,1,2026-08-28,,国土交通省公開検索から自動発見
MLIT-05-00000043,秋田県,000043,湯沢開発株式会社,秋田県,2026-08-20,https://etsuran2.mlit.go.jp/TAKKEN/takkenKensaku.do?CMD=selectPage&caller=TK&choice=1&rdoSelect=1&rdoSelectJoken=1&rdoSelectSort=1&sortValue=1&dispCount=50&licenseNoKbn=05&pageCount=1&pageListNo1=1&pageListNo2=1,公式サイト未特定・再試行,1,2026-08-28,,国土交通省公開検索から自動発見
MLIT-05-00000077,秋田県,000077,山王土地株式会社,秋田県,2026-08-20,https://etsuran2.mlit.go.jp/TAKKEN/takkenKensaku.do?CMD=selectPage&caller=TK&choice=1&rdoSelect=1&rdoSelectJoken=1&rdoSelectSort=1&sortValue=1&dispCount=50&licenseNoKbn=05&pageCount=1&pageListNo1=1&pageListNo2=1,公式サイト未特定・再試行,1,2026-08-28,,国土交通省公開検索から自動発見
MLIT-05-00000118,秋田県,000118,丸山建設株式会社 ※,秋田県,2026-08-20,https://etsuran2.mlit.go.jp/TAKKEN/takkenKensaku.do?CMD=selectPage&caller=TK&choice=1&rdoSelect=1&rdoSelectJoken=1&rdoSelectSort=1&sortValue=1&dispCount=50&licenseNoKbn=05&pageCount=1&pageListNo1=1&pageListNo2=1,公式サイト未特定・再試行,1,2026-08-28,,国土交通省公開検索から自動発見
MLIT-05-00000209,秋田県,000209,金子地所株式会社,秋田県,2026-08-20,https://etsuran2.mlit.go.jp/TAKKEN/takkenKensaku.do?CMD=selectPage&caller=TK&choice=1&rdoSelect=1&rdoSelectJoken=1&rdoSelectSort=1&sortValue=1&dispCount=50&licenseNoKbn=05&pageCount=1&pageListNo1=1&pageListNo2=1,公式サイト未特定・再試行,1,2026-08-28,,国土交通省公開検索から自動発見
MLIT-05-00000220,秋田県,000220,有限会社 佐幸不動産商事,秋田県,2026-08-20,https://etsuran2.mlit.go.jp/TAKKEN/takkenKensaku.do?CMD=selectPage&caller=TK&choice=1&rdoSelect=1&rdoSelectJoken=1&rdoSelectSort=1&sortValue=1&dispCount=50&licenseNoKbn=05&pageCount=1&pageListNo1=1&pageListNo2=1,公式サイト未特定・再試行,1,2026-08-29,,国土交通省公開検索から自動発見
MLIT-05-00000230,秋田県,000230,株式会社 むつみワールド,秋田県,2026-08-20,https://etsuran2.mlit.go.jp/TAKKEN/takkenKensaku.do?CMD=selectPage&caller=TK&choice=1&rdoSelect=1&rdoSelectJoken=1&rdoSelectSort=1&sortValue=1&dispCount=50&licenseNoKbn=05&pageCount=1&pageListNo1=1&pageListNo2=1,公式サイト未特定・再試行,1,2026-08-29,,国土交通省公開検索から自動発見
MLIT-05-00000231,秋田県,000231,一丁商事株式会社,秋田県,2026-08-20,https://etsuran2.mlit.go.jp/TAKKEN/takkenKensaku.do?CMD=selectPage&caller=TK&choice=1&rdoSelect=1&rdoSelectJoken=1&rdoSelectSort=1&sortValue=1&dispCount=50&licenseNoKbn=05&pageCount=1&pageListNo1=1&pageListNo2=1,公式サイト未特定・再試行,1,2026-08-29,,国土交通省公開検索から自動発見
MLIT-05-00000261,秋田県,000261,秋田不動産株式会社,秋田県,2026-08-20,https://etsuran2.mlit.go.jp/TAKKEN/takkenKensaku.do?CMD=selectPage&caller=TK&choice=1&rdoSelect=1&rdoSelectJoken=1&rdoSelectSort=1&sortValue=1&dispCount=50&licenseNoKbn=05&pageCount=1&pageListNo1=1&pageListNo2=1,公式サイト未特定・再試行,1,2026-08-29,,国土交通省公開検索から自動発見
MLIT-05-00000295,秋田県,000295,株式会社 相互物産,秋田県,2026-08-20,https://etsuran2.mlit.go.jp/TAKKEN/takkenKensaku.do?CMD=selectPage&caller=TK&choice=1&rdoSelect=1&rdoSelectJoken=1&rdoSelectSort=1&sortValue=1&dispCount=50&licenseNoKbn=05&pageCount=1&pageListNo1=1&pageListNo2=1,公式サイト未特定・再試行,1,2026-08-29,,国土交通省公開検索から自動発見
MLIT-06-00000139,山形県,000139,寿商事株式会社,山形県,2026-08-21,https://etsuran2.mlit.go.jp/TAKKEN/takkenKensaku.do?CMD=selectPage&caller=TK&choice=1&rdoSelect=1&rdoSelectJoken=1&rdoSelectSort=1&sortValue=1&dispCount=50&licenseNoKbn=06&pageCount=1&pageListNo1=1&pageListNo2=1,公式サイト未特定・再試行,1,2026-08-29,,国土交通省公開検索から自動発見
MLIT-06-00000170,山形県,000170,東北不動産株式会社,山形県,2026-08-21,https://etsuran2.mlit.go.jp/TAKKEN/takkenKensaku.do?CMD=selectPage&caller=TK&choice=1&rdoSelect=1&rdoSelectJoken=1&rdoSelectSort=1&sortValue=1&dispCount=50&licenseNoKbn=06&pageCount=1&pageListNo1=1&pageListNo2=1,公式サイト未特定・再試行,1,2026-08-29,,国土交通省公開検索から自動発見
MLIT-06-00000203,山形県,000203,千歳不動産株式会社,山形県,2026-08-21,https://etsuran2.mlit.go.jp/TAKKEN/takkenKensaku.do?CMD=selectPage&caller=TK&choice=1&rdoSelect=1&rdoSelectJoken=1&rdoSelectSort=1&sortValue=1&dispCount=50&licenseNoKbn=06&pageCount=1&pageListNo1=1&pageListNo2=1,公式サイト未特定・再試行,1,2026-08-29,,国土交通省公開検索から自動発見
MLIT-06-00000225,山形県,000225,一般財団法人鶴岡市開発公社,山形県,2026-08-21,https://etsuran2.mlit.go.jp/TAKKEN/takkenKensaku.do?CMD=selectPage&caller=TK&choice=1&rdoSelect=1&rdoSelectJoken=1&rdoSelectSort=1&sortValue=1&dispCount=50&licenseNoKbn=06&pageCount=1&pageListNo1=1&pageListNo2=1,公式サイト未特定・再試行,1,2026-08-30,,国土交通省公開検索から自動発見
MLIT-06-00000270,山形県,000270,一般財団法人山形市都市振興公社,山形県,2026-08-21,https://etsuran2.mlit.go.jp/TAKKEN/takkenKensaku.do?CMD=selectPage&caller=TK&choice=1&rdoSelect=1&rdoSelectJoken=1&rdoSelectSort=1&sortValue=1&dispCount=50&licenseNoKbn=06&pageCount=1&pageListNo1=1&pageListNo2=1,公式サイト未特定・再試行,1,2026-08-30,,国土交通省公開検索から自動発見
MLIT-06-00000271,山形県,000271,株式会社荒正,山形県,2026-08-21,https://etsuran2.mlit.go.jp/TAKKEN/takkenKensaku.do?CMD=selectPage&caller=TK&choice=1&rdoSelect=1&rdoSelectJoken=1&rdoSelectSort=1&sortValue=1&dispCount=50&licenseNoKbn=06&pageCount=1&pageListNo1=1&pageListNo2=1,公式サイト未特定・再試行,1,2026-08-30,,国土交通省公開検索から自動発見
MLIT-06-00000306,山形県,000306,株式会社月丘,山形県,2026-08-21,https://etsuran2.mlit.go.jp/TAKKEN/takkenKensaku.do?CMD=selectPage&caller=TK&choice=1&rdoSelect=1&rdoSelectJoken=1&rdoSelectSort=1&sortValue=1&dispCount=50&licenseNoKbn=06&pageCount=1&pageListNo1=1&pageListNo2=1,公式サイト未特定・再試行,1,2026-08-30,,国土交通省公開検索から自動発見
MLIT-06-00000319,山形県,000319,吉田地所株式会社,山形県,2026-08-21,https://etsuran2.mlit.go.jp/TAKKEN/takkenKensaku.do?CMD=selectPage&caller=TK&choice=1&rdoSelect=1&rdoSelectJoken=1&rdoSelectSort=1&sortValue=1&dispCount=50&licenseNoKbn=06&pageCount=1&pageListNo1=1&pageListNo2=1,公式サイト未特定・再試行,1,2026-08-30,,国土交通省公開検索から自動発見
MLIT-06-00000328,山形県,000328,阿部多不動産株式会社,山形県,2026-08-21,https://etsuran2.mlit.go.jp/TAKKEN/takkenKensaku.do?CMD=selectPage&caller=TK&choice=1&rdoSelect=1&rdoSelectJoken=1&rdoSelectSort=1&sortValue=1&dispCount=50&licenseNoKbn=06&pageCount=1&pageListNo1=1&pageListNo2=1,公式サイト未特定・再試行,1,2026-08-30,,国土交通省公開検索から自動発見
MLIT-07-00001505,福島県,001505,庄司建設工業株式会社,福島県,2026-08-22,https://etsuran2.mlit.go.jp/TAKKEN/takkenKensaku.do?CMD=selectPage&caller=TK&choice=1&rdoSelect=1&rdoSelectJoken=1&rdoSelectSort=1&sortValue=1&dispCount=50&licenseNoKbn=07&pageCount=1&pageListNo1=1&pageListNo2=1,公式サイト未特定・再試行,1,2026-08-30,,国土交通省公開検索から自動発見
MLIT-07-00001506,福島県,001506,有限会社初代,福島県,2026-08-22,https://etsuran2.mlit.go.jp/TAKKEN/takkenKensaku.do?CMD=selectPage&caller=TK&choice=1&rdoSelect=1&rdoSelectJoken=1&rdoSelectSort=1&sortValue=1&dispCount=50&licenseNoKbn=07&pageCount=1&pageListNo1=1&pageListNo2=1,公式サイト未特定・再試行,1,2026-08-31,,国土交通省公開検索から自動発見
MLIT-07-00001514,福島県,001514,株式会社日信商事,福島県,2026-08-22,https://etsuran2.mlit.go.jp/TAKKEN/takkenKensaku.do?CMD=selectPage&caller=TK&choice=1&rdoSelect=1&rdoSelectJoken=1&rdoSelectSort=1&sortValue=1&dispCount=50&licenseNoKbn=07&pageCount=1&pageListNo1=1&pageListNo2=1,公式サイト未特定・再試行,1,2026-08-31,,国土交通省公開検索から自動発見
MLIT-07-00001528,福島県,001528,株式会社ナカノコーポレーション,福島県,2026-08-22,https://etsuran2.mlit.go.jp/TAKKEN/takkenKensaku.do?CMD=selectPage&caller=TK&choice=1&rdoSelect=1&rdoSelectJoken=1&rdoSelectSort=1&sortValue=1&dispCount=50&licenseNoKbn=07&pageCount=1&pageListNo1=1&pageListNo2=1,公式サイト未特定・再試行,1,2026-08-31,,国土交通省公開検索から自動発見
MLIT-07-00001531,福島県,001531,田村産業株式会社,福島県,2026-08-22,https://etsuran2.mlit.go.jp/TAKKEN/takkenKensaku.do?CMD=selectPage&caller=TK&choice=1&rdoSelect=1&rdoSelectJoken=1&rdoSelectSort=1&sortValue=1&dispCount=50&licenseNoKbn=07&pageCount=1&pageListNo1=1&pageListNo2=1,公式サイト未特定・再試行,1,2026-08-31,,国土交通省公開検索から自動発見
MLIT-07-00001532,福島県,001532,アールアンドエイチいわき,福島県,2026-08-22,https://etsuran2.mlit.go.jp/TAKKEN/takkenKensaku.do?CMD=selectPage&caller=TK&choice=1&rdoSelect=1&rdoSelectJoken=1&rdoSelectSort=1&sortValue=1&dispCount=50&licenseNoKbn=07&pageCount=1&pageListNo1=1&pageListNo2=1,公式サイト未特定・再試行,1,2026-08-31,,国土交通省公開検索から自動発見
MLIT-07-00001537,福島県,001537,アイワ都市開発有限会社,福島県,2026-08-22,https://etsuran2.mlit.go.jp/TAKKEN/takkenKensaku.do?CMD=selectPage&caller=TK&choice=1&rdoSelect=1&rdoSelectJoken=1&rdoSelectSort=1&sortValue=1&dispCount=50&licenseNoKbn=07&pageCount=1&pageListNo1=1&pageListNo2=1,公式サイト未特定・再試行,1,2026-08-31,,国土交通省公開検索から自動発見
MLIT-07-00001550,福島県,001550,有限会社太健地所,福島県,2026-08-22,https://etsuran2.mlit.go.jp/TAKKEN/takkenKensaku.do?CMD=selectPage&caller=TK&choice=1&rdoSelect=1&rdoSelectJoken=1&rdoSelectSort=1&sortValue=1&dispCount=50&licenseNoKbn=07&pageCount=1&pageListNo1=1&pageListNo2=1,公式サイト未特定・再試行,1,2026-09-01,,国土交通省公開検索から自動発見
MLIT-15-00000007,新潟県,000007,マルヒロ不動産株式会社,新潟県,2026-08-23,https://etsuran2.mlit.go.jp/TAKKEN/takkenKensaku.do?CMD=selectPage&caller=TK&choice=1&rdoSelect=1&rdoSelectJoken=1&rdoSelectSort=1&sortValue=1&dispCount=50&licenseNoKbn=15&pageCount=1&pageListNo1=1&pageListNo2=1,公式サイト未特定・再試行,1,2026-09-01,,国土交通省公開検索から自動発見
MLIT-15-00000032,新潟県,000032,株式会社豊地,新潟県,2026-08-23,https://etsuran2.mlit.go.jp/TAKKEN/takkenKensaku.do?CMD=selectPage&caller=TK&choice=1&rdoSelect=1&rdoSelectJoken=1&rdoSelectSort=1&sortValue=1&dispCount=50&licenseNoKbn=15&pageCount=1&pageListNo1=1&pageListNo2=1,公式サイト未特定・再試行,1,2026-09-01,,国土交通省公開検索から自動発見
MLIT-15-00000034,新潟県,000034,東洋不動産株式会社,新潟県,2026-08-23,https://etsuran2.mlit.go.jp/TAKKEN/takkenKensaku.do?CMD=selectPage&caller=TK&choice=1&rdoSelect=1&rdoSelectJoken=1&rdoSelectSort=1&sortValue=1&dispCount=50&licenseNoKbn=15&pageCount=1&pageListNo1=1&pageListNo2=1,公式サイト未特定・再試行,1,2026-09-01,,国土交通省公開検索から自動発見
MLIT-15-00000085,新潟県,000085,北日本興業株式会社,新潟県,2026-08-23,https://etsuran2.mlit.go.jp/TAKKEN/takkenKensaku.do?CMD=selectPage&caller=TK&choice=1&rdoSelect=1&rdoSelectJoken=1&rdoSelectSort=1&sortValue=1&dispCount=50&licenseNoKbn=15&pageCount=1&pageListNo1=1&pageListNo2=1,公式サイト未特定・再試行,1,2026-09-01,,国土交通省公開検索から自動発見
MLIT-15-00000099,新潟県,000099,富士興産株式会社,新潟県,2026-08-23,https://etsuran2.mlit.go.jp/TAKKEN/takkenKensaku.do?CMD=selectPage&caller=TK&choice=1&rdoSelect=1&rdoSelectJoken=1&rdoSelectSort=1&sortValue=1&dispCount=50&licenseNoKbn=15&pageCount=1&pageListNo1=1&pageListNo2=1,公式サイト未特定・再試行,1,2026-09-01,,国土交通省公開検索から自動発見
MLIT-15-00000122,新潟県,000122,株式会社俵屋不動産商会,新潟県,2026-08-23,https://etsuran2.mlit.go.jp/TAKKEN/takkenKensaku.do?CMD=selectPage&caller=TK&choice=1&rdoSelect=1&rdoSelectJoken=1&rdoSelectSort=1&sortValue=1&dispCount=50&licenseNoKbn=15&pageCount=1&pageListNo1=1&pageListNo2=1,公式サイト未特定・再試行,1,2026-09-01,,国土交通省公開検索から自動発見
MLIT-15-00000131,新潟県,000131,有限会社アイ・フロンティアパートナーズ,新潟県,2026-08-23,https://etsuran2.mlit.go.jp/TAKKEN/takkenKensaku.do?CMD=selectPage&caller=TK&choice=1&rdoSelect=1&rdoSelectJoken=1&rdoSelectSort=1&sortValue=1&dispCount=50&licenseNoKbn=15&pageCount=1&pageListNo1=1&pageListNo2=1,公式サイト未特定・再試行,1,2026-09-02,,国土交通省公開検索から自動発見
MLIT-15-00000214,新潟県,000214,昭和不動産株式会社,新潟県,2026-08-23,https://etsuran2.mlit.go.jp/TAKKEN/takkenKensaku.do?CMD=selectPage&caller=TK&choice=1&rdoSelect=1&rdoSelectJoken=1&rdoSelectSort=1&sortValue=1&dispCount=50&licenseNoKbn=15&pageCount=1&pageListNo1=1&pageListNo2=1,公式サイト未特定・再試行,1,2026-09-02,,国土交通省公開検索から自動発見
MLIT-16-00000078,富山県,000078,日本都市開発コンサルティング株式会社,富山県,2026-08-24,https://etsuran2.mlit.go.jp/TAKKEN/takkenKensaku.do?CMD=selectPage&caller=TK&choice=1&rdoSelect=1&rdoSelectJoken=1&rdoSelectSort=1&sortValue=1&dispCount=50&licenseNoKbn=16&pageCount=1&pageListNo1=1&pageListNo2=1,公式サイト未特定・再試行,1,2026-09-02,,国土交通省公開検索から自動発見
MLIT-16-00000122,富山県,000122,富山ファースト・エステート株式会社 ※,富山県,2026-08-24,https://etsuran2.mlit.go.jp/TAKKEN/takkenKensaku.do?CMD=selectPage&caller=TK&choice=1&rdoSelect=1&rdoSelectJoken=1&rdoSelectSort=1&sortValue=1&dispCount=50&licenseNoKbn=16&pageCount=1&pageListNo1=1&pageListNo2=1,公式サイト未特定・再試行,1,2026-09-02,,国土交通省公開検索から自動発見
MLIT-16-00000277,富山県,000277,川口建築不動産部 ※,富山県,2026-08-24,https://etsuran2.mlit.go.jp/TAKKEN/takkenKensaku.do?CMD=selectPage&caller=TK&choice=1&rdoSelect=1&rdoSelectJoken=1&rdoSelectSort=1&sortValue=1&dispCount=50&licenseNoKbn=16&pageCount=1&pageListNo1=1&pageListNo2=1,公式サイト未特定・再試行,1,2026-09-02,,国土交通省公開検索から自動発見
MLIT-16-00000282,富山県,000282,有限会社新富不動産,富山県,2026-08-24,https://etsuran2.mlit.go.jp/TAKKEN/takkenKensaku.do?CMD=selectPage&caller=TK&choice=1&rdoSelect=1&rdoSelectJoken=1&rdoSelectSort=1&sortValue=1&dispCount=50&licenseNoKbn=16&pageCount=1&pageListNo1=1&pageListNo2=1,公式サイト未特定・再試行,1,2026-09-02,,国土交通省公開検索から自動発見
MLIT-16-00000285,富山県,000285,塩谷建設株式会社,富山県,2026-08-24,https://etsuran2.mlit.go.jp/TAKKEN/takkenKensaku.do?CMD=selectPage&caller=TK&choice=1&rdoSelect=1&rdoSelectJoken=1&rdoSelectSort=1&sortValue=1&dispCount=50&licenseNoKbn=16&pageCount=1&pageListNo1=1&pageListNo2=1,公式サイト未特定・再試行,1,2026-09-02,,国土交通省公開検索から自動発見
MLIT-16-00000356,富山県,000356,株式会社加藤建材,富山県,2026-08-24,https://etsuran2.mlit.go.jp/TAKKEN/takkenKensaku.do?CMD=selectPage&caller=TK&choice=1&rdoSelect=1&rdoSelectJoken=1&rdoSelectSort=1&sortValue=1&dispCount=50&licenseNoKbn=16&pageCount=1&pageListNo1=1&pageListNo2=1,公式サイト未特定・再試行,1,2026-09-03,,国土交通省公開検索から自動発見
MLIT-16-00000362,富山県,000362,米原商事株式会社,富山県,2026-08-24,https://etsuran2.mlit.go.jp/TAKKEN/takkenKensaku.do?CMD=selectPage&caller=TK&choice=1&rdoSelect=1&rdoSelectJoken=1&rdoSelectSort=1&sortValue=1&dispCount=50&licenseNoKbn=16&pageCount=1&pageListNo1=1&pageListNo2=1,公式サイト未特定・再試行,1,2026-09-03,,国土交通省公開検索から自動発見
MLIT-17-00000052,石川県,000052,有限会社晴園商会,石川県,2026-08-25,https://etsuran2.mlit.go.jp/TAKKEN/takkenKensaku.do?CMD=selectPage&caller=TK&choice=1&rdoSelect=1&rdoSelectJoken=1&rdoSelectSort=1&sortValue=1&dispCount=50&licenseNoKbn=17&pageCount=1&pageListNo1=1&pageListNo2=1,公式サイト未特定・再試行,1,2026-09-03,,国土交通省公開検索から自動発見
MLIT-17-00000094,石川県,000094,百番不動産商事株式会社,石川県,2026-08-25,https://etsuran2.mlit.go.jp/TAKKEN/takkenKensaku.do?CMD=selectPage&caller=TK&choice=1&rdoSelect=1&rdoSelectJoken=1&rdoSelectSort=1&sortValue=1&dispCount=50&licenseNoKbn=17&pageCount=1&pageListNo1=1&pageListNo2=1,公式サイト未特定・再試行,1,2026-09-03,,国土交通省公開検索から自動発見
MLIT-17-00000121,石川県,000121,株式会社シィー・プランニング,石川県,2026-08-25,https://etsuran2.mlit.go.jp/TAKKEN/takkenKensaku.do?CMD=selectPage&caller=TK&choice=1&rdoSelect=1&rdoSelectJoken=1&rdoSelectSort=1&sortValue=1&dispCount=50&licenseNoKbn=17&pageCount=1&pageListNo1=1&pageListNo2=1,公式サイト未特定・再試行,1,2026-09-03,,国土交通省公開検索から自動発見
MLIT-17-00000131,石川県,000131,芙蓉商事株式会社,石川県,2026-08-25,https://etsuran2.mlit.go.jp/TAKKEN/takkenKensaku.do?CMD=selectPage&caller=TK&choice=1&rdoSelect=1&rdoSelectJoken=1&rdoSelectSort=1&sortValue=1&dispCount=50&licenseNoKbn=17&pageCount=1&pageListNo1=1&pageListNo2=1,公式サイト未特定・再試行,1,2026-09-04,,国土交通省公開検索から自動発見
MLIT-17-00000541,石川県,000541,坂井商事株式会社,石川県,2026-08-25,https://etsuran2.mlit.go.jp/TAKKEN/takkenKensaku.do?CMD=selectPage&caller=TK&choice=1&rdoSelect=1&rdoSelectJoken=1&rdoSelectSort=1&sortValue=1&dispCount=50&licenseNoKbn=17&pageCount=1&pageListNo1=1&pageListNo2=1,公式サイト未特定・再試行,1,2026-09-04,,国土交通省公開検索から自動発見
MLIT-17-00000552,石川県,000552,シーダーホームズ株式会社,石川県,2026-08-25,https://etsuran2.mlit.go.jp/TAKKEN/takkenKensaku.do?CMD=selectPage&caller=TK&choice=1&rdoSelect=1&rdoSelectJoken=1&rdoSelectSort=1&sortValue=1&dispCount=50&licenseNoKbn=17&pageCount=1&pageListNo1=1&pageListNo2=1,公式サイト未特定・再試行,1,2026-09-04,,国土交通省公開検索から自動発見
MLIT-11-00000152,埼玉県,000152,大和屋株式会社,埼玉県,2026-07-21,https://etsuran2.mlit.go.jp/TAKKEN/takkenKensaku.do?CMD=selectPage&caller=TK&choice=1&rdoSelect=1&rdoSelectJoken=1&rdoSelectSort=1&sortValue=1&dispCount=50&licenseNoKbn=11&pageCount=1&pageListNo1=1&pageListNo2=1,公式確認済み,1,2026-07-22,https://www.yamatoya-kk.co.jp/saiyou/,公式サイトを自動確認
MLIT-12-00000184,千葉県,000184,有限会社京葉ビル,千葉県,2026-07-22,https://etsuran2.mlit.go.jp/TAKKEN/takkenKensaku.do?CMD=selectPage&caller=TK&choice=1&rdoSelect=1&rdoSelectJoken=1&rdoSelectSort=1&sortValue=1&dispCount=50&licenseNoKbn=12&pageCount=1&pageListNo1=1&pageListNo2=1,公式確認済み,1,2026-07-23,https://estate.sesh.jp/corp/detail/108313,公式サイトを自動確認
MLIT-08-00000203,茨城県,000203,関東鉄道株式会社,茨城県,2026-07-23,https://etsuran2.mlit.go.jp/TAKKEN/takkenKensaku.do?CMD=selectPage&caller=TK&choice=1&rdoSelect=1&rdoSelectJoken=1&rdoSelectSort=1&sortValue=1&dispCount=50&licenseNoKbn=08&pageCount=1&pageListNo1=1&pageListNo2=1,公式確認済み,1,2026-07-25,https://www.kantetsu.co.jp/realestate/,公式サイトを自動確認。問い合わせ導線あり
MLIT-13-00001005,東京都,001005,有限会社 大竹商事,東京都,2026-07-26,https://etsuran2.mlit.go.jp/TAKKEN/takkenKensaku.do?CMD=selectPage&caller=TK&choice=1&rdoSelect=1&rdoSelectJoken=1&rdoSelectSort=1&sortValue=1&dispCount=50&licenseNoKbn=13&pageCount=2&pageListNo1=2&pageListNo2=2,公式確認済み,1,2026-07-28,https://www.ootake-shoji.co.jp/new_info/20260727info/,公式サイトを自動確認。問い合わせ導線あり
MLIT-11-00001778,埼玉県,001778,有限会社いりそ不動産,埼玉県,2026-07-28,https://etsuran2.mlit.go.jp/TAKKEN/takkenKensaku.do?CMD=selectPage&caller=TK&choice=1&rdoSelect=1&rdoSelectJoken=1&rdoSelectSort=1&sortValue=1&dispCount=50&licenseNoKbn=11&pageCount=2&pageListNo1=2&pageListNo2=2,公式確認済み,1,2026-07-31,https://www.shamaison.com/saitama/shop/area/11215/2012100011123/,公式サイトを自動確認。戸建て取扱表記あり。問い合わせ導線あり
MLIT-12-00001770,千葉県,001770,一般財団法人千葉県まちづくり公社,千葉県,2026-07-29,https://etsuran2.mlit.go.jp/TAKKEN/takkenKensaku.do?CMD=selectPage&caller=TK&choice=1&rdoSelect=1&rdoSelectJoken=1&rdoSelectSort=1&sortValue=1&dispCount=50&licenseNoKbn=12&pageCount=2&pageListNo1=2&pageListNo2=2,公式確認済み,1,2026-08-01,https://www.cue-net.or.jp/index.html,公式サイトを自動確認。問い合わせ導線あり
MLIT-08-00001278,茨城県,001278,大みか不動産株式会社,茨城県,2026-07-30,https://etsuran2.mlit.go.jp/TAKKEN/takkenKensaku.do?CMD=selectPage&caller=TK&choice=1&rdoSelect=1&rdoSelectJoken=1&rdoSelectSort=1&sortValue=1&dispCount=50&licenseNoKbn=08&pageCount=2&pageListNo1=2&pageListNo2=2,公式確認済み,1,2026-08-02,https://omika.jp/company/,公式サイトを自動確認。問い合わせ導線あり
MLIT-14-00002693,神奈川県,002693,中央商事不動産,神奈川県,2026-08-03,https://etsuran2.mlit.go.jp/TAKKEN/takkenKensaku.do?CMD=selectPage&caller=TK&choice=1&rdoSelect=1&rdoSelectJoken=1&rdoSelectSort=1&sortValue=1&dispCount=50&licenseNoKbn=14&pageCount=3&pageListNo1=3&pageListNo2=3,公式確認済み,1,2026-08-06,https://www.kanagawa-takken.com/detail/00071400302,公式サイト自動確認（確信度中・75点）
MLIT-12-00002638,千葉県,002638,市川市農業協同組合,千葉県,2026-08-05,https://etsuran2.mlit.go.jp/TAKKEN/takkenKensaku.do?CMD=selectPage&caller=TK&choice=1&rdoSelect=1&rdoSelectJoken=1&rdoSelectSort=1&sortValue=1&dispCount=50&licenseNoKbn=12&pageCount=3&pageListNo1=3&pageListNo2=3,公式確認済み,1,2026-08-09,https://www.icbs.co.jp/,公式サイト自動確認（確信度中・70点）。問い合わせ導線あり。物上げ適性C（5点: 問い合わせ導線）
MLIT-12-00002653,千葉県,002653,株式会社三光建設,千葉県,2026-08-05,https://etsuran2.mlit.go.jp/TAKKEN/takkenKensaku.do?CMD=selectPage&caller=TK&choice=1&rdoSelect=1&rdoSelectJoken=1&rdoSelectSort=1&sortValue=1&dispCount=50&licenseNoKbn=12&pageCount=3&pageListNo1=3&pageListNo2=3,公式確認済み,1,2026-08-09,https://kaisharesearch.com/company/detail/8040001065618/,公式サイト自動確認（確信度中・75点）
MLIT-08-00002403,茨城県,002403,株式会社茨城サービスエンジニアリング,茨城県,2026-08-06,https://etsuran2.mlit.go.jp/TAKKEN/takkenKensaku.do?CMD=selectPage&caller=TK&choice=1&rdoSelect=1&rdoSelectJoken=1&rdoSelectSort=1&sortValue=1&dispCount=50&licenseNoKbn=08&pageCount=3&pageListNo1=3&pageListNo2=3,公式確認済み,1,2026-08-10,https://www.ibaraki-service.jp/company/,公式サイト自動確認（確信度中・75点）。問い合わせ導線あり。物上げ適性C（5点: 問い合わせ導線）
MLIT-08-00002407,茨城県,002407,冨岡ハウス有限会社,茨城県,2026-08-06,https://etsuran2.mlit.go.jp/TAKKEN/takkenKensaku.do?CMD=selectPage&caller=TK&choice=1&rdoSelect=1&rdoSelectJoken=1&rdoSelectSort=1&sortValue=1&dispCount=50&licenseNoKbn=08&pageCount=3&pageListNo1=3&pageListNo2=3,公式確認済み,1,2026-08-10,https://data-link-plus.com/jp/corporation/5050002042304,公式サイト自動確認（確信度高・95点）。問い合わせ導線あり。物上げ適性C（5点: 問い合わせ導線）
MLIT-08-00002415,茨城県,002415,有限会社日商,茨城県,2026-08-06,https://etsuran2.mlit.go.jp/TAKKEN/takkenKensaku.do?CMD=selectPage&caller=TK&choice=1&rdoSelect=1&rdoSelectJoken=1&rdoSelectSort=1&sortValue=1&dispCount=50&licenseNoKbn=08&pageCount=3&pageListNo1=3&pageListNo2=3,公式確認済み,1,2026-08-10,https://nissyou-hoken.co.jp/,公式サイト自動確認（確信度高・95点）。問い合わせ導線あり。物上げ適性C（5点: 問い合わせ導線）
MLIT-08-00002441,茨城県,002441,有限会社丸栄ホーム,茨城県,2026-08-06,https://etsuran2.mlit.go.jp/TAKKEN/takkenKensaku.do?CMD=selectPage&caller=TK&choice=1&rdoSelect=1&rdoSelectJoken=1&rdoSelectSort=1&sortValue=1&dispCount=50&licenseNoKbn=08&pageCount=3&pageListNo1=3&pageListNo2=3,公式確認済み,1,2026-08-10,https://estate.sesh.jp/corp/detail/120292,公式サイト自動確認（確信度中・75点）
MLIT-09-00001793,栃木県,001793,松本不動産,栃木県,2026-08-06,https://etsuran2.mlit.go.jp/TAKKEN/takkenKensaku.do?CMD=selectPage&caller=TK&choice=1&rdoSelect=1&rdoSelectJoken=1&rdoSelectSort=1&sortValue=1&dispCount=50&licenseNoKbn=09&pageCount=3&pageListNo1=3&pageListNo2=3,公式確認済み,1,2026-08-12,https://www.matsumoto-fudousan.co.jp/,公式サイト自動確認（確信度高・85点）。戸建て取扱表記あり。問い合わせ導線あり。公開法人メール: info@matsumoto-fudousan.co.jp。物上げ適性C（5点: 問い合わせ導線）
MLIT-10-00001972,群馬県,001972,株式会社阿部工務店,群馬県,2026-08-07,https://etsuran2.mlit.go.jp/TAKKEN/takkenKensaku.do?CMD=selectPage&caller=TK&choice=1&rdoSelect=1&rdoSelectJoken=1&rdoSelectSort=1&sortValue=1&dispCount=50&licenseNoKbn=10&pageCount=3&pageListNo1=3&pageListNo2=3,公式確認済み,1,2026-08-12,https://www.koyou.pref.shizuoka.jp/employment/detail/9908,公式サイト自動確認（確信度中・80点）。問い合わせ導線あり。物上げ適性C（5点: 問い合わせ導線）
MLIT-10-00001977,群馬県,001977,浅間観光開発株式会社,群馬県,2026-08-07,https://etsuran2.mlit.go.jp/TAKKEN/takkenKensaku.do?CMD=selectPage&caller=TK&choice=1&rdoSelect=1&rdoSelectJoken=1&rdoSelectSort=1&sortValue=1&dispCount=50&licenseNoKbn=10&pageCount=3&pageListNo1=3&pageListNo2=3,公式確認済み,1,2026-08-12,https://kaisharesearch.com/company/detail/9070001023646/,公式サイト自動確認（確信度中・75点）
MLIT-00-00000019,国土交通大臣,000019,三谷不動産株式会社,全国,2026-08-08,https://etsuran2.mlit.go.jp/TAKKEN/takkenKensaku.do?CMD=selectPage&caller=TK&choice=1&rdoSelect=1&rdoSelectJoken=1&rdoSelectSort=1&sortValue=1&dispCount=50&licenseNoKbn=00&pageCount=1&pageListNo1=1&pageListNo2=1,公式確認済み,1,2026-08-14,https://www.go-mitani.co.jp/,公式サイト自動確認（確信度高・85点）。問い合わせ導線あり。物上げ適性C（5点: 問い合わせ導線）
MLIT-01-00000108,北海道,000108,株式会社大光,北海道,2026-08-09,https://etsuran2.mlit.go.jp/TAKKEN/takkenKensaku.do?CMD=selectPage&caller=TK&choice=1&rdoSelect=1&rdoSelectJoken=1&rdoSelectSort=1&sortValue=1&dispCount=50&licenseNoKbn=01&pageCount=1&pageListNo1=1&pageListNo2=1,公式確認済み,1,2026-08-15,https://compalyze.co.jp/company/4430001041913,公式サイト自動確認（確信度高・100点）。問い合わせ導線あり。物上げ適性C（5点: 問い合わせ導線）
MLIT-01-00000138,北海道,000138,エス・テー・ビー興発株式会社,北海道,2026-08-09,https://etsuran2.mlit.go.jp/TAKKEN/takkenKensaku.do?CMD=selectPage&caller=TK&choice=1&rdoSelect=1&rdoSelectJoken=1&rdoSelectSort=1&sortValue=1&dispCount=50&licenseNoKbn=01&pageCount=1&pageListNo1=1&pageListNo2=1,公式確認済み,1,2026-08-15,https://www.kensetumap.com/company/675155/profile.php,公式サイト自動確認（確信度中・75点）。戸建て取扱表記あり
MLIT-01-00000168,北海道,000168,札幌ホーム株式会社,北海道,2026-08-09,https://etsuran2.mlit.go.jp/TAKKEN/takkenKensaku.do?CMD=selectPage&caller=TK&choice=1&rdoSelect=1&rdoSelectJoken=1&rdoSelectSort=1&sortValue=1&dispCount=50&licenseNoKbn=01&pageCount=1&pageListNo1=1&pageListNo2=1,公式確認済み,1,2026-08-15,https://kaisharesearch.com/company/detail/1430001020275/,公式サイト自動確認（確信度中・75点）
MLIT-04-00000172,宮城県,000172,渡幸株式会社,宮城県,2026-08-10,https://etsuran2.mlit.go.jp/TAKKEN/takkenKensaku.do?CMD=selectPage&caller=TK&choice=1&rdoSelect=1&rdoSelectJoken=1&rdoSelectSort=1&sortValue=1&dispCount=50&licenseNoKbn=04&pageCount=1&pageListNo1=1&pageListNo2=1,公式確認済み,1,2026-08-17,https://kaisharesearch.com/company/detail/6370001004288/,公式サイト自動確認（確信度中・75点）
MLIT-23-00000009,愛知県,000009,ロイヤル商事有限会社,愛知県,2026-08-11,https://etsuran2.mlit.go.jp/TAKKEN/takkenKensaku.do?CMD=selectPage&caller=TK&choice=1&rdoSelect=1&rdoSelectJoken=1&rdoSelectSort=1&sortValue=1&dispCount=50&licenseNoKbn=23&pageCount=1&pageListNo1=1&pageListNo2=1,公式確認済み,1,2026-08-17,https://kaisharesearch.com/company/detail/3180002033548/,公式サイト自動確認（確信度中・75点）
MLIT-27-00000100,大阪府,000100,淀庄株式会社,大阪府,2026-08-12,https://etsuran2.mlit.go.jp/TAKKEN/takkenKensaku.do?CMD=selectPage&caller=TK&choice=1&rdoSelect=1&rdoSelectJoken=1&rdoSelectSort=1&sortValue=1&dispCount=50&licenseNoKbn=27&pageCount=1&pageListNo1=1&pageListNo2=1,公式確認済み,1,2026-08-19,https://data-link-plus.com/jp/corporation/6120001053186,公式サイト自動確認（確信度高・95点）。問い合わせ導線あり。物上げ適性C（5点: 問い合わせ導線）
MLIT-27-00000262,大阪府,000262,泉建設株式会社,大阪府,2026-08-12,https://etsuran2.mlit.go.jp/TAKKEN/takkenKensaku.do?CMD=selectPage&caller=TK&choice=1&rdoSelect=1&rdoSelectJoken=1&rdoSelectSort=1&sortValue=1&dispCount=50&licenseNoKbn=27&pageCount=1&pageListNo1=1&pageListNo2=1,公式確認済み,1,2026-08-19,https://www.kensetumap.com/company/345921/profile.php,公式サイト自動確認（確信度中・75点）。戸建て取扱表記あり
MLIT-27-00000274,大阪府,000274,株式会社萬成社,大阪府,2026-08-12,https://etsuran2.mlit.go.jp/TAKKEN/takkenKensaku.do?CMD=selectPage&caller=TK&choice=1&rdoSelect=1&rdoSelectJoken=1&rdoSelectSort=1&sortValue=1&dispCount=50&licenseNoKbn=27&pageCount=1&pageListNo1=1&pageListNo2=1,公式確認済み,1,2026-08-19,https://data-link-plus.com/jp/corporation/6120001090221,公式サイト自動確認（確信度高・100点）。問い合わせ導線あり。物上げ適性C（5点: 問い合わせ導線）
MLIT-27-00000345,大阪府,000345,正鋼建設株式会社,大阪府,2026-08-12,https://etsuran2.mlit.go.jp/TAKKEN/takkenKensaku.do?CMD=selectPage&caller=TK&choice=1&rdoSelect=1&rdoSelectJoken=1&rdoSelectSort=1&sortValue=1&dispCount=50&licenseNoKbn=27&pageCount=1&pageListNo1=1&pageListNo2=1,公式確認済み,1,2026-08-19,https://data-link-plus.com/jp/corporation/3122001003660,公式サイト自動確認（確信度高・95点）。問い合わせ導線あり。物上げ適性C（5点: 問い合わせ導線）
MLIT-27-00000369,大阪府,000369,ふか喜株式会社,大阪府,2026-08-12,https://etsuran2.mlit.go.jp/TAKKEN/takkenKensaku.do?CMD=selectPage&caller=TK&choice=1&rdoSelect=1&rdoSelectJoken=1&rdoSelectSort=1&sortValue=1&dispCount=50&licenseNoKbn=27&pageCount=1&pageListNo1=1&pageListNo2=1,公式確認済み,1,2026-08-19,https://compalyze.co.jp/company/1120901019885,公式サイト自動確認（確信度高・100点）。収益・投資用不動産表記あり。問い合わせ導線あり。物上げ適性C（30点: 用地仕入れ・開発・問い合わせ導線）
MLIT-40-00000090,福岡県,000090,株式会社藤本建設,福岡県,2026-08-13,https://etsuran2.mlit.go.jp/TAKKEN/takkenKensaku.do?CMD=selectPage&caller=TK&choice=1&rdoSelect=1&rdoSelectJoken=1&rdoSelectSort=1&sortValue=1&dispCount=50&licenseNoKbn=40&pageCount=1&pageListNo1=1&pageListNo2=1,公式確認済み,1,2026-08-19,https://data-link-plus.com/jp/corporation/8290801010500,公式サイト自動確認（確信度高・95点）。問い合わせ導線あり。物上げ適性C（5点: 問い合わせ導線）
MLIT-40-00000098,福岡県,000098,西日本住宅株式会社,福岡県,2026-08-13,https://etsuran2.mlit.go.jp/TAKKEN/takkenKensaku.do?CMD=selectPage&caller=TK&choice=1&rdoSelect=1&rdoSelectJoken=1&rdoSelectSort=1&sortValue=1&dispCount=50&licenseNoKbn=40&pageCount=1&pageListNo1=1&pageListNo2=1,公式確認済み,1,2026-08-19,https://nishinihonjyutaku.jimdofree.com/%E4%BC%9A%E7%A4%BE%E6%A1%88%E5%86%85/%E4%BC%9A%E7%A4%BE%E6%A6%82%E8%A6%81/,公式サイト自動確認（確信度高・85点）。問い合わせ導線あり。物上げ適性C（20点: 売主・オーナー直結・問い合わせ導線）
MLIT-40-00000708,福岡県,000708,親和産業株式会社,福岡県,2026-08-13,https://etsuran2.mlit.go.jp/TAKKEN/takkenKensaku.do?CMD=selectPage&caller=TK&choice=1&rdoSelect=1&rdoSelectJoken=1&rdoSelectSort=1&sortValue=1&dispCount=50&licenseNoKbn=40&pageCount=1&pageListNo1=1&pageListNo2=1,公式確認済み,1,2026-08-20,https://www.shinwa-net.co.jp/company.php,公式サイト自動確認（確信度高・85点）。問い合わせ導線あり。公開法人メール: info@shinwa-net.co.jp。物上げ適性C（5点: 問い合わせ導線）
MLIT-40-00000803,福岡県,000803,株式会社芳賀,福岡県,2026-08-13,https://etsuran2.mlit.go.jp/TAKKEN/takkenKensaku.do?CMD=selectPage&caller=TK&choice=1&rdoSelect=1&rdoSelectJoken=1&rdoSelectSort=1&sortValue=1&dispCount=50&licenseNoKbn=40&pageCount=1&pageListNo1=1&pageListNo2=1,公式確認済み,1,2026-08-20,https://www.big-advance.site/c/160/1756/profile,公式サイト自動確認（確信度中・75点）。問い合わせ導線あり。物上げ適性C（5点: 問い合わせ導線）
MLIT-26-00000078,京都府,000078,株式会社タイセイ,京都府,2026-08-14,https://etsuran2.mlit.go.jp/TAKKEN/takkenKensaku.do?CMD=selectPage&caller=TK&choice=1&rdoSelect=1&rdoSelectJoken=1&rdoSelectSort=1&sortValue=1&dispCount=50&licenseNoKbn=26&pageCount=1&pageListNo1=1&pageListNo2=1,公式確認済み,1,2026-08-21,https://ozakigroup.jp/taisei/%E4%BC%9A%E7%A4%BE%E6%A1%88%E5%86%85/,公式サイト自動確認（確信度高・100点）。問い合わせ導線あり。物上げ適性C（5点: 問い合わせ導線）
MLIT-26-00000308,京都府,000308,株式会社中井商店,京都府,2026-08-14,https://etsuran2.mlit.go.jp/TAKKEN/takkenKensaku.do?CMD=selectPage&caller=TK&choice=1&rdoSelect=1&rdoSelectJoken=1&rdoSelectSort=1&sortValue=1&dispCount=50&licenseNoKbn=26&pageCount=1&pageListNo1=1&pageListNo2=1,公式確認済み,1,2026-08-22,https://kobonavi.co.jp/company/2010501009512,公式サイト自動確認（確信度高・85点）。問い合わせ導線あり。物上げ適性C（5点: 問い合わせ導線）
MLIT-28-00000501,兵庫県,000501,株式会社和興不動産,兵庫県,2026-08-15,https://etsuran2.mlit.go.jp/TAKKEN/takkenKensaku.do?CMD=selectPage&caller=TK&choice=1&rdoSelect=1&rdoSelectJoken=1&rdoSelectSort=1&sortValue=1&dispCount=50&licenseNoKbn=28&pageCount=1&pageListNo1=1&pageListNo2=1,公式確認済み,1,2026-08-23,https://wakou-kobe.co.jp/anet%E3%81%AB%E3%81%A4%E3%81%84%E3%81%A6/,公式サイト自動確認（確信度高・100点）。問い合わせ導線あり。物上げ適性C（5点: 問い合わせ導線）
MLIT-28-00000576,兵庫県,000576,長野工務店,兵庫県,2026-08-15,https://etsuran2.mlit.go.jp/TAKKEN/takkenKensaku.do?CMD=selectPage&caller=TK&choice=1&rdoSelect=1&rdoSelectJoken=1&rdoSelectSort=1&sortValue=1&dispCount=50&licenseNoKbn=28&pageCount=1&pageListNo1=1&pageListNo2=1,公式確認済み,1,2026-08-23,https://tsukulink.net/osaka/city_272116/236696,公式サイト自動確認（確信度高・90点）。問い合わせ導線あり。物上げ適性C（5点: 問い合わせ導線）
MLIT-34-00000014,広島県,000014,株式会社弘億開発,広島県,2026-08-16,https://etsuran2.mlit.go.jp/TAKKEN/takkenKensaku.do?CMD=selectPage&caller=TK&choice=1&rdoSelect=1&rdoSelectJoken=1&rdoSelectSort=1&sortValue=1&dispCount=50&licenseNoKbn=34&pageCount=1&pageListNo1=1&pageListNo2=1,公式確認済み,1,2026-08-23,https://kaisharesearch.com/company/detail/5240001009920/,公式サイト自動確認（確信度中・75点）
MLIT-34-00000144,広島県,000144,広商事株式会社,広島県,2026-08-16,https://etsuran2.mlit.go.jp/TAKKEN/takkenKensaku.do?CMD=selectPage&caller=TK&choice=1&rdoSelect=1&rdoSelectJoken=1&rdoSelectSort=1&sortValue=1&dispCount=50&licenseNoKbn=34&pageCount=1&pageListNo1=1&pageListNo2=1,公式確認済み,1,2026-08-24,https://compalyze.co.jp/company/1240001026408,公式サイト自動確認（確信度高・100点）。問い合わせ導線あり。物上げ適性C（5点: 問い合わせ導線）
MLIT-34-00000279,広島県,000279,まるべに不動産株式会社,広島県,2026-08-16,https://etsuran2.mlit.go.jp/TAKKEN/takkenKensaku.do?CMD=selectPage&caller=TK&choice=1&rdoSelect=1&rdoSelectJoken=1&rdoSelectSort=1&sortValue=1&dispCount=50&licenseNoKbn=34&pageCount=1&pageListNo1=1&pageListNo2=1,公式確認済み,1,2026-08-24,https://data-link-plus.com/jp/corporation/9240001038560,公式サイト自動確認（確信度高・100点）。問い合わせ導線あり。物上げ適性C（5点: 問い合わせ導線）
MLIT-34-00000306,広島県,000306,大蔵商事株式会社,広島県,2026-08-16,https://etsuran2.mlit.go.jp/TAKKEN/takkenKensaku.do?CMD=selectPage&caller=TK&choice=1&rdoSelect=1&rdoSelectJoken=1&rdoSelectSort=1&sortValue=1&dispCount=50&licenseNoKbn=34&pageCount=1&pageListNo1=1&pageListNo2=1,公式確認済み,1,2026-08-24,https://www.ookura.co.jp/,公式サイト自動確認（確信度高・95点）。問い合わせ導線あり。物上げ適性C（5点: 問い合わせ導線）
MLIT-34-00000499,広島県,000499,広島総合開発株式会社,広島県,2026-08-16,https://etsuran2.mlit.go.jp/TAKKEN/takkenKensaku.do?CMD=selectPage&caller=TK&choice=1&rdoSelect=1&rdoSelectJoken=1&rdoSelectSort=1&sortValue=1&dispCount=50&licenseNoKbn=34&pageCount=1&pageListNo1=1&pageListNo2=1,公式確認済み,1,2026-08-24,https://kaisharesearch.com/company/detail/1240001009288/,公式サイト自動確認（確信度中・75点）
MLIT-02-00000167,青森県,000167,宝不動産株式会社,青森県,2026-08-18,https://etsuran2.mlit.go.jp/TAKKEN/takkenKensaku.do?CMD=selectPage&caller=TK&choice=1&rdoSelect=1&rdoSelectJoken=1&rdoSelectSort=1&sortValue=1&dispCount=50&licenseNoKbn=02&pageCount=1&pageListNo1=1&pageListNo2=1,公式確認済み,1,2026-08-26,https://www.srm-hachinohe.com/company/,公式サイト自動確認（確信度高・85点）。問い合わせ導線あり。物上げ適性C（5点: 問い合わせ導線）
MLIT-03-00001058,岩手県,001058,東北土地開発株式会社,岩手県,2026-08-19,https://etsuran2.mlit.go.jp/TAKKEN/takkenKensaku.do?CMD=selectPage&caller=TK&choice=1&rdoSelect=1&rdoSelectJoken=1&rdoSelectSort=1&sortValue=1&dispCount=50&licenseNoKbn=03&pageCount=1&pageListNo1=1&pageListNo2=1,公式確認済み,1,2026-08-28,https://www.tohoku-tochi.com/,公式サイト自動確認（確信度高・100点）。戸建て取扱表記あり。問い合わせ導線あり。物上げ適性C（5点: 問い合わせ導線）
MLIT-06-00000209,山形県,000209,株式会社ティーエムスクエア,山形県,2026-08-21,https://etsuran2.mlit.go.jp/TAKKEN/takkenKensaku.do?CMD=selectPage&caller=TK&choice=1&rdoSelect=1&rdoSelectJoken=1&rdoSelectSort=1&sortValue=1&dispCount=50&licenseNoKbn=06&pageCount=1&pageListNo1=1&pageListNo2=1,公式確認済み,1,2026-08-30,https://kaisharesearch.com/company/detail/7390001011802/,公式サイト自動確認（確信度中・75点）
MLIT-07-00001507,福島県,001507,株式会社白岩工務店,福島県,2026-08-22,https://etsuran2.mlit.go.jp/TAKKEN/takkenKensaku.do?CMD=selectPage&caller=TK&choice=1&rdoSelect=1&rdoSelectJoken=1&rdoSelectSort=1&sortValue=1&dispCount=50&licenseNoKbn=07&pageCount=1&pageListNo1=1&pageListNo2=1,公式確認済み,1,2026-08-31,https://shiraiwa-jp.com/,公式サイト自動確認（確信度高・100点）。戸建て取扱表記あり。収益・投資用不動産表記あり。問い合わせ導線あり。物上げ適性C（5点: 問い合わせ導線）
MLIT-07-00001527,福島県,001527,有限会社松江,福島県,2026-08-22,https://etsuran2.mlit.go.jp/TAKKEN/takkenKensaku.do?CMD=selectPage&caller=TK&choice=1&rdoSelect=1&rdoSelectJoken=1&rdoSelectSort=1&sortValue=1&dispCount=50&licenseNoKbn=07&pageCount=1&pageListNo1=1&pageListNo2=1,公式確認済み,1,2026-08-31,https://www.houjinbase.com/companies/%E6%9C%89%E9%99%90%E4%BC%9A%E7%A4%BE%E6%9D%BE%E6%B1%9F%E4%BC%81%E7%94%BB-3290802019066/,公式サイト自動確認（確信度高・100点）。問い合わせ導線あり。物上げ適性C（5点: 問い合わせ導線）
MLIT-15-00000005,新潟県,000005,昭和セイシ株式会社,新潟県,2026-08-23,https://etsuran2.mlit.go.jp/TAKKEN/takkenKensaku.do?CMD=selectPage&caller=TK&choice=1&rdoSelect=1&rdoSelectJoken=1&rdoSelectSort=1&sortValue=1&dispCount=50&licenseNoKbn=15&pageCount=1&pageListNo1=1&pageListNo2=1,公式確認済み,1,2026-09-01,https://kaisharesearch.com/company/detail/2110001002643/,公式サイト自動確認（確信度中・75点）
MLIT-15-00000191,新潟県,000191,高頭不動産株式会社,新潟県,2026-08-23,https://etsuran2.mlit.go.jp/TAKKEN/takkenKensaku.do?CMD=selectPage&caller=TK&choice=1&rdoSelect=1&rdoSelectJoken=1&rdoSelectSort=1&sortValue=1&dispCount=50&licenseNoKbn=15&pageCount=1&pageListNo1=1&pageListNo2=1,公式確認済み,1,2026-09-02,https://www.takato-f.jp/,公式サイト自動確認（確信度高・90点）。戸建て取扱表記あり。問い合わせ導線あり。物上げ適性C（5点: 問い合わせ導線）
MLIT-16-00000295,富山県,000295,共同ホーム,富山県,2026-08-24,https://etsuran2.mlit.go.jp/TAKKEN/takkenKensaku.do?CMD=selectPage&caller=TK&choice=1&rdoSelect=1&rdoSelectJoken=1&rdoSelectSort=1&sortValue=1&dispCount=50&licenseNoKbn=16&pageCount=1&pageListNo1=1&pageListNo2=1,公式確認済み,1,2026-09-03,https://www.chintai.net/shop/200000781/,公式サイト自動確認（確信度高・85点）。収益・投資用不動産表記あり。問い合わせ導線あり。物上げ適性C（20点: 売主・オーナー直結・問い合わせ導線）
MLIT-16-00000315,富山県,000315,プラザ開発,富山県,2026-08-24,https://etsuran2.mlit.go.jp/TAKKEN/takkenKensaku.do?CMD=selectPage&caller=TK&choice=1&rdoSelect=1&rdoSelectJoken=1&rdoSelectSort=1&sortValue=1&dispCount=50&licenseNoKbn=16&pageCount=1&pageListNo1=1&pageListNo2=1,公式確認済み,1,2026-09-03,https://pulaza.jp/info/,公式サイト自動確認（確信度高・85点）。問い合わせ導線あり。物上げ適性C（5点: 問い合わせ導線）
MLIT-16-00000347,富山県,000347,株式会社菅原工務店,富山県,2026-08-24,https://etsuran2.mlit.go.jp/TAKKEN/takkenKensaku.do?CMD=selectPage&caller=TK&choice=1&rdoSelect=1&rdoSelectJoken=1&rdoSelectSort=1&sortValue=1&dispCount=50&licenseNoKbn=16&pageCount=1&pageListNo1=1&pageListNo2=1,公式確認済み,1,2026-09-03,https://www.sugawara-koumuten.com/works/%E3%81%A1%E3%82%87%E3%81%86%E3%81%A9%E3%81%84%E3%81%84%E8%B7%9D%E9%9B%A2%E6%84%9F%E3%81%AE%E4%BD%8F%E3%81%BE%E3%81%84/,公式サイト自動確認（確信度高・100点）。問い合わせ導線あり。物上げ適性C（5点: 問い合わせ導線）
MLIT-17-00000152,石川県,000152,北陸鉄道株式会社,石川県,2026-08-25,https://etsuran2.mlit.go.jp/TAKKEN/takkenKensaku.do?CMD=selectPage&caller=TK&choice=1&rdoSelect=1&rdoSelectJoken=1&rdoSelectSort=1&sortValue=1&dispCount=50&licenseNoKbn=17&pageCount=1&pageListNo1=1&pageListNo2=1,公式確認済み,1,2026-09-04,https://www.hokutetsu.co.jp/company/summary/,公式サイト自動確認（確信度高・85点）。問い合わせ導線あり。物上げ適性C（5点: 問い合わせ導線）
MLIT-17-00000230,石川県,000230,光和土地建物株式会社,石川県,2026-08-25,https://etsuran2.mlit.go.jp/TAKKEN/takkenKensaku.do?CMD=selectPage&caller=TK&choice=1&rdoSelect=1&rdoSelectJoken=1&rdoSelectSort=1&sortValue=1&dispCount=50&licenseNoKbn=17&pageCount=1&pageListNo1=1&pageListNo2=1,公式確認済み,1,2026-09-04,https://compalyze.co.jp/company/4220001002705,公式サイト自動確認（確信度中・70点）。問い合わせ導線あり。物上げ適性C（5点: 問い合わせ導線）
MLIT-17-00000252,石川県,000252,池田不動産商会,石川県,2026-08-25,https://etsuran2.mlit.go.jp/TAKKEN/takkenKensaku.do?CMD=selectPage&caller=TK&choice=1&rdoSelect=1&rdoSelectJoken=1&rdoSelectSort=1&sortValue=1&dispCount=50&licenseNoKbn=17&pageCount=1&pageListNo1=1&pageListNo2=1,公式確認済み,1,2026-09-04,https://www.hatomarksite.com/search/zentaku/agent/00071700047,公式サイト自動確認（確信度高・85点）。戸建て取扱表記あり。問い合わせ導線あり。物上げ適性C（5点: 問い合わせ導線）
MLIT-17-00000576,石川県,000576,北国観光資源開発株式会社,石川県,2026-08-25,https://etsuran2.mlit.go.jp/TAKKEN/takkenKensaku.do?CMD=selectPage&caller=TK&choice=1&rdoSelect=1&rdoSelectJoken=1&rdoSelectSort=1&sortValue=1&dispCount=50&licenseNoKbn=17&pageCount=1&pageListNo1=1&pageListNo2=1,公式確認済み,1,2026-09-04,https://kanazawa-agent.com/,公式サイト自動確認（確信度中・80点）。問い合わせ導線あり。物上げ適性C（5点: 問い合わせ導線）
MLIT-19-00000024,山梨県,000024,株式会社甲斐不動産,山梨県,2026-08-27,https://etsuran2.mlit.go.jp/TAKKEN/takkenKensaku.do?CMD=selectPage&caller=TK&choice=1&rdoSelect=1&rdoSelectJoken=1&rdoSelectSort=1&sortValue=1&dispCount=50&licenseNoKbn=19&pageCount=1&pageListNo1=1&pageListNo2=1,公式確認済み,1,2026-09-04,https://www.houjinbase.com/companies/%E6%A0%AA%E5%BC%8F%E4%BC%9A%E7%A4%BE%E7%94%B2%E6%96%90%E4%B8%8D%E5%8B%95%E7%94%A3-6090001005950/,公式サイト自動確認（確信度高・100点）。問い合わせ導線あり。物上げ適性C（5点: 問い合わせ導線）
MLIT-12-00000120,千葉県,000120,小湊鉄道株式会社,千葉県,2026-07-22,https://etsuran2.mlit.go.jp/TAKKEN/takkenKensaku.do?CMD=selectPage&caller=TK&choice=1&rdoSelect=1&rdoSelectJoken=1&rdoSelectSort=1&sortValue=1&dispCount=50&licenseNoKbn=12&pageCount=1&pageListNo1=1&pageListNo2=1,品質再確認待ち,1,2026-07-23,https://ja.wikipedia.org/wiki/%E5%B0%8F%E6%B9%8A%E9%89%84%E9%81%93,公式サイトを自動確認。問い合わせ導線あり; 既存公式URLまたは電話番号を品質監査で隔離
MLIT-19-00000034,山梨県,000034,山中湖不動産株式会社,山梨県,2026-08-27,https://etsuran2.mlit.go.jp/TAKKEN/takkenKensaku.do?CMD=selectPage&caller=TK&choice=1&rdoSelect=1&rdoSelectJoken=1&rdoSelectSort=1&sortValue=1&dispCount=50&licenseNoKbn=19&pageCount=1&pageListNo1=1&pageListNo2=1,未調査,0,,,国土交通省公開検索から自動発見
MLIT-19-00000046,山梨県,000046,峡東振興株式会社,山梨県,2026-08-27,https://etsuran2.mlit.go.jp/TAKKEN/takkenKensaku.do?CMD=selectPage&caller=TK&choice=1&rdoSelect=1&rdoSelectJoken=1&rdoSelectSort=1&sortValue=1&dispCount=50&licenseNoKbn=19&pageCount=1&pageListNo1=1&pageListNo2=1,未調査,0,,,国土交通省公開検索から自動発見
MLIT-19-00000073,山梨県,000073,有限会社青沼商会,山梨県,2026-08-27,https://etsuran2.mlit.go.jp/TAKKEN/takkenKensaku.do?CMD=selectPage&caller=TK&choice=1&rdoSelect=1&rdoSelectJoken=1&rdoSelectSort=1&sortValue=1&dispCount=50&licenseNoKbn=19&pageCount=1&pageListNo1=1&pageListNo2=1,未調査,0,,,国土交通省公開検索から自動発見
MLIT-19-00000108,山梨県,000108,小口マタイ株式会社,山梨県,2026-08-27,https://etsuran2.mlit.go.jp/TAKKEN/takkenKensaku.do?CMD=selectPage&caller=TK&choice=1&rdoSelect=1&rdoSelectJoken=1&rdoSelectSort=1&sortValue=1&dispCount=50&licenseNoKbn=19&pageCount=1&pageListNo1=1&pageListNo2=1,未調査,0,,,国土交通省公開検索から自動発見
MLIT-19-00000185,山梨県,000185,有限会社山中商事,山梨県,2026-08-27,https://etsuran2.mlit.go.jp/TAKKEN/takkenKensaku.do?CMD=selectPage&caller=TK&choice=1&rdoSelect=1&rdoSelectJoken=1&rdoSelectSort=1&sortValue=1&dispCount=50&licenseNoKbn=19&pageCount=1&pageListNo1=1&pageListNo2=1,未調査,0,,,国土交通省公開検索から自動発見
MLIT-19-00000202,山梨県,000202,ランドハウス株式会社 ※,山梨県,2026-08-27,https://etsuran2.mlit.go.jp/TAKKEN/takkenKensaku.do?CMD=selectPage&caller=TK&choice=1&rdoSelect=1&rdoSelectJoken=1&rdoSelectSort=1&sortValue=1&dispCount=50&licenseNoKbn=19&pageCount=1&pageListNo1=1&pageListNo2=1,未調査,0,,,国土交通省公開検索から自動発見
MLIT-19-00000225,山梨県,000225,有限会社入戸野不動産 ※,山梨県,2026-08-27,https://etsuran2.mlit.go.jp/TAKKEN/takkenKensaku.do?CMD=selectPage&caller=TK&choice=1&rdoSelect=1&rdoSelectJoken=1&rdoSelectSort=1&sortValue=1&dispCount=50&licenseNoKbn=19&pageCount=1&pageListNo1=1&pageListNo2=1,未調査,0,,,国土交通省公開検索から自動発見
MLIT-19-00000285,山梨県,000285,株式会社清国不動産,山梨県,2026-08-27,https://etsuran2.mlit.go.jp/TAKKEN/takkenKensaku.do?CMD=selectPage&caller=TK&choice=1&rdoSelect=1&rdoSelectJoken=1&rdoSelectSort=1&sortValue=1&dispCount=50&licenseNoKbn=19&pageCount=1&pageListNo1=1&pageListNo2=1,未調査,0,,,国土交通省公開検索から自動発見
MLIT-19-00000288,山梨県,000288,有限会社遊亀不動産,山梨県,2026-08-27,https://etsuran2.mlit.go.jp/TAKKEN/takkenKensaku.do?CMD=selectPage&caller=TK&choice=1&rdoSelect=1&rdoSelectJoken=1&rdoSelectSort=1&sortValue=1&dispCount=50&licenseNoKbn=19&pageCount=1&pageListNo1=1&pageListNo2=1,未調査,0,,,国土交通省公開検索から自動発見
MLIT-20-00000001,長野県,000001,平和地所株式会社,長野県,2026-08-28,https://etsuran2.mlit.go.jp/TAKKEN/takkenKensaku.do?CMD=selectPage&caller=TK&choice=1&rdoSelect=1&rdoSelectJoken=1&rdoSelectSort=1&sortValue=1&dispCount=50&licenseNoKbn=20&pageCount=1&pageListNo1=1&pageListNo2=1,未調査,0,,,国土交通省公開検索から自動発見
MLIT-20-00000004,長野県,000004,千代田商事株式会社,長野県,2026-08-28,https://etsuran2.mlit.go.jp/TAKKEN/takkenKensaku.do?CMD=selectPage&caller=TK&choice=1&rdoSelect=1&rdoSelectJoken=1&rdoSelectSort=1&sortValue=1&dispCount=50&licenseNoKbn=20&pageCount=1&pageListNo1=1&pageListNo2=1,未調査,0,,,国土交通省公開検索から自動発見
MLIT-20-00000006,長野県,000006,有限会社ユニバーサルエステート,長野県,2026-08-28,https://etsuran2.mlit.go.jp/TAKKEN/takkenKensaku.do?CMD=selectPage&caller=TK&choice=1&rdoSelect=1&rdoSelectJoken=1&rdoSelectSort=1&sortValue=1&dispCount=50&licenseNoKbn=20&pageCount=1&pageListNo1=1&pageListNo2=1,未調査,0,,,国土交通省公開検索から自動発見
MLIT-20-00000012,長野県,000012,宝屋土地建物株式会社,長野県,2026-08-28,https://etsuran2.mlit.go.jp/TAKKEN/takkenKensaku.do?CMD=selectPage&caller=TK&choice=1&rdoSelect=1&rdoSelectJoken=1&rdoSelectSort=1&sortValue=1&dispCount=50&licenseNoKbn=20&pageCount=1&pageListNo1=1&pageListNo2=1,未調査,0,,,国土交通省公開検索から自動発見
MLIT-20-00000015,長野県,000015,長電建設株式会社,長野県,2026-08-28,https://etsuran2.mlit.go.jp/TAKKEN/takkenKensaku.do?CMD=selectPage&caller=TK&choice=1&rdoSelect=1&rdoSelectJoken=1&rdoSelectSort=1&sortValue=1&dispCount=50&licenseNoKbn=20&pageCount=1&pageListNo1=1&pageListNo2=1,未調査,0,,,国土交通省公開検索から自動発見
MLIT-20-00000024,長野県,000024,大成産業株式会社,長野県,2026-08-28,https://etsuran2.mlit.go.jp/TAKKEN/takkenKensaku.do?CMD=selectPage&caller=TK&choice=1&rdoSelect=1&rdoSelectJoken=1&rdoSelectSort=1&sortValue=1&dispCount=50&licenseNoKbn=20&pageCount=1&pageListNo1=1&pageListNo2=1,未調査,0,,,国土交通省公開検索から自動発見
MLIT-20-00000026,長野県,000026,一般社団法人軽井沢町振興公社,長野県,2026-08-28,https://etsuran2.mlit.go.jp/TAKKEN/takkenKensaku.do?CMD=selectPage&caller=TK&choice=1&rdoSelect=1&rdoSelectJoken=1&rdoSelectSort=1&sortValue=1&dispCount=50&licenseNoKbn=20&pageCount=1&pageListNo1=1&pageListNo2=1,未調査,0,,,国土交通省公開検索から自動発見
MLIT-20-00000059,長野県,000059,ハシバテクノス株式会社,長野県,2026-08-28,https://etsuran2.mlit.go.jp/TAKKEN/takkenKensaku.do?CMD=selectPage&caller=TK&choice=1&rdoSelect=1&rdoSelectJoken=1&rdoSelectSort=1&sortValue=1&dispCount=50&licenseNoKbn=20&pageCount=1&pageListNo1=1&pageListNo2=1,未調査,0,,,国土交通省公開検索から自動発見
MLIT-20-00000067,長野県,000067,上田交通株式会社,長野県,2026-08-28,https://etsuran2.mlit.go.jp/TAKKEN/takkenKensaku.do?CMD=selectPage&caller=TK&choice=1&rdoSelect=1&rdoSelectJoken=1&rdoSelectSort=1&sortValue=1&dispCount=50&licenseNoKbn=20&pageCount=1&pageListNo1=1&pageListNo2=1,未調査,0,,,国土交通省公開検索から自動発見
MLIT-20-00000075,長野県,000075,岡谷不動産商事有限会社,長野県,2026-08-28,https://etsuran2.mlit.go.jp/TAKKEN/takkenKensaku.do?CMD=selectPage&caller=TK&choice=1&rdoSelect=1&rdoSelectJoken=1&rdoSelectSort=1&sortValue=1&dispCount=50&licenseNoKbn=20&pageCount=1&pageListNo1=1&pageListNo2=1,未調査,0,,,国土交通省公開検索から自動発見
MLIT-21-00000048,岐阜県,000048,株式会社岐阜信販,岐阜県,2026-08-29,https://etsuran2.mlit.go.jp/TAKKEN/takkenKensaku.do?CMD=selectPage&caller=TK&choice=1&rdoSelect=1&rdoSelectJoken=1&rdoSelectSort=1&sortValue=1&dispCount=50&licenseNoKbn=21&pageCount=1&pageListNo1=1&pageListNo2=1,未調査,0,,,国土交通省公開検索から自動発見
MLIT-21-00000065,岐阜県,000065,株式会社兼松不動産,岐阜県,2026-08-29,https://etsuran2.mlit.go.jp/TAKKEN/takkenKensaku.do?CMD=selectPage&caller=TK&choice=1&rdoSelect=1&rdoSelectJoken=1&rdoSelectSort=1&sortValue=1&dispCount=50&licenseNoKbn=21&pageCount=1&pageListNo1=1&pageListNo2=1,未調査,0,,,国土交通省公開検索から自動発見
MLIT-21-00000146,岐阜県,000146,大和土地商事株式会社,岐阜県,2026-08-29,https://etsuran2.mlit.go.jp/TAKKEN/takkenKensaku.do?CMD=selectPage&caller=TK&choice=1&rdoSelect=1&rdoSelectJoken=1&rdoSelectSort=1&sortValue=1&dispCount=50&licenseNoKbn=21&pageCount=1&pageListNo1=1&pageListNo2=1,未調査,0,,,国土交通省公開検索から自動発見
MLIT-21-00000148,岐阜県,000148,株式会社協和,岐阜県,2026-08-29,https://etsuran2.mlit.go.jp/TAKKEN/takkenKensaku.do?CMD=selectPage&caller=TK&choice=1&rdoSelect=1&rdoSelectJoken=1&rdoSelectSort=1&sortValue=1&dispCount=50&licenseNoKbn=21&pageCount=1&pageListNo1=1&pageListNo2=1,未調査,0,,,国土交通省公開検索から自動発見
MLIT-21-00000183,岐阜県,000183,株式会社健栄,岐阜県,2026-08-29,https://etsuran2.mlit.go.jp/TAKKEN/takkenKensaku.do?CMD=selectPage&caller=TK&choice=1&rdoSelect=1&rdoSelectJoken=1&rdoSelectSort=1&sortValue=1&dispCount=50&licenseNoKbn=21&pageCount=1&pageListNo1=1&pageListNo2=1,未調査,0,,,国土交通省公開検索から自動発見
MLIT-21-00000296,岐阜県,000296,加納産業合資会社,岐阜県,2026-08-29,https://etsuran2.mlit.go.jp/TAKKEN/takkenKensaku.do?CMD=selectPage&caller=TK&choice=1&rdoSelect=1&rdoSelectJoken=1&rdoSelectSort=1&sortValue=1&dispCount=50&licenseNoKbn=21&pageCount=1&pageListNo1=1&pageListNo2=1,未調査,0,,,国土交通省公開検索から自動発見
MLIT-21-00000327,岐阜県,000327,島商事株式会社,岐阜県,2026-08-29,https://etsuran2.mlit.go.jp/TAKKEN/takkenKensaku.do?CMD=selectPage&caller=TK&choice=1&rdoSelect=1&rdoSelectJoken=1&rdoSelectSort=1&sortValue=1&dispCount=50&licenseNoKbn=21&pageCount=1&pageListNo1=1&pageListNo2=1,未調査,0,,,国土交通省公開検索から自動発見
MLIT-21-00000355,岐阜県,000355,南部開発有限会社,岐阜県,2026-08-29,https://etsuran2.mlit.go.jp/TAKKEN/takkenKensaku.do?CMD=selectPage&caller=TK&choice=1&rdoSelect=1&rdoSelectJoken=1&rdoSelectSort=1&sortValue=1&dispCount=50&licenseNoKbn=21&pageCount=1&pageListNo1=1&pageListNo2=1,未調査,0,,,国土交通省公開検索から自動発見
MLIT-21-00000435,岐阜県,000435,有限会社中津川不動産,岐阜県,2026-08-29,https://etsuran2.mlit.go.jp/TAKKEN/takkenKensaku.do?CMD=selectPage&caller=TK&choice=1&rdoSelect=1&rdoSelectJoken=1&rdoSelectSort=1&sortValue=1&dispCount=50&licenseNoKbn=21&pageCount=1&pageListNo1=1&pageListNo2=1,未調査,0,,,国土交通省公開検索から自動発見
MLIT-21-00000469,岐阜県,000469,大垣不動産株式会社,岐阜県,2026-08-29,https://etsuran2.mlit.go.jp/TAKKEN/takkenKensaku.do?CMD=selectPage&caller=TK&choice=1&rdoSelect=1&rdoSelectJoken=1&rdoSelectSort=1&sortValue=1&dispCount=50&licenseNoKbn=21&pageCount=1&pageListNo1=1&pageListNo2=1,未調査,0,,,国土交通省公開検索から自動発見
MLIT-22-00000070,静岡県,000070,合資会社丸共不動産商会 ※,静岡県,2026-08-30,https://etsuran2.mlit.go.jp/TAKKEN/takkenKensaku.do?CMD=selectPage&caller=TK&choice=1&rdoSelect=1&rdoSelectJoken=1&rdoSelectSort=1&sortValue=1&dispCount=50&licenseNoKbn=22&pageCount=1&pageListNo1=1&pageListNo2=1,未調査,0,,,国土交通省公開検索から自動発見
MLIT-22-00000136,静岡県,000136,平和建設株式会社 ※,静岡県,2026-08-30,https://etsuran2.mlit.go.jp/TAKKEN/takkenKensaku.do?CMD=selectPage&caller=TK&choice=1&rdoSelect=1&rdoSelectJoken=1&rdoSelectSort=1&sortValue=1&dispCount=50&licenseNoKbn=22&pageCount=1&pageListNo1=1&pageListNo2=1,未調査,0,,,国土交通省公開検索から自動発見
MLIT-22-00000230,静岡県,000230,セキ興産株式会社 ※,静岡県,2026-08-30,https://etsuran2.mlit.go.jp/TAKKEN/takkenKensaku.do?CMD=selectPage&caller=TK&choice=1&rdoSelect=1&rdoSelectJoken=1&rdoSelectSort=1&sortValue=1&dispCount=50&licenseNoKbn=22&pageCount=1&pageListNo1=1&pageListNo2=1,未調査,0,,,国土交通省公開検索から自動発見
MLIT-22-00000274,静岡県,000274,静岡鉄道株式会社 ※,静岡県,2026-08-30,https://etsuran2.mlit.go.jp/TAKKEN/takkenKensaku.do?CMD=selectPage&caller=TK&choice=1&rdoSelect=1&rdoSelectJoken=1&rdoSelectSort=1&sortValue=1&dispCount=50&licenseNoKbn=22&pageCount=1&pageListNo1=1&pageListNo2=1,未調査,0,,,国土交通省公開検索から自動発見
MLIT-22-00000293,静岡県,000293,浜松地所株式会社 ※,静岡県,2026-08-30,https://etsuran2.mlit.go.jp/TAKKEN/takkenKensaku.do?CMD=selectPage&caller=TK&choice=1&rdoSelect=1&rdoSelectJoken=1&rdoSelectSort=1&sortValue=1&dispCount=50&licenseNoKbn=22&pageCount=1&pageListNo1=1&pageListNo2=1,未調査,0,,,国土交通省公開検索から自動発見
MLIT-22-00000426,静岡県,000426,株式会社榎本不動産部 ※,静岡県,2026-08-30,https://etsuran2.mlit.go.jp/TAKKEN/takkenKensaku.do?CMD=selectPage&caller=TK&choice=1&rdoSelect=1&rdoSelectJoken=1&rdoSelectSort=1&sortValue=1&dispCount=50&licenseNoKbn=22&pageCount=1&pageListNo1=1&pageListNo2=1,未調査,0,,,国土交通省公開検索から自動発見
MLIT-22-00000449,静岡県,000449,八洲開発株式会社 ※,静岡県,2026-08-30,https://etsuran2.mlit.go.jp/TAKKEN/takkenKensaku.do?CMD=selectPage&caller=TK&choice=1&rdoSelect=1&rdoSelectJoken=1&rdoSelectSort=1&sortValue=1&dispCount=50&licenseNoKbn=22&pageCount=1&pageListNo1=1&pageListNo2=1,未調査,0,,,国土交通省公開検索から自動発見
MLIT-22-00000466,静岡県,000466,富士綜合開発観光株式会社 ※,静岡県,2026-08-30,https://etsuran2.mlit.go.jp/TAKKEN/takkenKensaku.do?CMD=selectPage&caller=TK&choice=1&rdoSelect=1&rdoSelectJoken=1&rdoSelectSort=1&sortValue=1&dispCount=50&licenseNoKbn=22&pageCount=1&pageListNo1=1&pageListNo2=1,未調査,0,,,国土交通省公開検索から自動発見
MLIT-22-00000482,静岡県,000482,有限会社中野商事 ※,静岡県,2026-08-30,https://etsuran2.mlit.go.jp/TAKKEN/takkenKensaku.do?CMD=selectPage&caller=TK&choice=1&rdoSelect=1&rdoSelectJoken=1&rdoSelectSort=1&sortValue=1&dispCount=50&licenseNoKbn=22&pageCount=1&pageListNo1=1&pageListNo2=1,未調査,0,,,国土交通省公開検索から自動発見
MLIT-22-00000523,静岡県,000523,株式会社石田不動産 ※,静岡県,2026-08-30,https://etsuran2.mlit.go.jp/TAKKEN/takkenKensaku.do?CMD=selectPage&caller=TK&choice=1&rdoSelect=1&rdoSelectJoken=1&rdoSelectSort=1&sortValue=1&dispCount=50&licenseNoKbn=22&pageCount=1&pageListNo1=1&pageListNo2=1,未調査,0,,,国土交通省公開検索から自動発見
MLIT-24-00000015,三重県,000015,株式会社西村産業,三重県,2026-08-31,https://etsuran2.mlit.go.jp/TAKKEN/takkenKensaku.do?CMD=selectPage&caller=TK&choice=1&rdoSelect=1&rdoSelectJoken=1&rdoSelectSort=1&sortValue=1&dispCount=50&licenseNoKbn=24&pageCount=1&pageListNo1=1&pageListNo2=1,未調査,0,,,国土交通省公開検索から自動発見
MLIT-24-00000033,三重県,000033,清川産業有限会社,三重県,2026-08-31,https://etsuran2.mlit.go.jp/TAKKEN/takkenKensaku.do?CMD=selectPage&caller=TK&choice=1&rdoSelect=1&rdoSelectJoken=1&rdoSelectSort=1&sortValue=1&dispCount=50&licenseNoKbn=24&pageCount=1&pageListNo1=1&pageListNo2=1,未調査,0,,,国土交通省公開検索から自動発見
MLIT-24-00000037,三重県,000037,有限会社かさぎ,三重県,2026-08-31,https://etsuran2.mlit.go.jp/TAKKEN/takkenKensaku.do?CMD=selectPage&caller=TK&choice=1&rdoSelect=1&rdoSelectJoken=1&rdoSelectSort=1&sortValue=1&dispCount=50&licenseNoKbn=24&pageCount=1&pageListNo1=1&pageListNo2=1,未調査,0,,,国土交通省公開検索から自動発見
MLIT-24-00000089,三重県,000089,名張不動産株式会社 ※,三重県,2026-08-31,https://etsuran2.mlit.go.jp/TAKKEN/takkenKensaku.do?CMD=selectPage&caller=TK&choice=1&rdoSelect=1&rdoSelectJoken=1&rdoSelectSort=1&sortValue=1&dispCount=50&licenseNoKbn=24&pageCount=1&pageListNo1=1&pageListNo2=1,未調査,0,,,国土交通省公開検索から自動発見
MLIT-24-00000127,三重県,000127,株式会社三重土地 ※,三重県,2026-08-31,https://etsuran2.mlit.go.jp/TAKKEN/takkenKensaku.do?CMD=selectPage&caller=TK&choice=1&rdoSelect=1&rdoSelectJoken=1&rdoSelectSort=1&sortValue=1&dispCount=50&licenseNoKbn=24&pageCount=1&pageListNo1=1&pageListNo2=1,未調査,0,,,国土交通省公開検索から自動発見
MLIT-24-00000139,三重県,000139,株式会社森田不動産 ※,三重県,2026-08-31,https://etsuran2.mlit.go.jp/TAKKEN/takkenKensaku.do?CMD=selectPage&caller=TK&choice=1&rdoSelect=1&rdoSelectJoken=1&rdoSelectSort=1&sortValue=1&dispCount=50&licenseNoKbn=24&pageCount=1&pageListNo1=1&pageListNo2=1,未調査,0,,,国土交通省公開検索から自動発見
MLIT-24-00000145,三重県,000145,株式会社サンライフ,三重県,2026-08-31,https://etsuran2.mlit.go.jp/TAKKEN/takkenKensaku.do?CMD=selectPage&caller=TK&choice=1&rdoSelect=1&rdoSelectJoken=1&rdoSelectSort=1&sortValue=1&dispCount=50&licenseNoKbn=24&pageCount=1&pageListNo1=1&pageListNo2=1,未調査,0,,,国土交通省公開検索から自動発見
MLIT-24-00000152,三重県,000152,株式会社桑名不動産,三重県,2026-08-31,https://etsuran2.mlit.go.jp/TAKKEN/takkenKensaku.do?CMD=selectPage&caller=TK&choice=1&rdoSelect=1&rdoSelectJoken=1&rdoSelectSort=1&sortValue=1&dispCount=50&licenseNoKbn=24&pageCount=1&pageListNo1=1&pageListNo2=1,未調査,0,,,国土交通省公開検索から自動発見
MLIT-24-00000176,三重県,000176,有限会社上埜不動産,三重県,2026-08-31,https://etsuran2.mlit.go.jp/TAKKEN/takkenKensaku.do?CMD=selectPage&caller=TK&choice=1&rdoSelect=1&rdoSelectJoken=1&rdoSelectSort=1&sortValue=1&dispCount=50&licenseNoKbn=24&pageCount=1&pageListNo1=1&pageListNo2=1,未調査,0,,,国土交通省公開検索から自動発見
MLIT-24-00000182,三重県,000182,東海土建株式会社,三重県,2026-08-31,https://etsuran2.mlit.go.jp/TAKKEN/takkenKensaku.do?CMD=selectPage&caller=TK&choice=1&rdoSelect=1&rdoSelectJoken=1&rdoSelectSort=1&sortValue=1&dispCount=50&licenseNoKbn=24&pageCount=1&pageListNo1=1&pageListNo2=1,未調査,0,,,国土交通省公開検索から自動発見
MLIT-25-00000019,滋賀県,000019,丸和商事株式会社,滋賀県,2026-09-01,https://etsuran2.mlit.go.jp/TAKKEN/takkenKensaku.do?CMD=selectPage&caller=TK&choice=1&rdoSelect=1&rdoSelectJoken=1&rdoSelectSort=1&sortValue=1&dispCount=50&licenseNoKbn=25&pageCount=1&pageListNo1=1&pageListNo2=1,未調査,0,,,国土交通省公開検索から自動発見
MLIT-25-00000044,滋賀県,000044,平田商事株式会社,滋賀県,2026-09-01,https://etsuran2.mlit.go.jp/TAKKEN/takkenKensaku.do?CMD=selectPage&caller=TK&choice=1&rdoSelect=1&rdoSelectJoken=1&rdoSelectSort=1&sortValue=1&dispCount=50&licenseNoKbn=25&pageCount=1&pageListNo1=1&pageListNo2=1,未調査,0,,,国土交通省公開検索から自動発見
MLIT-25-00000112,滋賀県,000112,大溝工業株式会社,滋賀県,2026-09-01,https://etsuran2.mlit.go.jp/TAKKEN/takkenKensaku.do?CMD=selectPage&caller=TK&choice=1&rdoSelect=1&rdoSelectJoken=1&rdoSelectSort=1&sortValue=1&dispCount=50&licenseNoKbn=25&pageCount=1&pageListNo1=1&pageListNo2=1,未調査,0,,,国土交通省公開検索から自動発見
MLIT-25-00000190,滋賀県,000190,株式会社山崎不動産,滋賀県,2026-09-01,https://etsuran2.mlit.go.jp/TAKKEN/takkenKensaku.do?CMD=selectPage&caller=TK&choice=1&rdoSelect=1&rdoSelectJoken=1&rdoSelectSort=1&sortValue=1&dispCount=50&licenseNoKbn=25&pageCount=1&pageListNo1=1&pageListNo2=1,未調査,0,,,国土交通省公開検索から自動発見
MLIT-25-00000220,滋賀県,000220,株式会社丸一不動産,滋賀県,2026-09-01,https://etsuran2.mlit.go.jp/TAKKEN/takkenKensaku.do?CMD=selectPage&caller=TK&choice=1&rdoSelect=1&rdoSelectJoken=1&rdoSelectSort=1&sortValue=1&dispCount=50&licenseNoKbn=25&pageCount=1&pageListNo1=1&pageListNo2=1,未調査,0,,,国土交通省公開検索から自動発見
MLIT-25-00000227,滋賀県,000227,東陽開発株式会社,滋賀県,2026-09-01,https://etsuran2.mlit.go.jp/TAKKEN/takkenKensaku.do?CMD=selectPage&caller=TK&choice=1&rdoSelect=1&rdoSelectJoken=1&rdoSelectSort=1&sortValue=1&dispCount=50&licenseNoKbn=25&pageCount=1&pageListNo1=1&pageListNo2=1,未調査,0,,,国土交通省公開検索から自動発見
MLIT-25-00000249,滋賀県,000249,株式会社滋賀住宅,滋賀県,2026-09-01,https://etsuran2.mlit.go.jp/TAKKEN/takkenKensaku.do?CMD=selectPage&caller=TK&choice=1&rdoSelect=1&rdoSelectJoken=1&rdoSelectSort=1&sortValue=1&dispCount=50&licenseNoKbn=25&pageCount=1&pageListNo1=1&pageListNo2=1,未調査,0,,,国土交通省公開検索から自動発見
MLIT-25-00000287,滋賀県,000287,弘徳興業株式会社,滋賀県,2026-09-01,https://etsuran2.mlit.go.jp/TAKKEN/takkenKensaku.do?CMD=selectPage&caller=TK&choice=1&rdoSelect=1&rdoSelectJoken=1&rdoSelectSort=1&sortValue=1&dispCount=50&licenseNoKbn=25&pageCount=1&pageListNo1=1&pageListNo2=1,未調査,0,,,国土交通省公開検索から自動発見
MLIT-25-00000339,滋賀県,000339,株式会社田附工務店,滋賀県,2026-09-01,https://etsuran2.mlit.go.jp/TAKKEN/takkenKensaku.do?CMD=selectPage&caller=TK&choice=1&rdoSelect=1&rdoSelectJoken=1&rdoSelectSort=1&sortValue=1&dispCount=50&licenseNoKbn=25&pageCount=1&pageListNo1=1&pageListNo2=1,未調査,0,,,国土交通省公開検索から自動発見
MLIT-25-00000353,滋賀県,000353,ＮｏｖｅＷｏｒｋｓ株式会社,滋賀県,2026-09-01,https://etsuran2.mlit.go.jp/TAKKEN/takkenKensaku.do?CMD=selectPage&caller=TK&choice=1&rdoSelect=1&rdoSelectJoken=1&rdoSelectSort=1&sortValue=1&dispCount=50&licenseNoKbn=25&pageCount=1&pageListNo1=1&pageListNo2=1,未調査,0,,,国土交通省公開検索から自動発見
MLIT-29-00000063,奈良県,000063,株式会社丸和不動産,奈良県,2026-09-02,https://etsuran2.mlit.go.jp/TAKKEN/takkenKensaku.do?CMD=selectPage&caller=TK&choice=1&rdoSelect=1&rdoSelectJoken=1&rdoSelectSort=1&sortValue=1&dispCount=50&licenseNoKbn=29&pageCount=1&pageListNo1=1&pageListNo2=1,未調査,0,,,国土交通省公開検索から自動発見
MLIT-29-00000067,奈良県,000067,三共土地建物株式会社,奈良県,2026-09-02,https://etsuran2.mlit.go.jp/TAKKEN/takkenKensaku.do?CMD=selectPage&caller=TK&choice=1&rdoSelect=1&rdoSelectJoken=1&rdoSelectSort=1&sortValue=1&dispCount=50&licenseNoKbn=29&pageCount=1&pageListNo1=1&pageListNo2=1,未調査,0,,,国土交通省公開検索から自動発見
MLIT-29-00000087,奈良県,000087,森川開発株式会社 ※,奈良県,2026-09-02,https://etsuran2.mlit.go.jp/TAKKEN/takkenKensaku.do?CMD=selectPage&caller=TK&choice=1&rdoSelect=1&rdoSelectJoken=1&rdoSelectSort=1&sortValue=1&dispCount=50&licenseNoKbn=29&pageCount=1&pageListNo1=1&pageListNo2=1,未調査,0,,,国土交通省公開検索から自動発見
MLIT-29-00000120,奈良県,000120,株式会社関西工務店 ※,奈良県,2026-09-02,https://etsuran2.mlit.go.jp/TAKKEN/takkenKensaku.do?CMD=selectPage&caller=TK&choice=1&rdoSelect=1&rdoSelectJoken=1&rdoSelectSort=1&sortValue=1&dispCount=50&licenseNoKbn=29&pageCount=1&pageListNo1=1&pageListNo2=1,未調査,0,,,国土交通省公開検索から自動発見
MLIT-29-00000122,奈良県,000122,株式会社ウエダ土地,奈良県,2026-09-02,https://etsuran2.mlit.go.jp/TAKKEN/takkenKensaku.do?CMD=selectPage&caller=TK&choice=1&rdoSelect=1&rdoSelectJoken=1&rdoSelectSort=1&sortValue=1&dispCount=50&licenseNoKbn=29&pageCount=1&pageListNo1=1&pageListNo2=1,未調査,0,,,国土交通省公開検索から自動発見
MLIT-29-00000205,奈良県,000205,大和興産株式会社,奈良県,2026-09-02,https://etsuran2.mlit.go.jp/TAKKEN/takkenKensaku.do?CMD=selectPage&caller=TK&choice=1&rdoSelect=1&rdoSelectJoken=1&rdoSelectSort=1&sortValue=1&dispCount=50&licenseNoKbn=29&pageCount=1&pageListNo1=1&pageListNo2=1,未調査,0,,,国土交通省公開検索から自動発見
MLIT-29-00000212,奈良県,000212,堀口商事株式会社,奈良県,2026-09-02,https://etsuran2.mlit.go.jp/TAKKEN/takkenKensaku.do?CMD=selectPage&caller=TK&choice=1&rdoSelect=1&rdoSelectJoken=1&rdoSelectSort=1&sortValue=1&dispCount=50&licenseNoKbn=29&pageCount=1&pageListNo1=1&pageListNo2=1,未調査,0,,,国土交通省公開検索から自動発見
MLIT-29-00000227,奈良県,000227,大信商事株式会社,奈良県,2026-09-02,https://etsuran2.mlit.go.jp/TAKKEN/takkenKensaku.do?CMD=selectPage&caller=TK&choice=1&rdoSelect=1&rdoSelectJoken=1&rdoSelectSort=1&sortValue=1&dispCount=50&licenseNoKbn=29&pageCount=1&pageListNo1=1&pageListNo2=1,未調査,0,,,国土交通省公開検索から自動発見
MLIT-29-00000256,奈良県,000256,朝日興産株式会社,奈良県,2026-09-02,https://etsuran2.mlit.go.jp/TAKKEN/takkenKensaku.do?CMD=selectPage&caller=TK&choice=1&rdoSelect=1&rdoSelectJoken=1&rdoSelectSort=1&sortValue=1&dispCount=50&licenseNoKbn=29&pageCount=1&pageListNo1=1&pageListNo2=1,未調査,0,,,国土交通省公開検索から自動発見
MLIT-29-00000281,奈良県,000281,学園前不動産,奈良県,2026-09-02,https://etsuran2.mlit.go.jp/TAKKEN/takkenKensaku.do?CMD=selectPage&caller=TK&choice=1&rdoSelect=1&rdoSelectJoken=1&rdoSelectSort=1&sortValue=1&dispCount=50&licenseNoKbn=29&pageCount=1&pageListNo1=1&pageListNo2=1,未調査,0,,,国土交通省公開検索から自動発見
MLIT-30-00000008,和歌山県,000008,ニコニコ不動産サービス,和歌山県,2026-09-03,https://etsuran2.mlit.go.jp/TAKKEN/takkenKensaku.do?CMD=selectPage&caller=TK&choice=1&rdoSelect=1&rdoSelectJoken=1&rdoSelectSort=1&sortValue=1&dispCount=50&licenseNoKbn=30&pageCount=1&pageListNo1=1&pageListNo2=1,未調査,0,,,国土交通省公開検索から自動発見
MLIT-30-00000186,和歌山県,000186,東久不動産株式会社 ※,和歌山県,2026-09-03,https://etsuran2.mlit.go.jp/TAKKEN/takkenKensaku.do?CMD=selectPage&caller=TK&choice=1&rdoSelect=1&rdoSelectJoken=1&rdoSelectSort=1&sortValue=1&dispCount=50&licenseNoKbn=30&pageCount=1&pageListNo1=1&pageListNo2=1,未調査,0,,,国土交通省公開検索から自動発見
MLIT-30-00000314,和歌山県,000314,大和住宅株式会社,和歌山県,2026-09-03,https://etsuran2.mlit.go.jp/TAKKEN/takkenKensaku.do?CMD=selectPage&caller=TK&choice=1&rdoSelect=1&rdoSelectJoken=1&rdoSelectSort=1&sortValue=1&dispCount=50&licenseNoKbn=30&pageCount=1&pageListNo1=1&pageListNo2=1,未調査,0,,,国土交通省公開検索から自動発見
MLIT-30-00000470,和歌山県,000470,敷島不動産株式会社,和歌山県,2026-09-03,https://etsuran2.mlit.go.jp/TAKKEN/takkenKensaku.do?CMD=selectPage&caller=TK&choice=1&rdoSelect=1&rdoSelectJoken=1&rdoSelectSort=1&sortValue=1&dispCount=50&licenseNoKbn=30&pageCount=1&pageListNo1=1&pageListNo2=1,未調査,0,,,国土交通省公開検索から自動発見
MLIT-30-00000524,和歌山県,000524,ツツヰ不動産株式会社 ※,和歌山県,2026-09-03,https://etsuran2.mlit.go.jp/TAKKEN/takkenKensaku.do?CMD=selectPage&caller=TK&choice=1&rdoSelect=1&rdoSelectJoken=1&rdoSelectSort=1&sortValue=1&dispCount=50&licenseNoKbn=30&pageCount=1&pageListNo1=1&pageListNo2=1,未調査,0,,,国土交通省公開検索から自動発見
MLIT-30-00000536,和歌山県,000536,沼田興産株式会社 ※,和歌山県,2026-09-03,https://etsuran2.mlit.go.jp/TAKKEN/takkenKensaku.do?CMD=selectPage&caller=TK&choice=1&rdoSelect=1&rdoSelectJoken=1&rdoSelectSort=1&sortValue=1&dispCount=50&licenseNoKbn=30&pageCount=1&pageListNo1=1&pageListNo2=1,未調査,0,,,国土交通省公開検索から自動発見
MLIT-30-00000636,和歌山県,000636,有限会社大邦分譲住宅,和歌山県,2026-09-03,https://etsuran2.mlit.go.jp/TAKKEN/takkenKensaku.do?CMD=selectPage&caller=TK&choice=1&rdoSelect=1&rdoSelectJoken=1&rdoSelectSort=1&sortValue=1&dispCount=50&licenseNoKbn=30&pageCount=1&pageListNo1=1&pageListNo2=1,未調査,0,,,国土交通省公開検索から自動発見
MLIT-30-00000647,和歌山県,000647,昌栄興産株式会社,和歌山県,2026-09-03,https://etsuran2.mlit.go.jp/TAKKEN/takkenKensaku.do?CMD=selectPage&caller=TK&choice=1&rdoSelect=1&rdoSelectJoken=1&rdoSelectSort=1&sortValue=1&dispCount=50&licenseNoKbn=30&pageCount=1&pageListNo1=1&pageListNo2=1,未調査,0,,,国土交通省公開検索から自動発見
MLIT-30-00000661,和歌山県,000661,長尾産業株式会社,和歌山県,2026-09-03,https://etsuran2.mlit.go.jp/TAKKEN/takkenKensaku.do?CMD=selectPage&caller=TK&choice=1&rdoSelect=1&rdoSelectJoken=1&rdoSelectSort=1&sortValue=1&dispCount=50&licenseNoKbn=30&pageCount=1&pageListNo1=1&pageListNo2=1,未調査,0,,,国土交通省公開検索から自動発見
MLIT-30-00000681,和歌山県,000681,かつらぎ不動産株式会社,和歌山県,2026-09-03,https://etsuran2.mlit.go.jp/TAKKEN/takkenKensaku.do?CMD=selectPage&caller=TK&choice=1&rdoSelect=1&rdoSelectJoken=1&rdoSelectSort=1&sortValue=1&dispCount=50&licenseNoKbn=30&pageCount=1&pageListNo1=1&pageListNo2=1,未調査,0,,,国土交通省公開検索から自動発見
MLIT-31-00000025,鳥取県,000025,日興土地観光有限会社,鳥取県,2026-09-04,https://etsuran2.mlit.go.jp/TAKKEN/takkenKensaku.do?CMD=selectPage&caller=TK&choice=1&rdoSelect=1&rdoSelectJoken=1&rdoSelectSort=1&sortValue=1&dispCount=50&licenseNoKbn=31&pageCount=1&pageListNo1=1&pageListNo2=1,未調査,0,,,国土交通省公開検索から自動発見
MLIT-31-00000063,鳥取県,000063,一般財団法人鳥取開発公社,鳥取県,2026-09-04,https://etsuran2.mlit.go.jp/TAKKEN/takkenKensaku.do?CMD=selectPage&caller=TK&choice=1&rdoSelect=1&rdoSelectJoken=1&rdoSelectSort=1&sortValue=1&dispCount=50&licenseNoKbn=31&pageCount=1&pageListNo1=1&pageListNo2=1,未調査,0,,,国土交通省公開検索から自動発見
MLIT-31-00000064,鳥取県,000064,三光商事有限会社,鳥取県,2026-09-04,https://etsuran2.mlit.go.jp/TAKKEN/takkenKensaku.do?CMD=selectPage&caller=TK&choice=1&rdoSelect=1&rdoSelectJoken=1&rdoSelectSort=1&sortValue=1&dispCount=50&licenseNoKbn=31&pageCount=1&pageListNo1=1&pageListNo2=1,未調査,0,,,国土交通省公開検索から自動発見
MLIT-31-00000067,鳥取県,000067,株式会社観光,鳥取県,2026-09-04,https://etsuran2.mlit.go.jp/TAKKEN/takkenKensaku.do?CMD=selectPage&caller=TK&choice=1&rdoSelect=1&rdoSelectJoken=1&rdoSelectSort=1&sortValue=1&dispCount=50&licenseNoKbn=31&pageCount=1&pageListNo1=1&pageListNo2=1,未調査,0,,,国土交通省公開検索から自動発見
MLIT-31-00000094,鳥取県,000094,株式会社海南開発,鳥取県,2026-09-04,https://etsuran2.mlit.go.jp/TAKKEN/takkenKensaku.do?CMD=selectPage&caller=TK&choice=1&rdoSelect=1&rdoSelectJoken=1&rdoSelectSort=1&sortValue=1&dispCount=50&licenseNoKbn=31&pageCount=1&pageListNo1=1&pageListNo2=1,未調査,0,,,国土交通省公開検索から自動発見
MLIT-31-00000120,鳥取県,000120,株式会社エヌケーシー,鳥取県,2026-09-04,https://etsuran2.mlit.go.jp/TAKKEN/takkenKensaku.do?CMD=selectPage&caller=TK&choice=1&rdoSelect=1&rdoSelectJoken=1&rdoSelectSort=1&sortValue=1&dispCount=50&licenseNoKbn=31&pageCount=1&pageListNo1=1&pageListNo2=1,未調査,0,,,国土交通省公開検索から自動発見
MLIT-31-00000154,鳥取県,000154,第一産業株式会社,鳥取県,2026-09-04,https://etsuran2.mlit.go.jp/TAKKEN/takkenKensaku.do?CMD=selectPage&caller=TK&choice=1&rdoSelect=1&rdoSelectJoken=1&rdoSelectSort=1&sortValue=1&dispCount=50&licenseNoKbn=31&pageCount=1&pageListNo1=1&pageListNo2=1,未調査,0,,,国土交通省公開検索から自動発見
MLIT-31-00000169,鳥取県,000169,東光産業有限会社,鳥取県,2026-09-04,https://etsuran2.mlit.go.jp/TAKKEN/takkenKensaku.do?CMD=selectPage&caller=TK&choice=1&rdoSelect=1&rdoSelectJoken=1&rdoSelectSort=1&sortValue=1&dispCount=50&licenseNoKbn=31&pageCount=1&pageListNo1=1&pageListNo2=1,未調査,0,,,国土交通省公開検索から自動発見
MLIT-31-00000214,鳥取県,000214,日本土地株式会社,鳥取県,2026-09-04,https://etsuran2.mlit.go.jp/TAKKEN/takkenKensaku.do?CMD=selectPage&caller=TK&choice=1&rdoSelect=1&rdoSelectJoken=1&rdoSelectSort=1&sortValue=1&dispCount=50&licenseNoKbn=31&pageCount=1&pageListNo1=1&pageListNo2=1,未調査,0,,,国土交通省公開検索から自動発見
MLIT-31-00000231,鳥取県,000231,皆生温泉土地株式会社,鳥取県,2026-09-04,https://etsuran2.mlit.go.jp/TAKKEN/takkenKensaku.do?CMD=selectPage&caller=TK&choice=1&rdoSelect=1&rdoSelectJoken=1&rdoSelectSort=1&sortValue=1&dispCount=50&licenseNoKbn=31&pageCount=1&pageListNo1=1&pageListNo2=1,未調査,0,,,国土交通省公開検索から自動発見
